[2023-11-13 14:38:36.564] [info] Loaded model JA1_SCALED from file ..\model\JA1_SCALED_Osim4_Muscles.osim
[2023-11-13 14:57:40.736] [info] Loaded model JA1_SCALED from file ..\model\JA1_SCALED_Osim4_Muscles.osim
[2023-11-13 14:59:18.187] [info] Loaded model JA1_SCALED from file ..\model\JA1_SCALED_Osim4_Muscles.osim
[2023-11-13 15:05:03.421] [info] Loaded model JA1_SCALED from file ..\model\JA1_SCALED_Osim4_Muscles.osim
[2023-11-13 15:25:39.533] [info] ========================================================================
[2023-11-13 15:25:39.533] [info] MocoCasADiSolver starting.
[2023-11-13 15:25:39.542] [info] Mon Nov 13 15:25:39 2023
[2023-11-13 15:25:39.542] [info] ------------------------------------------------------------------------
[2023-11-13 15:25:39.542] [cout] [info] Costs: (total: 5)
[2023-11-13 15:25:39.542] [cout] [info]   state_tracking. MocoStateTrackingGoal, enabled: true, mode: cost, weight: 1.0
[2023-11-13 15:25:39.542] [cout] [info]         state: /jointset/ground_pelvis/pelvis_tilt/value, weight: 10.0
[2023-11-13 15:25:39.542] [cout] [info]         state: /jointset/ground_pelvis/pelvis_list/value, weight: 10.0
[2023-11-13 15:25:39.542] [cout] [info]         state: /jointset/ground_pelvis/pelvis_rotation/value, weight: 10.0
[2023-11-13 15:25:39.542] [cout] [info]         state: /jointset/ground_pelvis/pelvis_tx/value, weight: 5.0
[2023-11-13 15:25:39.542] [cout] [info]         state: /jointset/ground_pelvis/pelvis_ty/value, weight: 0.1
[2023-11-13 15:25:39.542] [cout] [info]         state: /jointset/ground_pelvis/pelvis_tz/value, weight: 2.5
[2023-11-13 15:25:39.542] [cout] [info]         state: /jointset/hip_r/hip_flexion_r/value, weight: 10.0
[2023-11-13 15:25:39.542] [cout] [info]         state: /jointset/hip_r/hip_adduction_r/value, weight: 5.0
[2023-11-13 15:25:39.542] [cout] [info]         state: /jointset/hip_r/hip_rotation_r/value, weight: 2.5
[2023-11-13 15:25:39.543] [cout] [info]         state: /jointset/hip_l/hip_flexion_l/value, weight: 10.0
[2023-11-13 15:25:39.543] [cout] [info]         state: /jointset/hip_l/hip_adduction_l/value, weight: 5.0
[2023-11-13 15:25:39.543] [cout] [info]         state: /jointset/hip_l/hip_rotation_l/value, weight: 2.5
[2023-11-13 15:25:39.543] [cout] [info]         state: /jointset/back/lumbar_extension/value, weight: 15.0
[2023-11-13 15:25:39.543] [cout] [info]         state: /jointset/back/lumbar_bending/value, weight: 10.0
[2023-11-13 15:25:39.543] [cout] [info]         state: /jointset/back/lumbar_rotation/value, weight: 5.0
[2023-11-13 15:25:39.543] [cout] [info]         state: /jointset/knee_r/knee_angle_r/value, weight: 10.0
[2023-11-13 15:25:39.543] [cout] [info]         state: /jointset/knee_l/knee_angle_l/value, weight: 10.0
[2023-11-13 15:25:39.543] [cout] [info]         state: /jointset/acromial_r/arm_flex_r/value, weight: 2.5
[2023-11-13 15:25:39.543] [cout] [info]         state: /jointset/acromial_r/arm_add_r/value, weight: 1.0
[2023-11-13 15:25:39.543] [cout] [info]         state: /jointset/acromial_r/arm_rot_r/value, weight: 1.0
[2023-11-13 15:25:39.543] [cout] [info]         state: /jointset/acromial_l/arm_flex_l/value, weight: 2.5
[2023-11-13 15:25:39.543] [cout] [info]         state: /jointset/acromial_l/arm_add_l/value, weight: 1.0
[2023-11-13 15:25:39.543] [cout] [info]         state: /jointset/acromial_l/arm_rot_l/value, weight: 1.0
[2023-11-13 15:25:39.543] [cout] [info]         state: /jointset/ankle_r/ankle_angle_r/value, weight: 2.5
[2023-11-13 15:25:39.543] [cout] [info]         state: /jointset/ankle_l/ankle_angle_l/value, weight: 2.5
[2023-11-13 15:25:39.543] [cout] [info]         state: /jointset/elbow_r/elbow_flex_r/value, weight: 5.0
[2023-11-13 15:25:39.543] [cout] [info]         state: /jointset/elbow_l/elbow_flex_l/value, weight: 5.0
[2023-11-13 15:25:39.543] [cout] [info]         state: /jointset/subtalar_r/subtalar_angle_r/value, weight: 1.0
[2023-11-13 15:25:39.543] [cout] [info]         state: /jointset/subtalar_l/subtalar_angle_l/value, weight: 1.0
[2023-11-13 15:25:39.543] [cout] [info]         state: /jointset/radioulnar_r/pro_sup_r/value, weight: 1.0
[2023-11-13 15:25:39.543] [cout] [info]         state: /jointset/radioulnar_l/pro_sup_l/value, weight: 1.0
[2023-11-13 15:25:39.543] [cout] [info]         state: /jointset/mtp_r/mtp_angle_r/value, weight: 0.5
[2023-11-13 15:25:39.543] [cout] [info]         state: /jointset/mtp_l/mtp_angle_l/value, weight: 0.5
[2023-11-13 15:25:39.543] [cout] [info]         state: /jointset/ground_pelvis/pelvis_tilt/speed, weight: 0.01
[2023-11-13 15:25:39.543] [cout] [info]         state: /jointset/ground_pelvis/pelvis_list/speed, weight: 0.01
[2023-11-13 15:25:39.543] [cout] [info]         state: /jointset/ground_pelvis/pelvis_rotation/speed, weight: 0.01
[2023-11-13 15:25:39.543] [cout] [info]         state: /jointset/ground_pelvis/pelvis_tx/speed, weight: 0.00500000
[2023-11-13 15:25:39.543] [cout] [info]         state: /jointset/ground_pelvis/pelvis_ty/speed, weight: 0.000100000
[2023-11-13 15:25:39.543] [cout] [info]         state: /jointset/ground_pelvis/pelvis_tz/speed, weight: 0.00250000
[2023-11-13 15:25:39.543] [cout] [info]         state: /jointset/hip_r/hip_flexion_r/speed, weight: 0.01
[2023-11-13 15:25:39.543] [cout] [info]         state: /jointset/hip_r/hip_adduction_r/speed, weight: 0.00500000
[2023-11-13 15:25:39.543] [cout] [info]         state: /jointset/hip_r/hip_rotation_r/speed, weight: 0.00250000
[2023-11-13 15:25:39.543] [cout] [info]         state: /jointset/hip_l/hip_flexion_l/speed, weight: 0.01
[2023-11-13 15:25:39.543] [cout] [info]         state: /jointset/hip_l/hip_adduction_l/speed, weight: 0.00500000
[2023-11-13 15:25:39.543] [cout] [info]         state: /jointset/hip_l/hip_rotation_l/speed, weight: 0.00250000
[2023-11-13 15:25:39.543] [cout] [info]         state: /jointset/back/lumbar_extension/speed, weight: 0.015
[2023-11-13 15:25:39.543] [cout] [info]         state: /jointset/back/lumbar_bending/speed, weight: 0.01
[2023-11-13 15:25:39.543] [cout] [info]         state: /jointset/back/lumbar_rotation/speed, weight: 0.00500000
[2023-11-13 15:25:39.543] [cout] [info]         state: /jointset/knee_r/knee_angle_r/speed, weight: 0.01
[2023-11-13 15:25:39.543] [cout] [info]         state: /jointset/knee_l/knee_angle_l/speed, weight: 0.01
[2023-11-13 15:25:39.543] [cout] [info]         state: /jointset/acromial_r/arm_flex_r/speed, weight: 0.00250000
[2023-11-13 15:25:39.543] [cout] [info]         state: /jointset/acromial_r/arm_add_r/speed, weight: 0.00100000
[2023-11-13 15:25:39.543] [cout] [info]         state: /jointset/acromial_r/arm_rot_r/speed, weight: 0.00100000
[2023-11-13 15:25:39.543] [cout] [info]         state: /jointset/acromial_l/arm_flex_l/speed, weight: 0.00250000
[2023-11-13 15:25:39.543] [cout] [info]         state: /jointset/acromial_l/arm_add_l/speed, weight: 0.00100000
[2023-11-13 15:25:39.543] [cout] [info]         state: /jointset/acromial_l/arm_rot_l/speed, weight: 0.00100000
[2023-11-13 15:25:39.543] [cout] [info]         state: /jointset/ankle_r/ankle_angle_r/speed, weight: 0.00250000
[2023-11-13 15:25:39.543] [cout] [info]         state: /jointset/ankle_l/ankle_angle_l/speed, weight: 0.00250000
[2023-11-13 15:25:39.543] [cout] [info]         state: /jointset/elbow_r/elbow_flex_r/speed, weight: 0.00500000
[2023-11-13 15:25:39.543] [cout] [info]         state: /jointset/elbow_l/elbow_flex_l/speed, weight: 0.00500000
[2023-11-13 15:25:39.543] [cout] [info]         state: /jointset/subtalar_r/subtalar_angle_r/speed, weight: 0.00100000
[2023-11-13 15:25:39.543] [cout] [info]         state: /jointset/subtalar_l/subtalar_angle_l/speed, weight: 0.00100000
[2023-11-13 15:25:39.543] [cout] [info]         state: /jointset/radioulnar_r/pro_sup_r/speed, weight: 0.00100000
[2023-11-13 15:25:39.543] [cout] [info]         state: /jointset/radioulnar_l/pro_sup_l/speed, weight: 0.00100000
[2023-11-13 15:25:39.543] [cout] [info]         state: /jointset/mtp_r/mtp_angle_r/speed, weight: 0.000500000
[2023-11-13 15:25:39.543] [cout] [info]         state: /jointset/mtp_l/mtp_angle_l/speed, weight: 0.000500000
[2023-11-13 15:25:39.543] [cout] [info]   control_effort. MocoControlGoal, enabled: true, mode: cost, weight: 0.00100000
[2023-11-13 15:25:39.543] [cout] [info]         control: /forceset/glut_med1_r, weight: 1.0
[2023-11-13 15:25:39.543] [cout] [info]         control: /forceset/glut_med2_r, weight: 1.0
[2023-11-13 15:25:39.543] [cout] [info]         control: /forceset/glut_med3_r, weight: 1.0
[2023-11-13 15:25:39.543] [cout] [info]         control: /forceset/glut_min1_r, weight: 1.0
[2023-11-13 15:25:39.543] [cout] [info]         control: /forceset/glut_min2_r, weight: 1.0
[2023-11-13 15:25:39.543] [cout] [info]         control: /forceset/glut_min3_r, weight: 1.0
[2023-11-13 15:25:39.543] [cout] [info]         control: /forceset/semimem_r, weight: 1.0
[2023-11-13 15:25:39.543] [cout] [info]         control: /forceset/semiten_r, weight: 1.0
[2023-11-13 15:25:39.543] [cout] [info]         control: /forceset/bifemlh_r, weight: 1.0
[2023-11-13 15:25:39.543] [cout] [info]         control: /forceset/bifemsh_r, weight: 1.0
[2023-11-13 15:25:39.543] [cout] [info]         control: /forceset/sar_r, weight: 1.0
[2023-11-13 15:25:39.543] [cout] [info]         control: /forceset/add_long_r, weight: 1.0
[2023-11-13 15:25:39.543] [cout] [info]         control: /forceset/add_brev_r, weight: 1.0
[2023-11-13 15:25:39.543] [cout] [info]         control: /forceset/add_mag1_r, weight: 1.0
[2023-11-13 15:25:39.543] [cout] [info]         control: /forceset/add_mag2_r, weight: 1.0
[2023-11-13 15:25:39.544] [cout] [info]         control: /forceset/add_mag3_r, weight: 1.0
[2023-11-13 15:25:39.544] [cout] [info]         control: /forceset/tfl_r, weight: 1.0
[2023-11-13 15:25:39.544] [cout] [info]         control: /forceset/pect_r, weight: 1.0
[2023-11-13 15:25:39.544] [cout] [info]         control: /forceset/grac_r, weight: 1.0
[2023-11-13 15:25:39.544] [cout] [info]         control: /forceset/glut_max1_r, weight: 1.0
[2023-11-13 15:25:39.544] [cout] [info]         control: /forceset/glut_max2_r, weight: 1.0
[2023-11-13 15:25:39.544] [cout] [info]         control: /forceset/glut_max3_r, weight: 1.0
[2023-11-13 15:25:39.544] [cout] [info]         control: /forceset/iliacus_r, weight: 1.0
[2023-11-13 15:25:39.544] [cout] [info]         control: /forceset/psoas_r, weight: 1.0
[2023-11-13 15:25:39.544] [cout] [info]         control: /forceset/quad_fem_r, weight: 1.0
[2023-11-13 15:25:39.544] [cout] [info]         control: /forceset/gem_r, weight: 1.0
[2023-11-13 15:25:39.544] [cout] [info]         control: /forceset/peri_r, weight: 1.0
[2023-11-13 15:25:39.544] [cout] [info]         control: /forceset/rect_fem_r, weight: 1.0
[2023-11-13 15:25:39.544] [cout] [info]         control: /forceset/vas_med_r, weight: 1.0
[2023-11-13 15:25:39.544] [cout] [info]         control: /forceset/vas_int_r, weight: 1.0
[2023-11-13 15:25:39.544] [cout] [info]         control: /forceset/vas_lat_r, weight: 1.0
[2023-11-13 15:25:39.544] [cout] [info]         control: /forceset/med_gas_r, weight: 1.0
[2023-11-13 15:25:39.544] [cout] [info]         control: /forceset/lat_gas_r, weight: 1.0
[2023-11-13 15:25:39.544] [cout] [info]         control: /forceset/soleus_r, weight: 1.0
[2023-11-13 15:25:39.544] [cout] [info]         control: /forceset/tib_post_r, weight: 1.0
[2023-11-13 15:25:39.544] [cout] [info]         control: /forceset/flex_dig_r, weight: 1.0
[2023-11-13 15:25:39.544] [cout] [info]         control: /forceset/flex_hal_r, weight: 1.0
[2023-11-13 15:25:39.544] [cout] [info]         control: /forceset/tib_ant_r, weight: 1.0
[2023-11-13 15:25:39.544] [cout] [info]         control: /forceset/per_brev_r, weight: 1.0
[2023-11-13 15:25:39.544] [cout] [info]         control: /forceset/per_long_r, weight: 1.0
[2023-11-13 15:25:39.544] [cout] [info]         control: /forceset/per_tert_r, weight: 1.0
[2023-11-13 15:25:39.544] [cout] [info]         control: /forceset/ext_dig_r, weight: 1.0
[2023-11-13 15:25:39.544] [cout] [info]         control: /forceset/ext_hal_r, weight: 1.0
[2023-11-13 15:25:39.544] [cout] [info]         control: /forceset/lumbar_extension_actuator, weight: 0.1
[2023-11-13 15:25:39.544] [cout] [info]         control: /forceset/lumbar_bending_actuator, weight: 0.1
[2023-11-13 15:25:39.544] [cout] [info]         control: /forceset/lumbar_rotation_actuator, weight: 0.1
[2023-11-13 15:25:39.544] [cout] [info]         control: /forceset/arm_flex_r_actuator, weight: 0.1
[2023-11-13 15:25:39.544] [cout] [info]         control: /forceset/arm_add_r_actuator, weight: 0.1
[2023-11-13 15:25:39.544] [cout] [info]         control: /forceset/arm_rot_r_actuator, weight: 0.1
[2023-11-13 15:25:39.544] [cout] [info]         control: /forceset/elbow_flex_r_actuator, weight: 0.1
[2023-11-13 15:25:39.544] [cout] [info]         control: /forceset/pro_sup_r_actuator, weight: 0.1
[2023-11-13 15:25:39.544] [cout] [info]         control: /forceset/arm_flex_l_actuator, weight: 0.1
[2023-11-13 15:25:39.544] [cout] [info]         control: /forceset/arm_add_l_actuator, weight: 0.1
[2023-11-13 15:25:39.544] [cout] [info]         control: /forceset/arm_rot_l_actuator, weight: 0.1
[2023-11-13 15:25:39.544] [cout] [info]         control: /forceset/elbow_flex_l_actuator, weight: 0.1
[2023-11-13 15:25:39.544] [cout] [info]         control: /forceset/pro_sup_l_actuator, weight: 0.1
[2023-11-13 15:25:39.544] [cout] [info]         control: /forceset/hip_flexion_l_actuator, weight: 0.1
[2023-11-13 15:25:39.544] [cout] [info]         control: /forceset/hip_adduction_l_actuator, weight: 0.1
[2023-11-13 15:25:39.544] [cout] [info]         control: /forceset/hip_rotation_l_actuator, weight: 0.1
[2023-11-13 15:25:39.544] [cout] [info]         control: /forceset/knee_angle_l_actuator, weight: 0.1
[2023-11-13 15:25:39.544] [cout] [info]         control: /forceset/ankle_angle_l_actuator, weight: 0.1
[2023-11-13 15:25:39.544] [cout] [info]         control: /forceset/subtalar_angle_l_actuator, weight: 0.1
[2023-11-13 15:25:39.544] [cout] [info]         control: /forceset/mtp_angle_l_actuator, weight: 0.1
[2023-11-13 15:25:39.544] [cout] [info]         control: /forceset/hip_flexion_r_reserve, weight: 10.0
[2023-11-13 15:25:39.544] [cout] [info]         control: /forceset/hip_adduction_r_reserve, weight: 10.0
[2023-11-13 15:25:39.544] [cout] [info]         control: /forceset/hip_rotation_r_reserve, weight: 10.0
[2023-11-13 15:25:39.544] [cout] [info]         control: /forceset/knee_angle_r_reserve, weight: 10.0
[2023-11-13 15:25:39.544] [cout] [info]         control: /forceset/ankle_angle_r_reserve, weight: 10.0
[2023-11-13 15:25:39.544] [cout] [info]         control: /forceset/subtalar_angle_r_reserve, weight: 10.0
[2023-11-13 15:25:39.544] [cout] [info]         control: /forceset/mtp_angle_r_reserve, weight: 10.0
[2023-11-13 15:25:39.544] [cout] [info]   contact0. MocoContactTrackingGoal, enabled: true, mode: cost, weight: 0.25
[2023-11-13 15:25:39.544] [cout] [info]         projection type: vector
[2023-11-13 15:25:39.544] [cout] [info]         projection vector: ~[1,0,0]
[2023-11-13 15:25:39.544] [cout] [info]         group 0: ExternalForce: LeftGRF1
[2023-11-13 15:25:39.544] [cout] [info]             forces:
[2023-11-13 15:25:39.544] [cout] [info]                 /forceset/contactForce_s1_l
[2023-11-13 15:25:39.544] [cout] [info]                 /forceset/contactForce_s2_l
[2023-11-13 15:25:39.544] [cout] [info]                 /forceset/contactForce_s3_l
[2023-11-13 15:25:39.544] [cout] [info]                 /forceset/contactForce_s4_l
[2023-11-13 15:25:39.544] [cout] [info]                 /forceset/contactForce_s5_l
[2023-11-13 15:25:39.544] [cout] [info]                 /forceset/contactForce_s6_l
[2023-11-13 15:25:39.544] [cout] [info]         group 1: ExternalForce: RightGRF1
[2023-11-13 15:25:39.544] [cout] [info]             forces:
[2023-11-13 15:25:39.544] [cout] [info]                 /forceset/contactForce_s1_r
[2023-11-13 15:25:39.544] [cout] [info]                 /forceset/contactForce_s2_r
[2023-11-13 15:25:39.544] [cout] [info]                 /forceset/contactForce_s3_r
[2023-11-13 15:25:39.544] [cout] [info]                 /forceset/contactForce_s4_r
[2023-11-13 15:25:39.544] [cout] [info]                 /forceset/contactForce_s5_r
[2023-11-13 15:25:39.544] [cout] [info]                 /forceset/contactForce_s6_r
[2023-11-13 15:25:39.544] [cout] [info]   contact1. MocoContactTrackingGoal, enabled: true, mode: cost, weight: 0.25
[2023-11-13 15:25:39.545] [cout] [info]         projection type: vector
[2023-11-13 15:25:39.545] [cout] [info]         projection vector: ~[0,1,0]
[2023-11-13 15:25:39.545] [cout] [info]         group 0: ExternalForce: LeftGRF1
[2023-11-13 15:25:39.545] [cout] [info]             forces:
[2023-11-13 15:25:39.545] [cout] [info]                 /forceset/contactForce_s1_l
[2023-11-13 15:25:39.545] [cout] [info]                 /forceset/contactForce_s2_l
[2023-11-13 15:25:39.545] [cout] [info]                 /forceset/contactForce_s3_l
[2023-11-13 15:25:39.545] [cout] [info]                 /forceset/contactForce_s4_l
[2023-11-13 15:25:39.545] [cout] [info]                 /forceset/contactForce_s5_l
[2023-11-13 15:25:39.545] [cout] [info]                 /forceset/contactForce_s6_l
[2023-11-13 15:25:39.545] [cout] [info]         group 1: ExternalForce: RightGRF1
[2023-11-13 15:25:39.545] [cout] [info]             forces:
[2023-11-13 15:25:39.545] [cout] [info]                 /forceset/contactForce_s1_r
[2023-11-13 15:25:39.545] [cout] [info]                 /forceset/contactForce_s2_r
[2023-11-13 15:25:39.545] [cout] [info]                 /forceset/contactForce_s3_r
[2023-11-13 15:25:39.545] [cout] [info]                 /forceset/contactForce_s4_r
[2023-11-13 15:25:39.545] [cout] [info]                 /forceset/contactForce_s5_r
[2023-11-13 15:25:39.545] [cout] [info]                 /forceset/contactForce_s6_r
[2023-11-13 15:25:39.545] [cout] [info]   contact2. MocoContactTrackingGoal, enabled: true, mode: cost, weight: 0.5
[2023-11-13 15:25:39.545] [cout] [info]         projection type: vector
[2023-11-13 15:25:39.545] [cout] [info]         projection vector: ~[0,0,1]
[2023-11-13 15:25:39.545] [cout] [info]         group 0: ExternalForce: LeftGRF1
[2023-11-13 15:25:39.545] [cout] [info]             forces:
[2023-11-13 15:25:39.545] [cout] [info]                 /forceset/contactForce_s1_l
[2023-11-13 15:25:39.545] [cout] [info]                 /forceset/contactForce_s2_l
[2023-11-13 15:25:39.545] [cout] [info]                 /forceset/contactForce_s3_l
[2023-11-13 15:25:39.545] [cout] [info]                 /forceset/contactForce_s4_l
[2023-11-13 15:25:39.545] [cout] [info]                 /forceset/contactForce_s5_l
[2023-11-13 15:25:39.545] [cout] [info]                 /forceset/contactForce_s6_l
[2023-11-13 15:25:39.545] [cout] [info]         group 1: ExternalForce: RightGRF1
[2023-11-13 15:25:39.545] [cout] [info]             forces:
[2023-11-13 15:25:39.545] [cout] [info]                 /forceset/contactForce_s1_r
[2023-11-13 15:25:39.545] [cout] [info]                 /forceset/contactForce_s2_r
[2023-11-13 15:25:39.545] [cout] [info]                 /forceset/contactForce_s3_r
[2023-11-13 15:25:39.545] [cout] [info]                 /forceset/contactForce_s4_r
[2023-11-13 15:25:39.545] [cout] [info]                 /forceset/contactForce_s5_r
[2023-11-13 15:25:39.545] [cout] [info]                 /forceset/contactForce_s6_r
[2023-11-13 15:25:39.545] [cout] [info] Endpoint constraints: none
[2023-11-13 15:25:39.545] [cout] [info] Kinematic constraints: none
[2023-11-13 15:25:39.545] [cout] [info] Path constraints: (total: 10)
[2023-11-13 15:25:39.545] [cout] [info]   . MocoConstraintInfo. number of scalar equations: 1. bounds: [0, 1]
[2023-11-13 15:25:39.545] [cout] [info]         output: /markerset/r_fp_heel1|location, type: SimTK::Vec3, index: 1, exponent: 1
[2023-11-13 15:25:39.545] [cout] [info]   . MocoConstraintInfo. number of scalar equations: 1. bounds: [0, 1]
[2023-11-13 15:25:39.545] [cout] [info]         output: /markerset/r_fp_heel2|location, type: SimTK::Vec3, index: 1, exponent: 1
[2023-11-13 15:25:39.545] [cout] [info]   . MocoConstraintInfo. number of scalar equations: 1. bounds: [0, 1]
[2023-11-13 15:25:39.545] [cout] [info]         output: /markerset/r_fp_mt1|location, type: SimTK::Vec3, index: 1, exponent: 1
[2023-11-13 15:25:39.545] [cout] [info]   . MocoConstraintInfo. number of scalar equations: 1. bounds: [0, 1]
[2023-11-13 15:25:39.545] [cout] [info]         output: /markerset/r_fp_mt2|location, type: SimTK::Vec3, index: 1, exponent: 1
[2023-11-13 15:25:39.545] [cout] [info]   . MocoConstraintInfo. number of scalar equations: 1. bounds: [0, 1]
[2023-11-13 15:25:39.545] [cout] [info]         output: /markerset/r_fp_toe|location, type: SimTK::Vec3, index: 1, exponent: 1
[2023-11-13 15:25:39.545] [cout] [info]   . MocoConstraintInfo. number of scalar equations: 1. bounds: [0, 1]
[2023-11-13 15:25:39.545] [cout] [info]         output: /markerset/l_fp_heel1|location, type: SimTK::Vec3, index: 1, exponent: 1
[2023-11-13 15:25:39.545] [cout] [info]   . MocoConstraintInfo. number of scalar equations: 1. bounds: [0, 1]
[2023-11-13 15:25:39.545] [cout] [info]         output: /markerset/l_fp_heel2|location, type: SimTK::Vec3, index: 1, exponent: 1
[2023-11-13 15:25:39.545] [cout] [info]   . MocoConstraintInfo. number of scalar equations: 1. bounds: [0, 1]
[2023-11-13 15:25:39.545] [cout] [info]         output: /markerset/l_fp_mt1|location, type: SimTK::Vec3, index: 1, exponent: 1
[2023-11-13 15:25:39.545] [cout] [info]   . MocoConstraintInfo. number of scalar equations: 1. bounds: [0, 1]
[2023-11-13 15:25:39.545] [cout] [info]         output: /markerset/l_fp_mt2|location, type: SimTK::Vec3, index: 1, exponent: 1
[2023-11-13 15:25:39.545] [cout] [info]   . MocoConstraintInfo. number of scalar equations: 1. bounds: [0, 1]
[2023-11-13 15:25:39.545] [cout] [info]         output: /markerset/l_fp_toe|location, type: SimTK::Vec3, index: 1, exponent: 1
[2023-11-13 15:25:39.545] [cout] [info] States: (total: 109)
[2023-11-13 15:25:39.545] [cout] [info]   /jointset/ground_pelvis/pelvis_tilt/value. bounds: [-1.5708, 1.5708]
[2023-11-13 15:25:39.545] [cout] [info]   /jointset/ground_pelvis/pelvis_list/value. bounds: [-1.5708, 1.5708]
[2023-11-13 15:25:39.545] [cout] [info]   /jointset/radioulnar_r/pro_sup_r/value. bounds: [0, 3.1416]
[2023-11-13 15:25:39.545] [cout] [info]   /jointset/ground_pelvis/pelvis_rotation/value. bounds: [-1.5708, 1.5708]
[2023-11-13 15:25:39.545] [cout] [info]   /jointset/ground_pelvis/pelvis_tx/value. bounds: [-20, 20]
[2023-11-13 15:25:39.545] [cout] [info]   /jointset/elbow_r/elbow_flex_r/value. bounds: [-0.17453, 2.618]
[2023-11-13 15:25:39.545] [cout] [info]   /jointset/ground_pelvis/pelvis_ty/value. bounds: [-2, 4]
[2023-11-13 15:25:39.545] [cout] [info]   /jointset/ground_pelvis/pelvis_tz/value. bounds: [-5, 5]
[2023-11-13 15:25:39.546] [cout] [info]   /jointset/hip_r/hip_adduction_r/speed. bounds: [-50, 50]
[2023-11-13 15:25:39.546] [cout] [info]   /jointset/ankle_r/ankle_angle_r/value. bounds: [-1.0472, 0.69813]
[2023-11-13 15:25:39.546] [cout] [info]   /jointset/hip_r/hip_flexion_r/value. bounds: [-0.69813, 1.7453]
[2023-11-13 15:25:39.546] [cout] [info]   /jointset/hip_r/hip_adduction_r/value. bounds: [-0.5236, 0.5236]
[2023-11-13 15:25:39.546] [cout] [info]   /jointset/back/lumbar_rotation/speed. bounds: [-50, 50]
[2023-11-13 15:25:39.546] [cout] [info]   /jointset/hip_r/hip_rotation_r/value. bounds: [-0.5236, 0.5236]
[2023-11-13 15:25:39.546] [cout] [info]   /jointset/mtp_l/mtp_angle_l/speed. bounds: [-50, 50]
[2023-11-13 15:25:39.546] [cout] [info]   /jointset/knee_r/knee_angle_r/value. bounds: [-2.7925, 0.17453]
[2023-11-13 15:25:39.546] [cout] [info]   /jointset/hip_l/hip_flexion_l/value. bounds: [-0.69813, 1.7453]
[2023-11-13 15:25:39.546] [cout] [info]   /jointset/subtalar_r/subtalar_angle_r/value. bounds: [-0.87266, 0.87266]
[2023-11-13 15:25:39.546] [cout] [info]   /jointset/mtp_r/mtp_angle_r/value. bounds: [-1.0472, 1.0472]
[2023-11-13 15:25:39.546] [cout] [info]   /jointset/hip_l/hip_adduction_l/value. bounds: [-0.5236, 0.5236]
[2023-11-13 15:25:39.546] [cout] [info]   /jointset/hip_l/hip_rotation_l/value. bounds: [-0.5236, 0.5236]
[2023-11-13 15:25:39.546] [cout] [info]   /forceset/glut_min1_r/activation. bounds: [0.01, 1]
[2023-11-13 15:25:39.546] [cout] [info]   /jointset/knee_l/knee_angle_l/value. bounds: [-2.7925, 0.17453]
[2023-11-13 15:25:39.546] [cout] [info]   /jointset/knee_r/knee_angle_r/speed. bounds: [-50, 50]
[2023-11-13 15:25:39.546] [cout] [info]   /jointset/ankle_l/ankle_angle_l/value. bounds: [-1.0472, 0.69813]
[2023-11-13 15:25:39.546] [cout] [info]   /jointset/subtalar_l/subtalar_angle_l/value. bounds: [-0.87266, 0.87266]
[2023-11-13 15:25:39.546] [cout] [info]   /jointset/mtp_l/mtp_angle_l/value. bounds: [-1.0472, 1.0472]
[2023-11-13 15:25:39.546] [cout] [info]   /forceset/bifemsh_r/activation. bounds: [0.01, 1]
[2023-11-13 15:25:39.546] [cout] [info]   /jointset/back/lumbar_extension/value. bounds: [-0.7854, 0.17453]
[2023-11-13 15:25:39.546] [cout] [info]   /jointset/back/lumbar_bending/value. bounds: [-0.34907, 0.34907]
[2023-11-13 15:25:39.546] [cout] [info]   /jointset/back/lumbar_rotation/value. bounds: [-0.5236, 0.5236]
[2023-11-13 15:25:39.546] [cout] [info]   /jointset/acromial_r/arm_flex_r/value. bounds: [-1.5708, 1.5708]
[2023-11-13 15:25:39.546] [cout] [info]   /jointset/acromial_r/arm_add_r/value. bounds: [-2.0944, 1.5708]
[2023-11-13 15:25:39.546] [cout] [info]   /jointset/acromial_r/arm_rot_r/value. bounds: [-1.5708, 1.5708]
[2023-11-13 15:25:39.546] [cout] [info]   /jointset/acromial_l/arm_flex_l/value. bounds: [-1.5708, 1.5708]
[2023-11-13 15:25:39.546] [cout] [info]   /jointset/acromial_l/arm_add_l/value. bounds: [-2.0944, 1.5708]
[2023-11-13 15:25:39.546] [cout] [info]   /jointset/acromial_l/arm_rot_l/value. bounds: [-1.5708, 1.5708]
[2023-11-13 15:25:39.546] [cout] [info]   /jointset/elbow_l/elbow_flex_l/value. bounds: [-0.17453, 2.618]
[2023-11-13 15:25:39.546] [cout] [info]   /jointset/radioulnar_l/pro_sup_l/value. bounds: [0, 3.1416]
[2023-11-13 15:25:39.546] [cout] [info]   /jointset/ground_pelvis/pelvis_tilt/speed. bounds: [-50, 50]
[2023-11-13 15:25:39.546] [cout] [info]   /jointset/ground_pelvis/pelvis_list/speed. bounds: [-50, 50]
[2023-11-13 15:25:39.546] [cout] [info]   /jointset/radioulnar_r/pro_sup_r/speed. bounds: [-50, 50]
[2023-11-13 15:25:39.546] [cout] [info]   /jointset/ground_pelvis/pelvis_rotation/speed. bounds: [-50, 50]
[2023-11-13 15:25:39.546] [cout] [info]   /jointset/ground_pelvis/pelvis_tx/speed. bounds: [-50, 50]
[2023-11-13 15:25:39.546] [cout] [info]   /jointset/elbow_r/elbow_flex_r/speed. bounds: [-50, 50]
[2023-11-13 15:25:39.546] [cout] [info]   /jointset/ground_pelvis/pelvis_ty/speed. bounds: [-50, 50]
[2023-11-13 15:25:39.546] [cout] [info]   /jointset/ground_pelvis/pelvis_tz/speed. bounds: [-50, 50]
[2023-11-13 15:25:39.546] [cout] [info]   /jointset/ankle_r/ankle_angle_r/speed. bounds: [-50, 50]
[2023-11-13 15:25:39.546] [cout] [info]   /jointset/hip_r/hip_flexion_r/speed. bounds: [-50, 50]
[2023-11-13 15:25:39.546] [cout] [info]   /jointset/hip_r/hip_rotation_r/speed. bounds: [-50, 50]
[2023-11-13 15:25:39.546] [cout] [info]   /jointset/hip_l/hip_flexion_l/speed. bounds: [-50, 50]
[2023-11-13 15:25:39.546] [cout] [info]   /jointset/subtalar_r/subtalar_angle_r/speed. bounds: [-50, 50]
[2023-11-13 15:25:39.546] [cout] [info]   /jointset/mtp_r/mtp_angle_r/speed. bounds: [-50, 50]
[2023-11-13 15:25:39.546] [cout] [info]   /jointset/hip_l/hip_adduction_l/speed. bounds: [-50, 50]
[2023-11-13 15:25:39.546] [cout] [info]   /jointset/hip_l/hip_rotation_l/speed. bounds: [-50, 50]
[2023-11-13 15:25:39.546] [cout] [info]   /jointset/knee_l/knee_angle_l/speed. bounds: [-50, 50]
[2023-11-13 15:25:39.546] [cout] [info]   /jointset/ankle_l/ankle_angle_l/speed. bounds: [-50, 50]
[2023-11-13 15:25:39.546] [cout] [info]   /jointset/subtalar_l/subtalar_angle_l/speed. bounds: [-50, 50]
[2023-11-13 15:25:39.546] [cout] [info]   /jointset/back/lumbar_extension/speed. bounds: [-50, 50]
[2023-11-13 15:25:39.546] [cout] [info]   /jointset/back/lumbar_bending/speed. bounds: [-50, 50]
[2023-11-13 15:25:39.546] [cout] [info]   /jointset/acromial_r/arm_flex_r/speed. bounds: [-50, 50]
[2023-11-13 15:25:39.547] [cout] [info]   /jointset/acromial_r/arm_add_r/speed. bounds: [-50, 50]
[2023-11-13 15:25:39.547] [cout] [info]   /jointset/acromial_r/arm_rot_r/speed. bounds: [-50, 50]
[2023-11-13 15:25:39.547] [cout] [info]   /jointset/acromial_l/arm_flex_l/speed. bounds: [-50, 50]
[2023-11-13 15:25:39.547] [cout] [info]   /jointset/acromial_l/arm_add_l/speed. bounds: [-50, 50]
[2023-11-13 15:25:39.547] [cout] [info]   /jointset/acromial_l/arm_rot_l/speed. bounds: [-50, 50]
[2023-11-13 15:25:39.547] [cout] [info]   /jointset/elbow_l/elbow_flex_l/speed. bounds: [-50, 50]
[2023-11-13 15:25:39.547] [cout] [info]   /jointset/radioulnar_l/pro_sup_l/speed. bounds: [-50, 50]
[2023-11-13 15:25:39.547] [cout] [info]   /forceset/glut_med1_r/activation. bounds: [0.01, 1]
[2023-11-13 15:25:39.547] [cout] [info]   /forceset/glut_med2_r/activation. bounds: [0.01, 1]
[2023-11-13 15:25:39.547] [cout] [info]   /forceset/glut_med3_r/activation. bounds: [0.01, 1]
[2023-11-13 15:25:39.547] [cout] [info]   /forceset/glut_min2_r/activation. bounds: [0.01, 1]
[2023-11-13 15:25:39.547] [cout] [info]   /forceset/glut_min3_r/activation. bounds: [0.01, 1]
[2023-11-13 15:25:39.547] [cout] [info]   /forceset/semimem_r/activation. bounds: [0.01, 1]
[2023-11-13 15:25:39.547] [cout] [info]   /forceset/semiten_r/activation. bounds: [0.01, 1]
[2023-11-13 15:25:39.547] [cout] [info]   /forceset/bifemlh_r/activation. bounds: [0.01, 1]
[2023-11-13 15:25:39.547] [cout] [info]   /forceset/sar_r/activation. bounds: [0.01, 1]
[2023-11-13 15:25:39.547] [cout] [info]   /forceset/add_long_r/activation. bounds: [0.01, 1]
[2023-11-13 15:25:39.547] [cout] [info]   /forceset/add_brev_r/activation. bounds: [0.01, 1]
[2023-11-13 15:25:39.547] [cout] [info]   /forceset/add_mag1_r/activation. bounds: [0.01, 1]
[2023-11-13 15:25:39.547] [cout] [info]   /forceset/add_mag2_r/activation. bounds: [0.01, 1]
[2023-11-13 15:25:39.547] [cout] [info]   /forceset/add_mag3_r/activation. bounds: [0.01, 1]
[2023-11-13 15:25:39.547] [cout] [info]   /forceset/tfl_r/activation. bounds: [0.01, 1]
[2023-11-13 15:25:39.547] [cout] [info]   /forceset/pect_r/activation. bounds: [0.01, 1]
[2023-11-13 15:25:39.547] [cout] [info]   /forceset/grac_r/activation. bounds: [0.01, 1]
[2023-11-13 15:25:39.547] [cout] [info]   /forceset/glut_max1_r/activation. bounds: [0.01, 1]
[2023-11-13 15:25:39.547] [cout] [info]   /forceset/glut_max2_r/activation. bounds: [0.01, 1]
[2023-11-13 15:25:39.547] [cout] [info]   /forceset/glut_max3_r/activation. bounds: [0.01, 1]
[2023-11-13 15:25:39.547] [cout] [info]   /forceset/iliacus_r/activation. bounds: [0.01, 1]
[2023-11-13 15:25:39.547] [cout] [info]   /forceset/psoas_r/activation. bounds: [0.01, 1]
[2023-11-13 15:25:39.547] [cout] [info]   /forceset/quad_fem_r/activation. bounds: [0.01, 1]
[2023-11-13 15:25:39.547] [cout] [info]   /forceset/gem_r/activation. bounds: [0.01, 1]
[2023-11-13 15:25:39.547] [cout] [info]   /forceset/peri_r/activation. bounds: [0.01, 1]
[2023-11-13 15:25:39.547] [cout] [info]   /forceset/rect_fem_r/activation. bounds: [0.01, 1]
[2023-11-13 15:25:39.547] [cout] [info]   /forceset/vas_med_r/activation. bounds: [0.01, 1]
[2023-11-13 15:25:39.547] [cout] [info]   /forceset/vas_int_r/activation. bounds: [0.01, 1]
[2023-11-13 15:25:39.547] [cout] [info]   /forceset/vas_lat_r/activation. bounds: [0.01, 1]
[2023-11-13 15:25:39.547] [cout] [info]   /forceset/med_gas_r/activation. bounds: [0.01, 1]
[2023-11-13 15:25:39.547] [cout] [info]   /forceset/lat_gas_r/activation. bounds: [0.01, 1]
[2023-11-13 15:25:39.547] [cout] [info]   /forceset/soleus_r/activation. bounds: [0.01, 1]
[2023-11-13 15:25:39.547] [cout] [info]   /forceset/tib_post_r/activation. bounds: [0.01, 1]
[2023-11-13 15:25:39.547] [cout] [info]   /forceset/flex_dig_r/activation. bounds: [0.01, 1]
[2023-11-13 15:25:39.547] [cout] [info]   /forceset/flex_hal_r/activation. bounds: [0.01, 1]
[2023-11-13 15:25:39.547] [cout] [info]   /forceset/tib_ant_r/activation. bounds: [0.01, 1]
[2023-11-13 15:25:39.547] [cout] [info]   /forceset/per_brev_r/activation. bounds: [0.01, 1]
[2023-11-13 15:25:39.547] [cout] [info]   /forceset/per_long_r/activation. bounds: [0.01, 1]
[2023-11-13 15:25:39.547] [cout] [info]   /forceset/per_tert_r/activation. bounds: [0.01, 1]
[2023-11-13 15:25:39.547] [cout] [info]   /forceset/ext_dig_r/activation. bounds: [0.01, 1]
[2023-11-13 15:25:39.547] [cout] [info]   /forceset/ext_hal_r/activation. bounds: [0.01, 1]
[2023-11-13 15:25:39.547] [cout] [info] Controls: (total: 70)
[2023-11-13 15:25:39.547] [cout] [info]   /forceset/glut_med1_r. bounds: [0.01, 1]
[2023-11-13 15:25:39.547] [cout] [info]   /forceset/glut_med2_r. bounds: [0.01, 1]
[2023-11-13 15:25:39.547] [cout] [info]   /forceset/glut_med3_r. bounds: [0.01, 1]
[2023-11-13 15:25:39.548] [cout] [info]   /forceset/glut_min1_r. bounds: [0.01, 1]
[2023-11-13 15:25:39.548] [cout] [info]   /forceset/glut_min2_r. bounds: [0.01, 1]
[2023-11-13 15:25:39.548] [cout] [info]   /forceset/glut_min3_r. bounds: [0.01, 1]
[2023-11-13 15:25:39.548] [cout] [info]   /forceset/mtp_angle_l_actuator. bounds: [-inf, inf]
[2023-11-13 15:25:39.548] [cout] [info]   /forceset/semimem_r. bounds: [0.01, 1]
[2023-11-13 15:25:39.548] [cout] [info]   /forceset/semiten_r. bounds: [0.01, 1]
[2023-11-13 15:25:39.548] [cout] [info]   /forceset/bifemlh_r. bounds: [0.01, 1]
[2023-11-13 15:25:39.548] [cout] [info]   /forceset/bifemsh_r. bounds: [0.01, 1]
[2023-11-13 15:25:39.548] [cout] [info]   /forceset/sar_r. bounds: [0.01, 1]
[2023-11-13 15:25:39.548] [cout] [info]   /forceset/add_long_r. bounds: [0.01, 1]
[2023-11-13 15:25:39.548] [cout] [info]   /forceset/add_brev_r. bounds: [0.01, 1]
[2023-11-13 15:25:39.548] [cout] [info]   /forceset/add_mag1_r. bounds: [0.01, 1]
[2023-11-13 15:25:39.548] [cout] [info]   /forceset/add_mag2_r. bounds: [0.01, 1]
[2023-11-13 15:25:39.548] [cout] [info]   /forceset/add_mag3_r. bounds: [0.01, 1]
[2023-11-13 15:25:39.548] [cout] [info]   /forceset/tfl_r. bounds: [0.01, 1]
[2023-11-13 15:25:39.548] [cout] [info]   /forceset/pect_r. bounds: [0.01, 1]
[2023-11-13 15:25:39.548] [cout] [info]   /forceset/grac_r. bounds: [0.01, 1]
[2023-11-13 15:25:39.548] [cout] [info]   /forceset/hip_flexion_r_reserve. bounds: [-inf, inf]
[2023-11-13 15:25:39.548] [cout] [info]   /forceset/glut_max1_r. bounds: [0.01, 1]
[2023-11-13 15:25:39.548] [cout] [info]   /forceset/glut_max2_r. bounds: [0.01, 1]
[2023-11-13 15:25:39.548] [cout] [info]   /forceset/glut_max3_r. bounds: [0.01, 1]
[2023-11-13 15:25:39.548] [cout] [info]   /forceset/iliacus_r. bounds: [0.01, 1]
[2023-11-13 15:25:39.548] [cout] [info]   /forceset/psoas_r. bounds: [0.01, 1]
[2023-11-13 15:25:39.548] [cout] [info]   /forceset/quad_fem_r. bounds: [0.01, 1]
[2023-11-13 15:25:39.548] [cout] [info]   /forceset/gem_r. bounds: [0.01, 1]
[2023-11-13 15:25:39.548] [cout] [info]   /forceset/peri_r. bounds: [0.01, 1]
[2023-11-13 15:25:39.548] [cout] [info]   /forceset/rect_fem_r. bounds: [0.01, 1]
[2023-11-13 15:25:39.548] [cout] [info]   /forceset/vas_med_r. bounds: [0.01, 1]
[2023-11-13 15:25:39.548] [cout] [info]   /forceset/vas_int_r. bounds: [0.01, 1]
[2023-11-13 15:25:39.548] [cout] [info]   /forceset/vas_lat_r. bounds: [0.01, 1]
[2023-11-13 15:25:39.548] [cout] [info]   /forceset/med_gas_r. bounds: [0.01, 1]
[2023-11-13 15:25:39.548] [cout] [info]   /forceset/lat_gas_r. bounds: [0.01, 1]
[2023-11-13 15:25:39.548] [cout] [info]   /forceset/soleus_r. bounds: [0.01, 1]
[2023-11-13 15:25:39.548] [cout] [info]   /forceset/tib_post_r. bounds: [0.01, 1]
[2023-11-13 15:25:39.548] [cout] [info]   /forceset/flex_dig_r. bounds: [0.01, 1]
[2023-11-13 15:25:39.548] [cout] [info]   /forceset/flex_hal_r. bounds: [0.01, 1]
[2023-11-13 15:25:39.548] [cout] [info]   /forceset/tib_ant_r. bounds: [0.01, 1]
[2023-11-13 15:25:39.548] [cout] [info]   /forceset/per_brev_r. bounds: [0.01, 1]
[2023-11-13 15:25:39.548] [cout] [info]   /forceset/per_long_r. bounds: [0.01, 1]
[2023-11-13 15:25:39.548] [cout] [info]   /forceset/per_tert_r. bounds: [0.01, 1]
[2023-11-13 15:25:39.548] [cout] [info]   /forceset/ext_dig_r. bounds: [0.01, 1]
[2023-11-13 15:25:39.548] [cout] [info]   /forceset/ext_hal_r. bounds: [0.01, 1]
[2023-11-13 15:25:39.548] [cout] [info]   /forceset/lumbar_extension_actuator. bounds: [-inf, inf]
[2023-11-13 15:25:39.548] [cout] [info]   /forceset/lumbar_bending_actuator. bounds: [-inf, inf]
[2023-11-13 15:25:39.548] [cout] [info]   /forceset/lumbar_rotation_actuator. bounds: [-inf, inf]
[2023-11-13 15:25:39.548] [cout] [info]   /forceset/arm_flex_r_actuator. bounds: [-inf, inf]
[2023-11-13 15:25:39.548] [cout] [info]   /forceset/arm_add_r_actuator. bounds: [-inf, inf]
[2023-11-13 15:25:39.548] [cout] [info]   /forceset/arm_rot_r_actuator. bounds: [-inf, inf]
[2023-11-13 15:25:39.548] [cout] [info]   /forceset/elbow_flex_r_actuator. bounds: [-inf, inf]
[2023-11-13 15:25:39.548] [cout] [info]   /forceset/pro_sup_r_actuator. bounds: [-inf, inf]
[2023-11-13 15:25:39.548] [cout] [info]   /forceset/hip_rotation_l_actuator. bounds: [-inf, inf]
[2023-11-13 15:25:39.548] [cout] [info]   /forceset/arm_flex_l_actuator. bounds: [-inf, inf]
[2023-11-13 15:25:39.548] [cout] [info]   /forceset/arm_add_l_actuator. bounds: [-inf, inf]
[2023-11-13 15:25:39.548] [cout] [info]   /forceset/arm_rot_l_actuator. bounds: [-inf, inf]
[2023-11-13 15:25:39.548] [cout] [info]   /forceset/elbow_flex_l_actuator. bounds: [-inf, inf]
[2023-11-13 15:25:39.549] [cout] [info]   /forceset/pro_sup_l_actuator. bounds: [-inf, inf]
[2023-11-13 15:25:39.549] [cout] [info]   /forceset/hip_flexion_l_actuator. bounds: [-inf, inf]
[2023-11-13 15:25:39.549] [cout] [info]   /forceset/hip_adduction_l_actuator. bounds: [-inf, inf]
[2023-11-13 15:25:39.549] [cout] [info]   /forceset/knee_angle_l_actuator. bounds: [-inf, inf]
[2023-11-13 15:25:39.549] [cout] [info]   /forceset/ankle_angle_l_actuator. bounds: [-inf, inf]
[2023-11-13 15:25:39.549] [cout] [info]   /forceset/subtalar_angle_l_actuator. bounds: [-inf, inf]
[2023-11-13 15:25:39.549] [cout] [info]   /forceset/hip_adduction_r_reserve. bounds: [-inf, inf]
[2023-11-13 15:25:39.549] [cout] [info]   /forceset/hip_rotation_r_reserve. bounds: [-inf, inf]
[2023-11-13 15:25:39.549] [cout] [info]   /forceset/knee_angle_r_reserve. bounds: [-inf, inf]
[2023-11-13 15:25:39.549] [cout] [info]   /forceset/ankle_angle_r_reserve. bounds: [-inf, inf]
[2023-11-13 15:25:39.549] [cout] [info]   /forceset/subtalar_angle_r_reserve. bounds: [-inf, inf]
[2023-11-13 15:25:39.549] [cout] [info]   /forceset/mtp_angle_r_reserve. bounds: [-inf, inf]
[2023-11-13 15:25:39.549] [cout] [info] Parameters: none
[2023-11-13 15:25:41.027] [info] Number of threads: 8
[2023-11-13 15:40:31.479] [info] Set log level to Info.
[2023-11-13 15:40:31.495] [info] ------------------------------------------------------------------------
[2023-11-13 15:40:31.496] [info] Elapsed real time: 892 second(s) (14 minute(s), 52 second(s)).
[2023-11-13 15:40:31.496] [info] Mon Nov 13 15:40:31 2023
[2023-11-13 15:40:31.496] [warning] MocoCasADiSolver did NOT succeed:
[2023-11-13 15:40:31.496] [warning]   User_Requested_Stop
[2023-11-13 15:40:31.496] [info] ========================================================================
[2023-11-13 15:41:21.196] [cout] [info] Exiting visualization.
[2023-11-13 15:47:00.142] [info] Loaded model JA1_SCALED from file ..\model\JA1_SCALED_Osim4_Muscles.osim
[2023-11-13 15:58:30.238] [info] ========================================================================
[2023-11-13 15:58:30.238] [info] MocoCasADiSolver starting.
[2023-11-13 15:58:30.238] [info] Mon Nov 13 15:58:30 2023
[2023-11-13 15:58:30.238] [info] ------------------------------------------------------------------------
[2023-11-13 15:58:30.238] [cout] [info] Costs: (total: 5)
[2023-11-13 15:58:30.238] [cout] [info]   state_tracking. MocoStateTrackingGoal, enabled: true, mode: cost, weight: 1.0
[2023-11-13 15:58:30.238] [cout] [info]         state: /jointset/ground_pelvis/pelvis_tilt/value, weight: 10.0
[2023-11-13 15:58:30.238] [cout] [info]         state: /jointset/ground_pelvis/pelvis_list/value, weight: 10.0
[2023-11-13 15:58:30.238] [cout] [info]         state: /jointset/ground_pelvis/pelvis_rotation/value, weight: 10.0
[2023-11-13 15:58:30.238] [cout] [info]         state: /jointset/ground_pelvis/pelvis_tx/value, weight: 5.0
[2023-11-13 15:58:30.238] [cout] [info]         state: /jointset/ground_pelvis/pelvis_ty/value, weight: 0.1
[2023-11-13 15:58:30.238] [cout] [info]         state: /jointset/ground_pelvis/pelvis_tz/value, weight: 2.5
[2023-11-13 15:58:30.238] [cout] [info]         state: /jointset/hip_r/hip_flexion_r/value, weight: 10.0
[2023-11-13 15:58:30.238] [cout] [info]         state: /jointset/hip_r/hip_adduction_r/value, weight: 5.0
[2023-11-13 15:58:30.238] [cout] [info]         state: /jointset/hip_r/hip_rotation_r/value, weight: 2.5
[2023-11-13 15:58:30.238] [cout] [info]         state: /jointset/hip_l/hip_flexion_l/value, weight: 10.0
[2023-11-13 15:58:30.238] [cout] [info]         state: /jointset/hip_l/hip_adduction_l/value, weight: 5.0
[2023-11-13 15:58:30.238] [cout] [info]         state: /jointset/hip_l/hip_rotation_l/value, weight: 2.5
[2023-11-13 15:58:30.238] [cout] [info]         state: /jointset/back/lumbar_extension/value, weight: 15.0
[2023-11-13 15:58:30.238] [cout] [info]         state: /jointset/back/lumbar_bending/value, weight: 10.0
[2023-11-13 15:58:30.238] [cout] [info]         state: /jointset/back/lumbar_rotation/value, weight: 5.0
[2023-11-13 15:58:30.239] [cout] [info]         state: /jointset/knee_r/knee_angle_r/value, weight: 10.0
[2023-11-13 15:58:30.239] [cout] [info]         state: /jointset/knee_l/knee_angle_l/value, weight: 10.0
[2023-11-13 15:58:30.239] [cout] [info]         state: /jointset/acromial_r/arm_flex_r/value, weight: 2.5
[2023-11-13 15:58:30.239] [cout] [info]         state: /jointset/acromial_r/arm_add_r/value, weight: 1.0
[2023-11-13 15:58:30.239] [cout] [info]         state: /jointset/acromial_r/arm_rot_r/value, weight: 1.0
[2023-11-13 15:58:30.239] [cout] [info]         state: /jointset/acromial_l/arm_flex_l/value, weight: 2.5
[2023-11-13 15:58:30.239] [cout] [info]         state: /jointset/acromial_l/arm_add_l/value, weight: 1.0
[2023-11-13 15:58:30.239] [cout] [info]         state: /jointset/acromial_l/arm_rot_l/value, weight: 1.0
[2023-11-13 15:58:30.239] [cout] [info]         state: /jointset/ankle_r/ankle_angle_r/value, weight: 2.5
[2023-11-13 15:58:30.239] [cout] [info]         state: /jointset/ankle_l/ankle_angle_l/value, weight: 2.5
[2023-11-13 15:58:30.239] [cout] [info]         state: /jointset/elbow_r/elbow_flex_r/value, weight: 5.0
[2023-11-13 15:58:30.239] [cout] [info]         state: /jointset/elbow_l/elbow_flex_l/value, weight: 5.0
[2023-11-13 15:58:30.239] [cout] [info]         state: /jointset/subtalar_r/subtalar_angle_r/value, weight: 1.0
[2023-11-13 15:58:30.239] [cout] [info]         state: /jointset/subtalar_l/subtalar_angle_l/value, weight: 1.0
[2023-11-13 15:58:30.239] [cout] [info]         state: /jointset/radioulnar_r/pro_sup_r/value, weight: 1.0
[2023-11-13 15:58:30.239] [cout] [info]         state: /jointset/radioulnar_l/pro_sup_l/value, weight: 1.0
[2023-11-13 15:58:30.239] [cout] [info]         state: /jointset/mtp_r/mtp_angle_r/value, weight: 0.5
[2023-11-13 15:58:30.239] [cout] [info]         state: /jointset/mtp_l/mtp_angle_l/value, weight: 0.5
[2023-11-13 15:58:30.239] [cout] [info]         state: /jointset/ground_pelvis/pelvis_tilt/speed, weight: 0.01
[2023-11-13 15:58:30.239] [cout] [info]         state: /jointset/ground_pelvis/pelvis_list/speed, weight: 0.01
[2023-11-13 15:58:30.239] [cout] [info]         state: /jointset/ground_pelvis/pelvis_rotation/speed, weight: 0.01
[2023-11-13 15:58:30.239] [cout] [info]         state: /jointset/ground_pelvis/pelvis_tx/speed, weight: 0.00500000
[2023-11-13 15:58:30.239] [cout] [info]         state: /jointset/ground_pelvis/pelvis_ty/speed, weight: 0.000100000
[2023-11-13 15:58:30.239] [cout] [info]         state: /jointset/ground_pelvis/pelvis_tz/speed, weight: 0.00250000
[2023-11-13 15:58:30.239] [cout] [info]         state: /jointset/hip_r/hip_flexion_r/speed, weight: 0.01
[2023-11-13 15:58:30.239] [cout] [info]         state: /jointset/hip_r/hip_adduction_r/speed, weight: 0.00500000
[2023-11-13 15:58:30.239] [cout] [info]         state: /jointset/hip_r/hip_rotation_r/speed, weight: 0.00250000
[2023-11-13 15:58:30.239] [cout] [info]         state: /jointset/hip_l/hip_flexion_l/speed, weight: 0.01
[2023-11-13 15:58:30.239] [cout] [info]         state: /jointset/hip_l/hip_adduction_l/speed, weight: 0.00500000
[2023-11-13 15:58:30.239] [cout] [info]         state: /jointset/hip_l/hip_rotation_l/speed, weight: 0.00250000
[2023-11-13 15:58:30.239] [cout] [info]         state: /jointset/back/lumbar_extension/speed, weight: 0.015
[2023-11-13 15:58:30.239] [cout] [info]         state: /jointset/back/lumbar_bending/speed, weight: 0.01
[2023-11-13 15:58:30.239] [cout] [info]         state: /jointset/back/lumbar_rotation/speed, weight: 0.00500000
[2023-11-13 15:58:30.239] [cout] [info]         state: /jointset/knee_r/knee_angle_r/speed, weight: 0.01
[2023-11-13 15:58:30.239] [cout] [info]         state: /jointset/knee_l/knee_angle_l/speed, weight: 0.01
[2023-11-13 15:58:30.239] [cout] [info]         state: /jointset/acromial_r/arm_flex_r/speed, weight: 0.00250000
[2023-11-13 15:58:30.239] [cout] [info]         state: /jointset/acromial_r/arm_add_r/speed, weight: 0.00100000
[2023-11-13 15:58:30.239] [cout] [info]         state: /jointset/acromial_r/arm_rot_r/speed, weight: 0.00100000
[2023-11-13 15:58:30.239] [cout] [info]         state: /jointset/acromial_l/arm_flex_l/speed, weight: 0.00250000
[2023-11-13 15:58:30.239] [cout] [info]         state: /jointset/acromial_l/arm_add_l/speed, weight: 0.00100000
[2023-11-13 15:58:30.239] [cout] [info]         state: /jointset/acromial_l/arm_rot_l/speed, weight: 0.00100000
[2023-11-13 15:58:30.239] [cout] [info]         state: /jointset/ankle_r/ankle_angle_r/speed, weight: 0.00250000
[2023-11-13 15:58:30.239] [cout] [info]         state: /jointset/ankle_l/ankle_angle_l/speed, weight: 0.00250000
[2023-11-13 15:58:30.239] [cout] [info]         state: /jointset/elbow_r/elbow_flex_r/speed, weight: 0.00500000
[2023-11-13 15:58:30.239] [cout] [info]         state: /jointset/elbow_l/elbow_flex_l/speed, weight: 0.00500000
[2023-11-13 15:58:30.239] [cout] [info]         state: /jointset/subtalar_r/subtalar_angle_r/speed, weight: 0.00100000
[2023-11-13 15:58:30.239] [cout] [info]         state: /jointset/subtalar_l/subtalar_angle_l/speed, weight: 0.00100000
[2023-11-13 15:58:30.239] [cout] [info]         state: /jointset/radioulnar_r/pro_sup_r/speed, weight: 0.00100000
[2023-11-13 15:58:30.239] [cout] [info]         state: /jointset/radioulnar_l/pro_sup_l/speed, weight: 0.00100000
[2023-11-13 15:58:30.239] [cout] [info]         state: /jointset/mtp_r/mtp_angle_r/speed, weight: 0.000500000
[2023-11-13 15:58:30.239] [cout] [info]         state: /jointset/mtp_l/mtp_angle_l/speed, weight: 0.000500000
[2023-11-13 15:58:30.240] [cout] [info]   control_effort. MocoControlGoal, enabled: true, mode: cost, weight: 0.00100000
[2023-11-13 15:58:30.240] [cout] [info]         control: /forceset/glut_med1_r, weight: 1.0
[2023-11-13 15:58:30.240] [cout] [info]         control: /forceset/glut_med2_r, weight: 1.0
[2023-11-13 15:58:30.240] [cout] [info]         control: /forceset/glut_med3_r, weight: 1.0
[2023-11-13 15:58:30.240] [cout] [info]         control: /forceset/glut_min1_r, weight: 1.0
[2023-11-13 15:58:30.240] [cout] [info]         control: /forceset/glut_min2_r, weight: 1.0
[2023-11-13 15:58:30.240] [cout] [info]         control: /forceset/glut_min3_r, weight: 1.0
[2023-11-13 15:58:30.240] [cout] [info]         control: /forceset/semimem_r, weight: 1.0
[2023-11-13 15:58:30.240] [cout] [info]         control: /forceset/semiten_r, weight: 1.0
[2023-11-13 15:58:30.240] [cout] [info]         control: /forceset/bifemlh_r, weight: 1.0
[2023-11-13 15:58:30.240] [cout] [info]         control: /forceset/bifemsh_r, weight: 1.0
[2023-11-13 15:58:30.240] [cout] [info]         control: /forceset/sar_r, weight: 1.0
[2023-11-13 15:58:30.240] [cout] [info]         control: /forceset/add_long_r, weight: 1.0
[2023-11-13 15:58:30.240] [cout] [info]         control: /forceset/add_brev_r, weight: 1.0
[2023-11-13 15:58:30.240] [cout] [info]         control: /forceset/add_mag1_r, weight: 1.0
[2023-11-13 15:58:30.240] [cout] [info]         control: /forceset/add_mag2_r, weight: 1.0
[2023-11-13 15:58:30.240] [cout] [info]         control: /forceset/add_mag3_r, weight: 1.0
[2023-11-13 15:58:30.240] [cout] [info]         control: /forceset/tfl_r, weight: 1.0
[2023-11-13 15:58:30.240] [cout] [info]         control: /forceset/pect_r, weight: 1.0
[2023-11-13 15:58:30.240] [cout] [info]         control: /forceset/grac_r, weight: 1.0
[2023-11-13 15:58:30.240] [cout] [info]         control: /forceset/glut_max1_r, weight: 1.0
[2023-11-13 15:58:30.240] [cout] [info]         control: /forceset/glut_max2_r, weight: 1.0
[2023-11-13 15:58:30.240] [cout] [info]         control: /forceset/glut_max3_r, weight: 1.0
[2023-11-13 15:58:30.240] [cout] [info]         control: /forceset/iliacus_r, weight: 1.0
[2023-11-13 15:58:30.240] [cout] [info]         control: /forceset/psoas_r, weight: 1.0
[2023-11-13 15:58:30.240] [cout] [info]         control: /forceset/quad_fem_r, weight: 1.0
[2023-11-13 15:58:30.240] [cout] [info]         control: /forceset/gem_r, weight: 1.0
[2023-11-13 15:58:30.240] [cout] [info]         control: /forceset/peri_r, weight: 1.0
[2023-11-13 15:58:30.240] [cout] [info]         control: /forceset/rect_fem_r, weight: 1.0
[2023-11-13 15:58:30.240] [cout] [info]         control: /forceset/vas_med_r, weight: 1.0
[2023-11-13 15:58:30.240] [cout] [info]         control: /forceset/vas_int_r, weight: 1.0
[2023-11-13 15:58:30.240] [cout] [info]         control: /forceset/vas_lat_r, weight: 1.0
[2023-11-13 15:58:30.240] [cout] [info]         control: /forceset/med_gas_r, weight: 1.0
[2023-11-13 15:58:30.240] [cout] [info]         control: /forceset/lat_gas_r, weight: 1.0
[2023-11-13 15:58:30.240] [cout] [info]         control: /forceset/soleus_r, weight: 1.0
[2023-11-13 15:58:30.240] [cout] [info]         control: /forceset/tib_post_r, weight: 1.0
[2023-11-13 15:58:30.240] [cout] [info]         control: /forceset/flex_dig_r, weight: 1.0
[2023-11-13 15:58:30.240] [cout] [info]         control: /forceset/flex_hal_r, weight: 1.0
[2023-11-13 15:58:30.240] [cout] [info]         control: /forceset/tib_ant_r, weight: 1.0
[2023-11-13 15:58:30.240] [cout] [info]         control: /forceset/per_brev_r, weight: 1.0
[2023-11-13 15:58:30.240] [cout] [info]         control: /forceset/per_long_r, weight: 1.0
[2023-11-13 15:58:30.240] [cout] [info]         control: /forceset/per_tert_r, weight: 1.0
[2023-11-13 15:58:30.240] [cout] [info]         control: /forceset/ext_dig_r, weight: 1.0
[2023-11-13 15:58:30.240] [cout] [info]         control: /forceset/ext_hal_r, weight: 1.0
[2023-11-13 15:58:30.240] [cout] [info]         control: /forceset/lumbar_extension_actuator, weight: 0.1
[2023-11-13 15:58:30.240] [cout] [info]         control: /forceset/lumbar_bending_actuator, weight: 0.1
[2023-11-13 15:58:30.240] [cout] [info]         control: /forceset/lumbar_rotation_actuator, weight: 0.1
[2023-11-13 15:58:30.240] [cout] [info]         control: /forceset/arm_flex_r_actuator, weight: 0.1
[2023-11-13 15:58:30.240] [cout] [info]         control: /forceset/arm_add_r_actuator, weight: 0.1
[2023-11-13 15:58:30.240] [cout] [info]         control: /forceset/arm_rot_r_actuator, weight: 0.1
[2023-11-13 15:58:30.240] [cout] [info]         control: /forceset/elbow_flex_r_actuator, weight: 0.1
[2023-11-13 15:58:30.240] [cout] [info]         control: /forceset/pro_sup_r_actuator, weight: 0.1
[2023-11-13 15:58:30.240] [cout] [info]         control: /forceset/arm_flex_l_actuator, weight: 0.1
[2023-11-13 15:58:30.240] [cout] [info]         control: /forceset/arm_add_l_actuator, weight: 0.1
[2023-11-13 15:58:30.241] [cout] [info]         control: /forceset/arm_rot_l_actuator, weight: 0.1
[2023-11-13 15:58:30.241] [cout] [info]         control: /forceset/elbow_flex_l_actuator, weight: 0.1
[2023-11-13 15:58:30.241] [cout] [info]         control: /forceset/pro_sup_l_actuator, weight: 0.1
[2023-11-13 15:58:30.241] [cout] [info]         control: /forceset/hip_flexion_l_actuator, weight: 0.1
[2023-11-13 15:58:30.241] [cout] [info]         control: /forceset/hip_adduction_l_actuator, weight: 0.1
[2023-11-13 15:58:30.241] [cout] [info]         control: /forceset/hip_rotation_l_actuator, weight: 0.1
[2023-11-13 15:58:30.241] [cout] [info]         control: /forceset/knee_angle_l_actuator, weight: 0.1
[2023-11-13 15:58:30.241] [cout] [info]         control: /forceset/ankle_angle_l_actuator, weight: 0.1
[2023-11-13 15:58:30.241] [cout] [info]         control: /forceset/subtalar_angle_l_actuator, weight: 0.1
[2023-11-13 15:58:30.241] [cout] [info]         control: /forceset/mtp_angle_l_actuator, weight: 0.1
[2023-11-13 15:58:30.241] [cout] [info]         control: /forceset/hip_flexion_r_reserve, weight: 10.0
[2023-11-13 15:58:30.241] [cout] [info]         control: /forceset/hip_adduction_r_reserve, weight: 10.0
[2023-11-13 15:58:30.241] [cout] [info]         control: /forceset/hip_rotation_r_reserve, weight: 10.0
[2023-11-13 15:58:30.241] [cout] [info]         control: /forceset/knee_angle_r_reserve, weight: 10.0
[2023-11-13 15:58:30.241] [cout] [info]         control: /forceset/ankle_angle_r_reserve, weight: 10.0
[2023-11-13 15:58:30.241] [cout] [info]         control: /forceset/subtalar_angle_r_reserve, weight: 10.0
[2023-11-13 15:58:30.241] [cout] [info]         control: /forceset/mtp_angle_r_reserve, weight: 10.0
[2023-11-13 15:58:30.241] [cout] [info]         control: /forceset/pelvis_tx_residual, weight: 10.0
[2023-11-13 15:58:30.241] [cout] [info]         control: /forceset/pelvis_ty_residual, weight: 10.0
[2023-11-13 15:58:30.241] [cout] [info]         control: /forceset/pelvis_tz_residual, weight: 10.0
[2023-11-13 15:58:30.241] [cout] [info]         control: /forceset/pelvis_tilt_residual, weight: 10.0
[2023-11-13 15:58:30.241] [cout] [info]         control: /forceset/pelvis_list_residual, weight: 10.0
[2023-11-13 15:58:30.241] [cout] [info]         control: /forceset/pelvis_rotation_residual, weight: 10.0
[2023-11-13 15:58:30.241] [cout] [info]   contact0. MocoContactTrackingGoal, enabled: true, mode: cost, weight: 0.1
[2023-11-13 15:58:30.241] [cout] [info]         projection type: vector
[2023-11-13 15:58:30.241] [cout] [info]         projection vector: ~[1,0,0]
[2023-11-13 15:58:30.241] [cout] [info]         group 0: ExternalForce: LeftGRF1
[2023-11-13 15:58:30.241] [cout] [info]             forces:
[2023-11-13 15:58:30.241] [cout] [info]                 /forceset/contactForce_s1_l
[2023-11-13 15:58:30.241] [cout] [info]                 /forceset/contactForce_s2_l
[2023-11-13 15:58:30.241] [cout] [info]                 /forceset/contactForce_s3_l
[2023-11-13 15:58:30.241] [cout] [info]                 /forceset/contactForce_s4_l
[2023-11-13 15:58:30.241] [cout] [info]                 /forceset/contactForce_s5_l
[2023-11-13 15:58:30.241] [cout] [info]                 /forceset/contactForce_s6_l
[2023-11-13 15:58:30.241] [cout] [info]         group 1: ExternalForce: RightGRF1
[2023-11-13 15:58:30.241] [cout] [info]             forces:
[2023-11-13 15:58:30.241] [cout] [info]                 /forceset/contactForce_s1_r
[2023-11-13 15:58:30.241] [cout] [info]                 /forceset/contactForce_s2_r
[2023-11-13 15:58:30.241] [cout] [info]                 /forceset/contactForce_s3_r
[2023-11-13 15:58:30.241] [cout] [info]                 /forceset/contactForce_s4_r
[2023-11-13 15:58:30.241] [cout] [info]                 /forceset/contactForce_s5_r
[2023-11-13 15:58:30.241] [cout] [info]                 /forceset/contactForce_s6_r
[2023-11-13 15:58:30.241] [cout] [info]   contact1. MocoContactTrackingGoal, enabled: true, mode: cost, weight: 0.1
[2023-11-13 15:58:30.241] [cout] [info]         projection type: vector
[2023-11-13 15:58:30.241] [cout] [info]         projection vector: ~[0,1,0]
[2023-11-13 15:58:30.241] [cout] [info]         group 0: ExternalForce: LeftGRF1
[2023-11-13 15:58:30.241] [cout] [info]             forces:
[2023-11-13 15:58:30.241] [cout] [info]                 /forceset/contactForce_s1_l
[2023-11-13 15:58:30.241] [cout] [info]                 /forceset/contactForce_s2_l
[2023-11-13 15:58:30.241] [cout] [info]                 /forceset/contactForce_s3_l
[2023-11-13 15:58:30.241] [cout] [info]                 /forceset/contactForce_s4_l
[2023-11-13 15:58:30.241] [cout] [info]                 /forceset/contactForce_s5_l
[2023-11-13 15:58:30.241] [cout] [info]                 /forceset/contactForce_s6_l
[2023-11-13 15:58:30.241] [cout] [info]         group 1: ExternalForce: RightGRF1
[2023-11-13 15:58:30.241] [cout] [info]             forces:
[2023-11-13 15:58:30.241] [cout] [info]                 /forceset/contactForce_s1_r
[2023-11-13 15:58:30.241] [cout] [info]                 /forceset/contactForce_s2_r
[2023-11-13 15:58:30.241] [cout] [info]                 /forceset/contactForce_s3_r
[2023-11-13 15:58:30.241] [cout] [info]                 /forceset/contactForce_s4_r
[2023-11-13 15:58:30.241] [cout] [info]                 /forceset/contactForce_s5_r
[2023-11-13 15:58:30.241] [cout] [info]                 /forceset/contactForce_s6_r
[2023-11-13 15:58:30.241] [cout] [info]   contact2. MocoContactTrackingGoal, enabled: true, mode: cost, weight: 1.0
[2023-11-13 15:58:30.241] [cout] [info]         projection type: vector
[2023-11-13 15:58:30.241] [cout] [info]         projection vector: ~[0,0,1]
[2023-11-13 15:58:30.241] [cout] [info]         group 0: ExternalForce: LeftGRF1
[2023-11-13 15:58:30.241] [cout] [info]             forces:
[2023-11-13 15:58:30.242] [cout] [info]                 /forceset/contactForce_s1_l
[2023-11-13 15:58:30.242] [cout] [info]                 /forceset/contactForce_s2_l
[2023-11-13 15:58:30.242] [cout] [info]                 /forceset/contactForce_s3_l
[2023-11-13 15:58:30.242] [cout] [info]                 /forceset/contactForce_s4_l
[2023-11-13 15:58:30.242] [cout] [info]                 /forceset/contactForce_s5_l
[2023-11-13 15:58:30.242] [cout] [info]                 /forceset/contactForce_s6_l
[2023-11-13 15:58:30.242] [cout] [info]         group 1: ExternalForce: RightGRF1
[2023-11-13 15:58:30.242] [cout] [info]             forces:
[2023-11-13 15:58:30.242] [cout] [info]                 /forceset/contactForce_s1_r
[2023-11-13 15:58:30.242] [cout] [info]                 /forceset/contactForce_s2_r
[2023-11-13 15:58:30.242] [cout] [info]                 /forceset/contactForce_s3_r
[2023-11-13 15:58:30.242] [cout] [info]                 /forceset/contactForce_s4_r
[2023-11-13 15:58:30.242] [cout] [info]                 /forceset/contactForce_s5_r
[2023-11-13 15:58:30.242] [cout] [info]                 /forceset/contactForce_s6_r
[2023-11-13 15:58:30.242] [cout] [info] Endpoint constraints: none
[2023-11-13 15:58:30.242] [cout] [info] Kinematic constraints: none
[2023-11-13 15:58:30.242] [cout] [info] Path constraints: (total: 10)
[2023-11-13 15:58:30.242] [cout] [info]   . MocoConstraintInfo. number of scalar equations: 1. bounds: [0, 1]
[2023-11-13 15:58:30.242] [cout] [info]         output: /markerset/r_fp_heel1|location, type: SimTK::Vec3, index: 1, exponent: 1
[2023-11-13 15:58:30.242] [cout] [info]   . MocoConstraintInfo. number of scalar equations: 1. bounds: [0, 1]
[2023-11-13 15:58:30.242] [cout] [info]         output: /markerset/r_fp_heel2|location, type: SimTK::Vec3, index: 1, exponent: 1
[2023-11-13 15:58:30.242] [cout] [info]   . MocoConstraintInfo. number of scalar equations: 1. bounds: [0, 1]
[2023-11-13 15:58:30.242] [cout] [info]         output: /markerset/r_fp_mt1|location, type: SimTK::Vec3, index: 1, exponent: 1
[2023-11-13 15:58:30.242] [cout] [info]   . MocoConstraintInfo. number of scalar equations: 1. bounds: [0, 1]
[2023-11-13 15:58:30.242] [cout] [info]         output: /markerset/r_fp_mt2|location, type: SimTK::Vec3, index: 1, exponent: 1
[2023-11-13 15:58:30.242] [cout] [info]   . MocoConstraintInfo. number of scalar equations: 1. bounds: [0, 1]
[2023-11-13 15:58:30.242] [cout] [info]         output: /markerset/r_fp_toe|location, type: SimTK::Vec3, index: 1, exponent: 1
[2023-11-13 15:58:30.242] [cout] [info]   . MocoConstraintInfo. number of scalar equations: 1. bounds: [0, 1]
[2023-11-13 15:58:30.242] [cout] [info]         output: /markerset/l_fp_heel1|location, type: SimTK::Vec3, index: 1, exponent: 1
[2023-11-13 15:58:30.242] [cout] [info]   . MocoConstraintInfo. number of scalar equations: 1. bounds: [0, 1]
[2023-11-13 15:58:30.242] [cout] [info]         output: /markerset/l_fp_heel2|location, type: SimTK::Vec3, index: 1, exponent: 1
[2023-11-13 15:58:30.242] [cout] [info]   . MocoConstraintInfo. number of scalar equations: 1. bounds: [0, 1]
[2023-11-13 15:58:30.242] [cout] [info]         output: /markerset/l_fp_mt1|location, type: SimTK::Vec3, index: 1, exponent: 1
[2023-11-13 15:58:30.242] [cout] [info]   . MocoConstraintInfo. number of scalar equations: 1. bounds: [0, 1]
[2023-11-13 15:58:30.242] [cout] [info]         output: /markerset/l_fp_mt2|location, type: SimTK::Vec3, index: 1, exponent: 1
[2023-11-13 15:58:30.242] [cout] [info]   . MocoConstraintInfo. number of scalar equations: 1. bounds: [0, 1]
[2023-11-13 15:58:30.242] [cout] [info]         output: /markerset/l_fp_toe|location, type: SimTK::Vec3, index: 1, exponent: 1
[2023-11-13 15:58:30.242] [cout] [info] States: (total: 109)
[2023-11-13 15:58:30.242] [cout] [info]   /jointset/ground_pelvis/pelvis_tilt/value. bounds: [-1.5708, 1.5708]
[2023-11-13 15:58:30.242] [cout] [info]   /jointset/ground_pelvis/pelvis_list/value. bounds: [-1.5708, 1.5708]
[2023-11-13 15:58:30.242] [cout] [info]   /jointset/radioulnar_r/pro_sup_r/value. bounds: [0, 3.1416]
[2023-11-13 15:58:30.242] [cout] [info]   /jointset/ground_pelvis/pelvis_rotation/value. bounds: [-1.5708, 1.5708]
[2023-11-13 15:58:30.242] [cout] [info]   /jointset/ground_pelvis/pelvis_tx/value. bounds: [-20, 20]
[2023-11-13 15:58:30.242] [cout] [info]   /jointset/elbow_r/elbow_flex_r/value. bounds: [-0.17453, 2.618]
[2023-11-13 15:58:30.242] [cout] [info]   /jointset/ground_pelvis/pelvis_ty/value. bounds: [-2, 4]
[2023-11-13 15:58:30.242] [cout] [info]   /jointset/ground_pelvis/pelvis_tz/value. bounds: [-5, 5]
[2023-11-13 15:58:30.242] [cout] [info]   /jointset/hip_r/hip_adduction_r/speed. bounds: [-50, 50]
[2023-11-13 15:58:30.242] [cout] [info]   /jointset/ankle_r/ankle_angle_r/value. bounds: [-1.0472, 0.69813]
[2023-11-13 15:58:30.242] [cout] [info]   /jointset/hip_r/hip_flexion_r/value. bounds: [-0.69813, 1.7453]
[2023-11-13 15:58:30.242] [cout] [info]   /jointset/hip_r/hip_adduction_r/value. bounds: [-0.5236, 0.5236]
[2023-11-13 15:58:30.242] [cout] [info]   /jointset/back/lumbar_rotation/speed. bounds: [-50, 50]
[2023-11-13 15:58:30.242] [cout] [info]   /jointset/hip_r/hip_rotation_r/value. bounds: [-0.5236, 0.5236]
[2023-11-13 15:58:30.242] [cout] [info]   /jointset/mtp_l/mtp_angle_l/speed. bounds: [-50, 50]
[2023-11-13 15:58:30.242] [cout] [info]   /jointset/knee_r/knee_angle_r/value. bounds: [-2.7925, 0.17453]
[2023-11-13 15:58:30.242] [cout] [info]   /jointset/hip_l/hip_flexion_l/value. bounds: [-0.69813, 1.7453]
[2023-11-13 15:58:30.243] [cout] [info]   /jointset/subtalar_r/subtalar_angle_r/value. bounds: [-0.87266, 0.87266]
[2023-11-13 15:58:30.243] [cout] [info]   /jointset/mtp_r/mtp_angle_r/value. bounds: [-1.0472, 1.0472]
[2023-11-13 15:58:30.243] [cout] [info]   /jointset/hip_l/hip_adduction_l/value. bounds: [-0.5236, 0.5236]
[2023-11-13 15:58:30.243] [cout] [info]   /jointset/hip_l/hip_rotation_l/value. bounds: [-0.5236, 0.5236]
[2023-11-13 15:58:30.243] [cout] [info]   /forceset/glut_min1_r/activation. bounds: [0.01, 1]
[2023-11-13 15:58:30.243] [cout] [info]   /jointset/knee_l/knee_angle_l/value. bounds: [-2.7925, 0.17453]
[2023-11-13 15:58:30.243] [cout] [info]   /jointset/knee_r/knee_angle_r/speed. bounds: [-50, 50]
[2023-11-13 15:58:30.243] [cout] [info]   /jointset/ankle_l/ankle_angle_l/value. bounds: [-1.0472, 0.69813]
[2023-11-13 15:58:30.243] [cout] [info]   /jointset/subtalar_l/subtalar_angle_l/value. bounds: [-0.87266, 0.87266]
[2023-11-13 15:58:30.243] [cout] [info]   /jointset/mtp_l/mtp_angle_l/value. bounds: [-1.0472, 1.0472]
[2023-11-13 15:58:30.243] [cout] [info]   /forceset/bifemsh_r/activation. bounds: [0.01, 1]
[2023-11-13 15:58:30.243] [cout] [info]   /jointset/back/lumbar_extension/value. bounds: [-0.7854, 0.17453]
[2023-11-13 15:58:30.243] [cout] [info]   /jointset/back/lumbar_bending/value. bounds: [-0.34907, 0.34907]
[2023-11-13 15:58:30.243] [cout] [info]   /jointset/back/lumbar_rotation/value. bounds: [-0.5236, 0.5236]
[2023-11-13 15:58:30.243] [cout] [info]   /jointset/acromial_r/arm_flex_r/value. bounds: [-1.5708, 1.5708]
[2023-11-13 15:58:30.243] [cout] [info]   /jointset/acromial_r/arm_add_r/value. bounds: [-2.0944, 1.5708]
[2023-11-13 15:58:30.243] [cout] [info]   /jointset/acromial_r/arm_rot_r/value. bounds: [-1.5708, 1.5708]
[2023-11-13 15:58:30.243] [cout] [info]   /jointset/acromial_l/arm_flex_l/value. bounds: [-1.5708, 1.5708]
[2023-11-13 15:58:30.243] [cout] [info]   /jointset/acromial_l/arm_add_l/value. bounds: [-2.0944, 1.5708]
[2023-11-13 15:58:30.243] [cout] [info]   /jointset/acromial_l/arm_rot_l/value. bounds: [-1.5708, 1.5708]
[2023-11-13 15:58:30.243] [cout] [info]   /jointset/elbow_l/elbow_flex_l/value. bounds: [-0.17453, 2.618]
[2023-11-13 15:58:30.243] [cout] [info]   /jointset/radioulnar_l/pro_sup_l/value. bounds: [0, 3.1416]
[2023-11-13 15:58:30.243] [cout] [info]   /jointset/ground_pelvis/pelvis_tilt/speed. bounds: [-50, 50]
[2023-11-13 15:58:30.243] [cout] [info]   /jointset/ground_pelvis/pelvis_list/speed. bounds: [-50, 50]
[2023-11-13 15:58:30.243] [cout] [info]   /jointset/radioulnar_r/pro_sup_r/speed. bounds: [-50, 50]
[2023-11-13 15:58:30.243] [cout] [info]   /jointset/ground_pelvis/pelvis_rotation/speed. bounds: [-50, 50]
[2023-11-13 15:58:30.243] [cout] [info]   /jointset/ground_pelvis/pelvis_tx/speed. bounds: [-50, 50]
[2023-11-13 15:58:30.243] [cout] [info]   /jointset/elbow_r/elbow_flex_r/speed. bounds: [-50, 50]
[2023-11-13 15:58:30.243] [cout] [info]   /jointset/ground_pelvis/pelvis_ty/speed. bounds: [-50, 50]
[2023-11-13 15:58:30.243] [cout] [info]   /jointset/ground_pelvis/pelvis_tz/speed. bounds: [-50, 50]
[2023-11-13 15:58:30.243] [cout] [info]   /jointset/ankle_r/ankle_angle_r/speed. bounds: [-50, 50]
[2023-11-13 15:58:30.243] [cout] [info]   /jointset/hip_r/hip_flexion_r/speed. bounds: [-50, 50]
[2023-11-13 15:58:30.243] [cout] [info]   /jointset/hip_r/hip_rotation_r/speed. bounds: [-50, 50]
[2023-11-13 15:58:30.243] [cout] [info]   /jointset/hip_l/hip_flexion_l/speed. bounds: [-50, 50]
[2023-11-13 15:58:30.243] [cout] [info]   /jointset/subtalar_r/subtalar_angle_r/speed. bounds: [-50, 50]
[2023-11-13 15:58:30.243] [cout] [info]   /jointset/mtp_r/mtp_angle_r/speed. bounds: [-50, 50]
[2023-11-13 15:58:30.243] [cout] [info]   /jointset/hip_l/hip_adduction_l/speed. bounds: [-50, 50]
[2023-11-13 15:58:30.243] [cout] [info]   /jointset/hip_l/hip_rotation_l/speed. bounds: [-50, 50]
[2023-11-13 15:58:30.243] [cout] [info]   /jointset/knee_l/knee_angle_l/speed. bounds: [-50, 50]
[2023-11-13 15:58:30.243] [cout] [info]   /jointset/ankle_l/ankle_angle_l/speed. bounds: [-50, 50]
[2023-11-13 15:58:30.243] [cout] [info]   /jointset/subtalar_l/subtalar_angle_l/speed. bounds: [-50, 50]
[2023-11-13 15:58:30.243] [cout] [info]   /jointset/back/lumbar_extension/speed. bounds: [-50, 50]
[2023-11-13 15:58:30.243] [cout] [info]   /jointset/back/lumbar_bending/speed. bounds: [-50, 50]
[2023-11-13 15:58:30.243] [cout] [info]   /jointset/acromial_r/arm_flex_r/speed. bounds: [-50, 50]
[2023-11-13 15:58:30.243] [cout] [info]   /jointset/acromial_r/arm_add_r/speed. bounds: [-50, 50]
[2023-11-13 15:58:30.243] [cout] [info]   /jointset/acromial_r/arm_rot_r/speed. bounds: [-50, 50]
[2023-11-13 15:58:30.243] [cout] [info]   /jointset/acromial_l/arm_flex_l/speed. bounds: [-50, 50]
[2023-11-13 15:58:30.243] [cout] [info]   /jointset/acromial_l/arm_add_l/speed. bounds: [-50, 50]
[2023-11-13 15:58:30.243] [cout] [info]   /jointset/acromial_l/arm_rot_l/speed. bounds: [-50, 50]
[2023-11-13 15:58:30.243] [cout] [info]   /jointset/elbow_l/elbow_flex_l/speed. bounds: [-50, 50]
[2023-11-13 15:58:30.243] [cout] [info]   /jointset/radioulnar_l/pro_sup_l/speed. bounds: [-50, 50]
[2023-11-13 15:58:30.243] [cout] [info]   /forceset/glut_med1_r/activation. bounds: [0.01, 1]
[2023-11-13 15:58:30.243] [cout] [info]   /forceset/glut_med2_r/activation. bounds: [0.01, 1]
[2023-11-13 15:58:30.243] [cout] [info]   /forceset/glut_med3_r/activation. bounds: [0.01, 1]
[2023-11-13 15:58:30.243] [cout] [info]   /forceset/glut_min2_r/activation. bounds: [0.01, 1]
[2023-11-13 15:58:30.243] [cout] [info]   /forceset/glut_min3_r/activation. bounds: [0.01, 1]
[2023-11-13 15:58:30.243] [cout] [info]   /forceset/semimem_r/activation. bounds: [0.01, 1]
[2023-11-13 15:58:30.243] [cout] [info]   /forceset/semiten_r/activation. bounds: [0.01, 1]
[2023-11-13 15:58:30.244] [cout] [info]   /forceset/bifemlh_r/activation. bounds: [0.01, 1]
[2023-11-13 15:58:30.244] [cout] [info]   /forceset/sar_r/activation. bounds: [0.01, 1]
[2023-11-13 15:58:30.244] [cout] [info]   /forceset/add_long_r/activation. bounds: [0.01, 1]
[2023-11-13 15:58:30.244] [cout] [info]   /forceset/add_brev_r/activation. bounds: [0.01, 1]
[2023-11-13 15:58:30.244] [cout] [info]   /forceset/add_mag1_r/activation. bounds: [0.01, 1]
[2023-11-13 15:58:30.244] [cout] [info]   /forceset/add_mag2_r/activation. bounds: [0.01, 1]
[2023-11-13 15:58:30.244] [cout] [info]   /forceset/add_mag3_r/activation. bounds: [0.01, 1]
[2023-11-13 15:58:30.244] [cout] [info]   /forceset/tfl_r/activation. bounds: [0.01, 1]
[2023-11-13 15:58:30.244] [cout] [info]   /forceset/pect_r/activation. bounds: [0.01, 1]
[2023-11-13 15:58:30.244] [cout] [info]   /forceset/grac_r/activation. bounds: [0.01, 1]
[2023-11-13 15:58:30.244] [cout] [info]   /forceset/glut_max1_r/activation. bounds: [0.01, 1]
[2023-11-13 15:58:30.244] [cout] [info]   /forceset/glut_max2_r/activation. bounds: [0.01, 1]
[2023-11-13 15:58:30.244] [cout] [info]   /forceset/glut_max3_r/activation. bounds: [0.01, 1]
[2023-11-13 15:58:30.244] [cout] [info]   /forceset/iliacus_r/activation. bounds: [0.01, 1]
[2023-11-13 15:58:30.244] [cout] [info]   /forceset/psoas_r/activation. bounds: [0.01, 1]
[2023-11-13 15:58:30.244] [cout] [info]   /forceset/quad_fem_r/activation. bounds: [0.01, 1]
[2023-11-13 15:58:30.244] [cout] [info]   /forceset/gem_r/activation. bounds: [0.01, 1]
[2023-11-13 15:58:30.244] [cout] [info]   /forceset/peri_r/activation. bounds: [0.01, 1]
[2023-11-13 15:58:30.244] [cout] [info]   /forceset/rect_fem_r/activation. bounds: [0.01, 1]
[2023-11-13 15:58:30.244] [cout] [info]   /forceset/vas_med_r/activation. bounds: [0.01, 1]
[2023-11-13 15:58:30.244] [cout] [info]   /forceset/vas_int_r/activation. bounds: [0.01, 1]
[2023-11-13 15:58:30.244] [cout] [info]   /forceset/vas_lat_r/activation. bounds: [0.01, 1]
[2023-11-13 15:58:30.244] [cout] [info]   /forceset/med_gas_r/activation. bounds: [0.01, 1]
[2023-11-13 15:58:30.244] [cout] [info]   /forceset/lat_gas_r/activation. bounds: [0.01, 1]
[2023-11-13 15:58:30.244] [cout] [info]   /forceset/soleus_r/activation. bounds: [0.01, 1]
[2023-11-13 15:58:30.244] [cout] [info]   /forceset/tib_post_r/activation. bounds: [0.01, 1]
[2023-11-13 15:58:30.244] [cout] [info]   /forceset/flex_dig_r/activation. bounds: [0.01, 1]
[2023-11-13 15:58:30.244] [cout] [info]   /forceset/flex_hal_r/activation. bounds: [0.01, 1]
[2023-11-13 15:58:30.244] [cout] [info]   /forceset/tib_ant_r/activation. bounds: [0.01, 1]
[2023-11-13 15:58:30.244] [cout] [info]   /forceset/per_brev_r/activation. bounds: [0.01, 1]
[2023-11-13 15:58:30.244] [cout] [info]   /forceset/per_long_r/activation. bounds: [0.01, 1]
[2023-11-13 15:58:30.244] [cout] [info]   /forceset/per_tert_r/activation. bounds: [0.01, 1]
[2023-11-13 15:58:30.244] [cout] [info]   /forceset/ext_dig_r/activation. bounds: [0.01, 1]
[2023-11-13 15:58:30.244] [cout] [info]   /forceset/ext_hal_r/activation. bounds: [0.01, 1]
[2023-11-13 15:58:30.244] [cout] [info] Controls: (total: 76)
[2023-11-13 15:58:30.244] [cout] [info]   /forceset/glut_med1_r. bounds: [0.01, 1]
[2023-11-13 15:58:30.244] [cout] [info]   /forceset/glut_med2_r. bounds: [0.01, 1]
[2023-11-13 15:58:30.244] [cout] [info]   /forceset/glut_med3_r. bounds: [0.01, 1]
[2023-11-13 15:58:30.244] [cout] [info]   /forceset/glut_min1_r. bounds: [0.01, 1]
[2023-11-13 15:58:30.244] [cout] [info]   /forceset/glut_min2_r. bounds: [0.01, 1]
[2023-11-13 15:58:30.244] [cout] [info]   /forceset/glut_min3_r. bounds: [0.01, 1]
[2023-11-13 15:58:30.244] [cout] [info]   /forceset/mtp_angle_l_actuator. bounds: [-inf, inf]
[2023-11-13 15:58:30.244] [cout] [info]   /forceset/semimem_r. bounds: [0.01, 1]
[2023-11-13 15:58:30.244] [cout] [info]   /forceset/semiten_r. bounds: [0.01, 1]
[2023-11-13 15:58:30.244] [cout] [info]   /forceset/bifemlh_r. bounds: [0.01, 1]
[2023-11-13 15:58:30.245] [cout] [info]   /forceset/bifemsh_r. bounds: [0.01, 1]
[2023-11-13 15:58:30.245] [cout] [info]   /forceset/sar_r. bounds: [0.01, 1]
[2023-11-13 15:58:30.245] [cout] [info]   /forceset/add_long_r. bounds: [0.01, 1]
[2023-11-13 15:58:30.245] [cout] [info]   /forceset/add_brev_r. bounds: [0.01, 1]
[2023-11-13 15:58:30.245] [cout] [info]   /forceset/add_mag1_r. bounds: [0.01, 1]
[2023-11-13 15:58:30.245] [cout] [info]   /forceset/add_mag2_r. bounds: [0.01, 1]
[2023-11-13 15:58:30.245] [cout] [info]   /forceset/add_mag3_r. bounds: [0.01, 1]
[2023-11-13 15:58:30.245] [cout] [info]   /forceset/tfl_r. bounds: [0.01, 1]
[2023-11-13 15:58:30.245] [cout] [info]   /forceset/pect_r. bounds: [0.01, 1]
[2023-11-13 15:58:30.245] [cout] [info]   /forceset/grac_r. bounds: [0.01, 1]
[2023-11-13 15:58:30.245] [cout] [info]   /forceset/hip_flexion_r_reserve. bounds: [-inf, inf]
[2023-11-13 15:58:30.245] [cout] [info]   /forceset/glut_max1_r. bounds: [0.01, 1]
[2023-11-13 15:58:30.245] [cout] [info]   /forceset/glut_max2_r. bounds: [0.01, 1]
[2023-11-13 15:58:30.245] [cout] [info]   /forceset/glut_max3_r. bounds: [0.01, 1]
[2023-11-13 15:58:30.245] [cout] [info]   /forceset/iliacus_r. bounds: [0.01, 1]
[2023-11-13 15:58:30.245] [cout] [info]   /forceset/psoas_r. bounds: [0.01, 1]
[2023-11-13 15:58:30.245] [cout] [info]   /forceset/quad_fem_r. bounds: [0.01, 1]
[2023-11-13 15:58:30.245] [cout] [info]   /forceset/gem_r. bounds: [0.01, 1]
[2023-11-13 15:58:30.245] [cout] [info]   /forceset/peri_r. bounds: [0.01, 1]
[2023-11-13 15:58:30.245] [cout] [info]   /forceset/rect_fem_r. bounds: [0.01, 1]
[2023-11-13 15:58:30.245] [cout] [info]   /forceset/vas_med_r. bounds: [0.01, 1]
[2023-11-13 15:58:30.245] [cout] [info]   /forceset/vas_int_r. bounds: [0.01, 1]
[2023-11-13 15:58:30.245] [cout] [info]   /forceset/vas_lat_r. bounds: [0.01, 1]
[2023-11-13 15:58:30.245] [cout] [info]   /forceset/med_gas_r. bounds: [0.01, 1]
[2023-11-13 15:58:30.245] [cout] [info]   /forceset/lat_gas_r. bounds: [0.01, 1]
[2023-11-13 15:58:30.245] [cout] [info]   /forceset/soleus_r. bounds: [0.01, 1]
[2023-11-13 15:58:30.245] [cout] [info]   /forceset/tib_post_r. bounds: [0.01, 1]
[2023-11-13 15:58:30.245] [cout] [info]   /forceset/flex_dig_r. bounds: [0.01, 1]
[2023-11-13 15:58:30.245] [cout] [info]   /forceset/flex_hal_r. bounds: [0.01, 1]
[2023-11-13 15:58:30.245] [cout] [info]   /forceset/tib_ant_r. bounds: [0.01, 1]
[2023-11-13 15:58:30.245] [cout] [info]   /forceset/per_brev_r. bounds: [0.01, 1]
[2023-11-13 15:58:30.245] [cout] [info]   /forceset/per_long_r. bounds: [0.01, 1]
[2023-11-13 15:58:30.245] [cout] [info]   /forceset/per_tert_r. bounds: [0.01, 1]
[2023-11-13 15:58:30.245] [cout] [info]   /forceset/ext_dig_r. bounds: [0.01, 1]
[2023-11-13 15:58:30.245] [cout] [info]   /forceset/ext_hal_r. bounds: [0.01, 1]
[2023-11-13 15:58:30.245] [cout] [info]   /forceset/lumbar_extension_actuator. bounds: [-inf, inf]
[2023-11-13 15:58:30.245] [cout] [info]   /forceset/lumbar_bending_actuator. bounds: [-inf, inf]
[2023-11-13 15:58:30.245] [cout] [info]   /forceset/lumbar_rotation_actuator. bounds: [-inf, inf]
[2023-11-13 15:58:30.245] [cout] [info]   /forceset/arm_flex_r_actuator. bounds: [-inf, inf]
[2023-11-13 15:58:30.245] [cout] [info]   /forceset/arm_add_r_actuator. bounds: [-inf, inf]
[2023-11-13 15:58:30.245] [cout] [info]   /forceset/arm_rot_r_actuator. bounds: [-inf, inf]
[2023-11-13 15:58:30.245] [cout] [info]   /forceset/elbow_flex_r_actuator. bounds: [-inf, inf]
[2023-11-13 15:58:30.245] [cout] [info]   /forceset/pro_sup_r_actuator. bounds: [-inf, inf]
[2023-11-13 15:58:30.245] [cout] [info]   /forceset/hip_rotation_l_actuator. bounds: [-inf, inf]
[2023-11-13 15:58:30.245] [cout] [info]   /forceset/arm_flex_l_actuator. bounds: [-inf, inf]
[2023-11-13 15:58:30.245] [cout] [info]   /forceset/arm_add_l_actuator. bounds: [-inf, inf]
[2023-11-13 15:58:30.245] [cout] [info]   /forceset/arm_rot_l_actuator. bounds: [-inf, inf]
[2023-11-13 15:58:30.245] [cout] [info]   /forceset/elbow_flex_l_actuator. bounds: [-inf, inf]
[2023-11-13 15:58:30.245] [cout] [info]   /forceset/pro_sup_l_actuator. bounds: [-inf, inf]
[2023-11-13 15:58:30.245] [cout] [info]   /forceset/hip_flexion_l_actuator. bounds: [-inf, inf]
[2023-11-13 15:58:30.245] [cout] [info]   /forceset/hip_adduction_l_actuator. bounds: [-inf, inf]
[2023-11-13 15:58:30.245] [cout] [info]   /forceset/knee_angle_l_actuator. bounds: [-inf, inf]
[2023-11-13 15:58:30.245] [cout] [info]   /forceset/ankle_angle_l_actuator. bounds: [-inf, inf]
[2023-11-13 15:58:30.245] [cout] [info]   /forceset/subtalar_angle_l_actuator. bounds: [-inf, inf]
[2023-11-13 15:58:30.245] [cout] [info]   /forceset/hip_adduction_r_reserve. bounds: [-inf, inf]
[2023-11-13 15:58:30.246] [cout] [info]   /forceset/hip_rotation_r_reserve. bounds: [-inf, inf]
[2023-11-13 15:58:30.246] [cout] [info]   /forceset/knee_angle_r_reserve. bounds: [-inf, inf]
[2023-11-13 15:58:30.246] [cout] [info]   /forceset/ankle_angle_r_reserve. bounds: [-inf, inf]
[2023-11-13 15:58:30.246] [cout] [info]   /forceset/subtalar_angle_r_reserve. bounds: [-inf, inf]
[2023-11-13 15:58:30.246] [cout] [info]   /forceset/mtp_angle_r_reserve. bounds: [-inf, inf]
[2023-11-13 15:58:30.246] [cout] [info]   /forceset/pelvis_tx_residual. bounds: [-inf, inf]
[2023-11-13 15:58:30.246] [cout] [info]   /forceset/pelvis_ty_residual. bounds: [-inf, inf]
[2023-11-13 15:58:30.246] [cout] [info]   /forceset/pelvis_tz_residual. bounds: [-inf, inf]
[2023-11-13 15:58:30.246] [cout] [info]   /forceset/pelvis_tilt_residual. bounds: [-inf, inf]
[2023-11-13 15:58:30.246] [cout] [info]   /forceset/pelvis_list_residual. bounds: [-inf, inf]
[2023-11-13 15:58:30.246] [cout] [info]   /forceset/pelvis_rotation_residual. bounds: [-inf, inf]
[2023-11-13 15:58:30.246] [cout] [info] Parameters: none
[2023-11-13 15:58:32.689] [info] Number of threads: 8
[2023-11-13 16:06:58.094] [info] Set log level to Info.
[2023-11-13 16:06:58.097] [info] ------------------------------------------------------------------------
[2023-11-13 16:06:58.097] [info] Elapsed real time: 508 second(s) (8 minute(s), 28 second(s)).
[2023-11-13 16:06:58.097] [info] Mon Nov 13 16:06:58 2023
[2023-11-13 16:06:58.097] [warning] MocoCasADiSolver did NOT succeed:
[2023-11-13 16:06:58.097] [warning]   User_Requested_Stop
[2023-11-13 16:06:58.097] [info] ========================================================================
[2023-11-13 16:08:13.296] [info] ========================================================================
[2023-11-13 16:08:13.296] [info] MocoCasADiSolver starting.
[2023-11-13 16:08:13.296] [info] Mon Nov 13 16:08:13 2023
[2023-11-13 16:08:13.296] [info] ------------------------------------------------------------------------
[2023-11-13 16:08:13.296] [cout] [info] Costs: (total: 5)
[2023-11-13 16:08:13.296] [cout] [info]   state_tracking. MocoStateTrackingGoal, enabled: true, mode: cost, weight: 1.0
[2023-11-13 16:08:13.296] [cout] [info]         state: /jointset/ground_pelvis/pelvis_tilt/value, weight: 10.0
[2023-11-13 16:08:13.296] [cout] [info]         state: /jointset/ground_pelvis/pelvis_list/value, weight: 10.0
[2023-11-13 16:08:13.296] [cout] [info]         state: /jointset/ground_pelvis/pelvis_rotation/value, weight: 10.0
[2023-11-13 16:08:13.296] [cout] [info]         state: /jointset/ground_pelvis/pelvis_tx/value, weight: 5.0
[2023-11-13 16:08:13.296] [cout] [info]         state: /jointset/ground_pelvis/pelvis_ty/value, weight: 0.1
[2023-11-13 16:08:13.296] [cout] [info]         state: /jointset/ground_pelvis/pelvis_tz/value, weight: 2.5
[2023-11-13 16:08:13.296] [cout] [info]         state: /jointset/hip_r/hip_flexion_r/value, weight: 10.0
[2023-11-13 16:08:13.296] [cout] [info]         state: /jointset/hip_r/hip_adduction_r/value, weight: 5.0
[2023-11-13 16:08:13.296] [cout] [info]         state: /jointset/hip_r/hip_rotation_r/value, weight: 2.5
[2023-11-13 16:08:13.296] [cout] [info]         state: /jointset/hip_l/hip_flexion_l/value, weight: 10.0
[2023-11-13 16:08:13.296] [cout] [info]         state: /jointset/hip_l/hip_adduction_l/value, weight: 5.0
[2023-11-13 16:08:13.296] [cout] [info]         state: /jointset/hip_l/hip_rotation_l/value, weight: 2.5
[2023-11-13 16:08:13.296] [cout] [info]         state: /jointset/back/lumbar_extension/value, weight: 15.0
[2023-11-13 16:08:13.296] [cout] [info]         state: /jointset/back/lumbar_bending/value, weight: 10.0
[2023-11-13 16:08:13.296] [cout] [info]         state: /jointset/back/lumbar_rotation/value, weight: 5.0
[2023-11-13 16:08:13.296] [cout] [info]         state: /jointset/knee_r/knee_angle_r/value, weight: 10.0
[2023-11-13 16:08:13.296] [cout] [info]         state: /jointset/knee_l/knee_angle_l/value, weight: 10.0
[2023-11-13 16:08:13.296] [cout] [info]         state: /jointset/acromial_r/arm_flex_r/value, weight: 2.5
[2023-11-13 16:08:13.296] [cout] [info]         state: /jointset/acromial_r/arm_add_r/value, weight: 1.0
[2023-11-13 16:08:13.296] [cout] [info]         state: /jointset/acromial_r/arm_rot_r/value, weight: 1.0
[2023-11-13 16:08:13.296] [cout] [info]         state: /jointset/acromial_l/arm_flex_l/value, weight: 2.5
[2023-11-13 16:08:13.296] [cout] [info]         state: /jointset/acromial_l/arm_add_l/value, weight: 1.0
[2023-11-13 16:08:13.296] [cout] [info]         state: /jointset/acromial_l/arm_rot_l/value, weight: 1.0
[2023-11-13 16:08:13.296] [cout] [info]         state: /jointset/ankle_r/ankle_angle_r/value, weight: 2.5
[2023-11-13 16:08:13.296] [cout] [info]         state: /jointset/ankle_l/ankle_angle_l/value, weight: 2.5
[2023-11-13 16:08:13.296] [cout] [info]         state: /jointset/elbow_r/elbow_flex_r/value, weight: 5.0
[2023-11-13 16:08:13.296] [cout] [info]         state: /jointset/elbow_l/elbow_flex_l/value, weight: 5.0
[2023-11-13 16:08:13.296] [cout] [info]         state: /jointset/subtalar_r/subtalar_angle_r/value, weight: 1.0
[2023-11-13 16:08:13.296] [cout] [info]         state: /jointset/subtalar_l/subtalar_angle_l/value, weight: 1.0
[2023-11-13 16:08:13.296] [cout] [info]         state: /jointset/radioulnar_r/pro_sup_r/value, weight: 1.0
[2023-11-13 16:08:13.296] [cout] [info]         state: /jointset/radioulnar_l/pro_sup_l/value, weight: 1.0
[2023-11-13 16:08:13.296] [cout] [info]         state: /jointset/mtp_r/mtp_angle_r/value, weight: 0.5
[2023-11-13 16:08:13.296] [cout] [info]         state: /jointset/mtp_l/mtp_angle_l/value, weight: 0.5
[2023-11-13 16:08:13.296] [cout] [info]         state: /jointset/ground_pelvis/pelvis_tilt/speed, weight: 0.01
[2023-11-13 16:08:13.296] [cout] [info]         state: /jointset/ground_pelvis/pelvis_list/speed, weight: 0.01
[2023-11-13 16:08:13.296] [cout] [info]         state: /jointset/ground_pelvis/pelvis_rotation/speed, weight: 0.01
[2023-11-13 16:08:13.296] [cout] [info]         state: /jointset/ground_pelvis/pelvis_tx/speed, weight: 0.00500000
[2023-11-13 16:08:13.296] [cout] [info]         state: /jointset/ground_pelvis/pelvis_ty/speed, weight: 0.000100000
[2023-11-13 16:08:13.296] [cout] [info]         state: /jointset/ground_pelvis/pelvis_tz/speed, weight: 0.00250000
[2023-11-13 16:08:13.296] [cout] [info]         state: /jointset/hip_r/hip_flexion_r/speed, weight: 0.01
[2023-11-13 16:08:13.296] [cout] [info]         state: /jointset/hip_r/hip_adduction_r/speed, weight: 0.00500000
[2023-11-13 16:08:13.296] [cout] [info]         state: /jointset/hip_r/hip_rotation_r/speed, weight: 0.00250000
[2023-11-13 16:08:13.296] [cout] [info]         state: /jointset/hip_l/hip_flexion_l/speed, weight: 0.01
[2023-11-13 16:08:13.296] [cout] [info]         state: /jointset/hip_l/hip_adduction_l/speed, weight: 0.00500000
[2023-11-13 16:08:13.296] [cout] [info]         state: /jointset/hip_l/hip_rotation_l/speed, weight: 0.00250000
[2023-11-13 16:08:13.296] [cout] [info]         state: /jointset/back/lumbar_extension/speed, weight: 0.015
[2023-11-13 16:08:13.296] [cout] [info]         state: /jointset/back/lumbar_bending/speed, weight: 0.01
[2023-11-13 16:08:13.296] [cout] [info]         state: /jointset/back/lumbar_rotation/speed, weight: 0.00500000
[2023-11-13 16:08:13.296] [cout] [info]         state: /jointset/knee_r/knee_angle_r/speed, weight: 0.01
[2023-11-13 16:08:13.297] [cout] [info]         state: /jointset/knee_l/knee_angle_l/speed, weight: 0.01
[2023-11-13 16:08:13.297] [cout] [info]         state: /jointset/acromial_r/arm_flex_r/speed, weight: 0.00250000
[2023-11-13 16:08:13.297] [cout] [info]         state: /jointset/acromial_r/arm_add_r/speed, weight: 0.00100000
[2023-11-13 16:08:13.297] [cout] [info]         state: /jointset/acromial_r/arm_rot_r/speed, weight: 0.00100000
[2023-11-13 16:08:13.297] [cout] [info]         state: /jointset/acromial_l/arm_flex_l/speed, weight: 0.00250000
[2023-11-13 16:08:13.297] [cout] [info]         state: /jointset/acromial_l/arm_add_l/speed, weight: 0.00100000
[2023-11-13 16:08:13.297] [cout] [info]         state: /jointset/acromial_l/arm_rot_l/speed, weight: 0.00100000
[2023-11-13 16:08:13.297] [cout] [info]         state: /jointset/ankle_r/ankle_angle_r/speed, weight: 0.00250000
[2023-11-13 16:08:13.297] [cout] [info]         state: /jointset/ankle_l/ankle_angle_l/speed, weight: 0.00250000
[2023-11-13 16:08:13.297] [cout] [info]         state: /jointset/elbow_r/elbow_flex_r/speed, weight: 0.00500000
[2023-11-13 16:08:13.297] [cout] [info]         state: /jointset/elbow_l/elbow_flex_l/speed, weight: 0.00500000
[2023-11-13 16:08:13.297] [cout] [info]         state: /jointset/subtalar_r/subtalar_angle_r/speed, weight: 0.00100000
[2023-11-13 16:08:13.297] [cout] [info]         state: /jointset/subtalar_l/subtalar_angle_l/speed, weight: 0.00100000
[2023-11-13 16:08:13.297] [cout] [info]         state: /jointset/radioulnar_r/pro_sup_r/speed, weight: 0.00100000
[2023-11-13 16:08:13.297] [cout] [info]         state: /jointset/radioulnar_l/pro_sup_l/speed, weight: 0.00100000
[2023-11-13 16:08:13.297] [cout] [info]         state: /jointset/mtp_r/mtp_angle_r/speed, weight: 0.000500000
[2023-11-13 16:08:13.297] [cout] [info]         state: /jointset/mtp_l/mtp_angle_l/speed, weight: 0.000500000
[2023-11-13 16:08:13.297] [cout] [info]   control_effort. MocoControlGoal, enabled: true, mode: cost, weight: 0.00100000
[2023-11-13 16:08:13.297] [cout] [info]         control: /forceset/glut_med1_r, weight: 1.0
[2023-11-13 16:08:13.297] [cout] [info]         control: /forceset/glut_med2_r, weight: 1.0
[2023-11-13 16:08:13.297] [cout] [info]         control: /forceset/glut_med3_r, weight: 1.0
[2023-11-13 16:08:13.297] [cout] [info]         control: /forceset/glut_min1_r, weight: 1.0
[2023-11-13 16:08:13.297] [cout] [info]         control: /forceset/glut_min2_r, weight: 1.0
[2023-11-13 16:08:13.297] [cout] [info]         control: /forceset/glut_min3_r, weight: 1.0
[2023-11-13 16:08:13.297] [cout] [info]         control: /forceset/semimem_r, weight: 1.0
[2023-11-13 16:08:13.297] [cout] [info]         control: /forceset/semiten_r, weight: 1.0
[2023-11-13 16:08:13.297] [cout] [info]         control: /forceset/bifemlh_r, weight: 1.0
[2023-11-13 16:08:13.297] [cout] [info]         control: /forceset/bifemsh_r, weight: 1.0
[2023-11-13 16:08:13.297] [cout] [info]         control: /forceset/sar_r, weight: 1.0
[2023-11-13 16:08:13.297] [cout] [info]         control: /forceset/add_long_r, weight: 1.0
[2023-11-13 16:08:13.297] [cout] [info]         control: /forceset/add_brev_r, weight: 1.0
[2023-11-13 16:08:13.297] [cout] [info]         control: /forceset/add_mag1_r, weight: 1.0
[2023-11-13 16:08:13.297] [cout] [info]         control: /forceset/add_mag2_r, weight: 1.0
[2023-11-13 16:08:13.297] [cout] [info]         control: /forceset/add_mag3_r, weight: 1.0
[2023-11-13 16:08:13.297] [cout] [info]         control: /forceset/tfl_r, weight: 1.0
[2023-11-13 16:08:13.297] [cout] [info]         control: /forceset/pect_r, weight: 1.0
[2023-11-13 16:08:13.297] [cout] [info]         control: /forceset/grac_r, weight: 1.0
[2023-11-13 16:08:13.297] [cout] [info]         control: /forceset/glut_max1_r, weight: 1.0
[2023-11-13 16:08:13.297] [cout] [info]         control: /forceset/glut_max2_r, weight: 1.0
[2023-11-13 16:08:13.297] [cout] [info]         control: /forceset/glut_max3_r, weight: 1.0
[2023-11-13 16:08:13.297] [cout] [info]         control: /forceset/iliacus_r, weight: 1.0
[2023-11-13 16:08:13.297] [cout] [info]         control: /forceset/psoas_r, weight: 1.0
[2023-11-13 16:08:13.297] [cout] [info]         control: /forceset/quad_fem_r, weight: 1.0
[2023-11-13 16:08:13.297] [cout] [info]         control: /forceset/gem_r, weight: 1.0
[2023-11-13 16:08:13.297] [cout] [info]         control: /forceset/peri_r, weight: 1.0
[2023-11-13 16:08:13.297] [cout] [info]         control: /forceset/rect_fem_r, weight: 1.0
[2023-11-13 16:08:13.297] [cout] [info]         control: /forceset/vas_med_r, weight: 1.0
[2023-11-13 16:08:13.297] [cout] [info]         control: /forceset/vas_int_r, weight: 1.0
[2023-11-13 16:08:13.297] [cout] [info]         control: /forceset/vas_lat_r, weight: 1.0
[2023-11-13 16:08:13.297] [cout] [info]         control: /forceset/med_gas_r, weight: 1.0
[2023-11-13 16:08:13.297] [cout] [info]         control: /forceset/lat_gas_r, weight: 1.0
[2023-11-13 16:08:13.297] [cout] [info]         control: /forceset/soleus_r, weight: 1.0
[2023-11-13 16:08:13.297] [cout] [info]         control: /forceset/tib_post_r, weight: 1.0
[2023-11-13 16:08:13.297] [cout] [info]         control: /forceset/flex_dig_r, weight: 1.0
[2023-11-13 16:08:13.297] [cout] [info]         control: /forceset/flex_hal_r, weight: 1.0
[2023-11-13 16:08:13.297] [cout] [info]         control: /forceset/tib_ant_r, weight: 1.0
[2023-11-13 16:08:13.297] [cout] [info]         control: /forceset/per_brev_r, weight: 1.0
[2023-11-13 16:08:13.297] [cout] [info]         control: /forceset/per_long_r, weight: 1.0
[2023-11-13 16:08:13.297] [cout] [info]         control: /forceset/per_tert_r, weight: 1.0
[2023-11-13 16:08:13.297] [cout] [info]         control: /forceset/ext_dig_r, weight: 1.0
[2023-11-13 16:08:13.297] [cout] [info]         control: /forceset/ext_hal_r, weight: 1.0
[2023-11-13 16:08:13.297] [cout] [info]         control: /forceset/lumbar_extension_actuator, weight: 0.1
[2023-11-13 16:08:13.297] [cout] [info]         control: /forceset/lumbar_bending_actuator, weight: 0.1
[2023-11-13 16:08:13.297] [cout] [info]         control: /forceset/lumbar_rotation_actuator, weight: 0.1
[2023-11-13 16:08:13.297] [cout] [info]         control: /forceset/arm_flex_r_actuator, weight: 0.1
[2023-11-13 16:08:13.297] [cout] [info]         control: /forceset/arm_add_r_actuator, weight: 0.1
[2023-11-13 16:08:13.297] [cout] [info]         control: /forceset/arm_rot_r_actuator, weight: 0.1
[2023-11-13 16:08:13.297] [cout] [info]         control: /forceset/elbow_flex_r_actuator, weight: 0.1
[2023-11-13 16:08:13.297] [cout] [info]         control: /forceset/pro_sup_r_actuator, weight: 0.1
[2023-11-13 16:08:13.297] [cout] [info]         control: /forceset/arm_flex_l_actuator, weight: 0.1
[2023-11-13 16:08:13.297] [cout] [info]         control: /forceset/arm_add_l_actuator, weight: 0.1
[2023-11-13 16:08:13.297] [cout] [info]         control: /forceset/arm_rot_l_actuator, weight: 0.1
[2023-11-13 16:08:13.297] [cout] [info]         control: /forceset/elbow_flex_l_actuator, weight: 0.1
[2023-11-13 16:08:13.297] [cout] [info]         control: /forceset/pro_sup_l_actuator, weight: 0.1
[2023-11-13 16:08:13.297] [cout] [info]         control: /forceset/hip_flexion_l_actuator, weight: 0.1
[2023-11-13 16:08:13.297] [cout] [info]         control: /forceset/hip_adduction_l_actuator, weight: 0.1
[2023-11-13 16:08:13.297] [cout] [info]         control: /forceset/hip_rotation_l_actuator, weight: 0.1
[2023-11-13 16:08:13.297] [cout] [info]         control: /forceset/knee_angle_l_actuator, weight: 0.1
[2023-11-13 16:08:13.297] [cout] [info]         control: /forceset/ankle_angle_l_actuator, weight: 0.1
[2023-11-13 16:08:13.297] [cout] [info]         control: /forceset/subtalar_angle_l_actuator, weight: 0.1
[2023-11-13 16:08:13.297] [cout] [info]         control: /forceset/mtp_angle_l_actuator, weight: 0.1
[2023-11-13 16:08:13.298] [cout] [info]         control: /forceset/hip_flexion_r_reserve, weight: 10.0
[2023-11-13 16:08:13.298] [cout] [info]         control: /forceset/hip_adduction_r_reserve, weight: 10.0
[2023-11-13 16:08:13.298] [cout] [info]         control: /forceset/hip_rotation_r_reserve, weight: 10.0
[2023-11-13 16:08:13.298] [cout] [info]         control: /forceset/knee_angle_r_reserve, weight: 10.0
[2023-11-13 16:08:13.298] [cout] [info]         control: /forceset/ankle_angle_r_reserve, weight: 10.0
[2023-11-13 16:08:13.298] [cout] [info]         control: /forceset/subtalar_angle_r_reserve, weight: 10.0
[2023-11-13 16:08:13.298] [cout] [info]         control: /forceset/mtp_angle_r_reserve, weight: 10.0
[2023-11-13 16:08:13.298] [cout] [info]         control: /forceset/pelvis_tx_residual, weight: 10.0
[2023-11-13 16:08:13.298] [cout] [info]         control: /forceset/pelvis_ty_residual, weight: 10.0
[2023-11-13 16:08:13.298] [cout] [info]         control: /forceset/pelvis_tz_residual, weight: 10.0
[2023-11-13 16:08:13.298] [cout] [info]         control: /forceset/pelvis_tilt_residual, weight: 10.0
[2023-11-13 16:08:13.298] [cout] [info]         control: /forceset/pelvis_list_residual, weight: 10.0
[2023-11-13 16:08:13.298] [cout] [info]         control: /forceset/pelvis_rotation_residual, weight: 10.0
[2023-11-13 16:08:13.298] [cout] [info]   contact0. MocoContactTrackingGoal, enabled: true, mode: cost, weight: 0.1
[2023-11-13 16:08:13.298] [cout] [info]         projection type: vector
[2023-11-13 16:08:13.298] [cout] [info]         projection vector: ~[1,0,0]
[2023-11-13 16:08:13.298] [cout] [info]         group 0: ExternalForce: LeftGRF1
[2023-11-13 16:08:13.298] [cout] [info]             forces:
[2023-11-13 16:08:13.298] [cout] [info]                 /forceset/contactForce_s1_l
[2023-11-13 16:08:13.298] [cout] [info]                 /forceset/contactForce_s2_l
[2023-11-13 16:08:13.298] [cout] [info]                 /forceset/contactForce_s3_l
[2023-11-13 16:08:13.298] [cout] [info]                 /forceset/contactForce_s4_l
[2023-11-13 16:08:13.298] [cout] [info]                 /forceset/contactForce_s5_l
[2023-11-13 16:08:13.298] [cout] [info]                 /forceset/contactForce_s6_l
[2023-11-13 16:08:13.298] [cout] [info]         group 1: ExternalForce: RightGRF1
[2023-11-13 16:08:13.298] [cout] [info]             forces:
[2023-11-13 16:08:13.298] [cout] [info]                 /forceset/contactForce_s1_r
[2023-11-13 16:08:13.298] [cout] [info]                 /forceset/contactForce_s2_r
[2023-11-13 16:08:13.298] [cout] [info]                 /forceset/contactForce_s3_r
[2023-11-13 16:08:13.298] [cout] [info]                 /forceset/contactForce_s4_r
[2023-11-13 16:08:13.298] [cout] [info]                 /forceset/contactForce_s5_r
[2023-11-13 16:08:13.298] [cout] [info]                 /forceset/contactForce_s6_r
[2023-11-13 16:08:13.298] [cout] [info]   contact1. MocoContactTrackingGoal, enabled: true, mode: cost, weight: 0.1
[2023-11-13 16:08:13.298] [cout] [info]         projection type: vector
[2023-11-13 16:08:13.298] [cout] [info]         projection vector: ~[0,1,0]
[2023-11-13 16:08:13.298] [cout] [info]         group 0: ExternalForce: LeftGRF1
[2023-11-13 16:08:13.298] [cout] [info]             forces:
[2023-11-13 16:08:13.298] [cout] [info]                 /forceset/contactForce_s1_l
[2023-11-13 16:08:13.298] [cout] [info]                 /forceset/contactForce_s2_l
[2023-11-13 16:08:13.298] [cout] [info]                 /forceset/contactForce_s3_l
[2023-11-13 16:08:13.298] [cout] [info]                 /forceset/contactForce_s4_l
[2023-11-13 16:08:13.298] [cout] [info]                 /forceset/contactForce_s5_l
[2023-11-13 16:08:13.298] [cout] [info]                 /forceset/contactForce_s6_l
[2023-11-13 16:08:13.298] [cout] [info]         group 1: ExternalForce: RightGRF1
[2023-11-13 16:08:13.298] [cout] [info]             forces:
[2023-11-13 16:08:13.298] [cout] [info]                 /forceset/contactForce_s1_r
[2023-11-13 16:08:13.298] [cout] [info]                 /forceset/contactForce_s2_r
[2023-11-13 16:08:13.298] [cout] [info]                 /forceset/contactForce_s3_r
[2023-11-13 16:08:13.298] [cout] [info]                 /forceset/contactForce_s4_r
[2023-11-13 16:08:13.298] [cout] [info]                 /forceset/contactForce_s5_r
[2023-11-13 16:08:13.298] [cout] [info]                 /forceset/contactForce_s6_r
[2023-11-13 16:08:13.298] [cout] [info]   contact2. MocoContactTrackingGoal, enabled: true, mode: cost, weight: 1.0
[2023-11-13 16:08:13.298] [cout] [info]         projection type: vector
[2023-11-13 16:08:13.298] [cout] [info]         projection vector: ~[0,0,1]
[2023-11-13 16:08:13.298] [cout] [info]         group 0: ExternalForce: LeftGRF1
[2023-11-13 16:08:13.298] [cout] [info]             forces:
[2023-11-13 16:08:13.298] [cout] [info]                 /forceset/contactForce_s1_l
[2023-11-13 16:08:13.298] [cout] [info]                 /forceset/contactForce_s2_l
[2023-11-13 16:08:13.298] [cout] [info]                 /forceset/contactForce_s3_l
[2023-11-13 16:08:13.298] [cout] [info]                 /forceset/contactForce_s4_l
[2023-11-13 16:08:13.298] [cout] [info]                 /forceset/contactForce_s5_l
[2023-11-13 16:08:13.298] [cout] [info]                 /forceset/contactForce_s6_l
[2023-11-13 16:08:13.298] [cout] [info]         group 1: ExternalForce: RightGRF1
[2023-11-13 16:08:13.298] [cout] [info]             forces:
[2023-11-13 16:08:13.298] [cout] [info]                 /forceset/contactForce_s1_r
[2023-11-13 16:08:13.298] [cout] [info]                 /forceset/contactForce_s2_r
[2023-11-13 16:08:13.298] [cout] [info]                 /forceset/contactForce_s3_r
[2023-11-13 16:08:13.298] [cout] [info]                 /forceset/contactForce_s4_r
[2023-11-13 16:08:13.298] [cout] [info]                 /forceset/contactForce_s5_r
[2023-11-13 16:08:13.298] [cout] [info]                 /forceset/contactForce_s6_r
[2023-11-13 16:08:13.298] [cout] [info] Endpoint constraints: none
[2023-11-13 16:08:13.298] [cout] [info] Kinematic constraints: none
[2023-11-13 16:08:13.298] [cout] [info] Path constraints: (total: 10)
[2023-11-13 16:08:13.298] [cout] [info]   . MocoConstraintInfo. number of scalar equations: 1. bounds: [0, 1]
[2023-11-13 16:08:13.298] [cout] [info]         output: /markerset/r_fp_heel1|location, type: SimTK::Vec3, index: 1, exponent: 1
[2023-11-13 16:08:13.298] [cout] [info]   . MocoConstraintInfo. number of scalar equations: 1. bounds: [0, 1]
[2023-11-13 16:08:13.298] [cout] [info]         output: /markerset/r_fp_heel2|location, type: SimTK::Vec3, index: 1, exponent: 1
[2023-11-13 16:08:13.299] [cout] [info]   . MocoConstraintInfo. number of scalar equations: 1. bounds: [0, 1]
[2023-11-13 16:08:13.299] [cout] [info]         output: /markerset/r_fp_mt1|location, type: SimTK::Vec3, index: 1, exponent: 1
[2023-11-13 16:08:13.299] [cout] [info]   . MocoConstraintInfo. number of scalar equations: 1. bounds: [0, 1]
[2023-11-13 16:08:13.299] [cout] [info]         output: /markerset/r_fp_mt2|location, type: SimTK::Vec3, index: 1, exponent: 1
[2023-11-13 16:08:13.299] [cout] [info]   . MocoConstraintInfo. number of scalar equations: 1. bounds: [0, 1]
[2023-11-13 16:08:13.299] [cout] [info]         output: /markerset/r_fp_toe|location, type: SimTK::Vec3, index: 1, exponent: 1
[2023-11-13 16:08:13.299] [cout] [info]   . MocoConstraintInfo. number of scalar equations: 1. bounds: [0, 1]
[2023-11-13 16:08:13.299] [cout] [info]         output: /markerset/l_fp_heel1|location, type: SimTK::Vec3, index: 1, exponent: 1
[2023-11-13 16:08:13.299] [cout] [info]   . MocoConstraintInfo. number of scalar equations: 1. bounds: [0, 1]
[2023-11-13 16:08:13.299] [cout] [info]         output: /markerset/l_fp_heel2|location, type: SimTK::Vec3, index: 1, exponent: 1
[2023-11-13 16:08:13.299] [cout] [info]   . MocoConstraintInfo. number of scalar equations: 1. bounds: [0, 1]
[2023-11-13 16:08:13.299] [cout] [info]         output: /markerset/l_fp_mt1|location, type: SimTK::Vec3, index: 1, exponent: 1
[2023-11-13 16:08:13.299] [cout] [info]   . MocoConstraintInfo. number of scalar equations: 1. bounds: [0, 1]
[2023-11-13 16:08:13.299] [cout] [info]         output: /markerset/l_fp_mt2|location, type: SimTK::Vec3, index: 1, exponent: 1
[2023-11-13 16:08:13.299] [cout] [info]   . MocoConstraintInfo. number of scalar equations: 1. bounds: [0, 1]
[2023-11-13 16:08:13.299] [cout] [info]         output: /markerset/l_fp_toe|location, type: SimTK::Vec3, index: 1, exponent: 1
[2023-11-13 16:08:13.299] [cout] [info] States: (total: 109)
[2023-11-13 16:08:13.299] [cout] [info]   /jointset/ground_pelvis/pelvis_tilt/value. bounds: [-1.5708, 1.5708]
[2023-11-13 16:08:13.299] [cout] [info]   /jointset/ground_pelvis/pelvis_list/value. bounds: [-1.5708, 1.5708]
[2023-11-13 16:08:13.299] [cout] [info]   /jointset/radioulnar_r/pro_sup_r/value. bounds: [0, 3.1416]
[2023-11-13 16:08:13.299] [cout] [info]   /jointset/ground_pelvis/pelvis_rotation/value. bounds: [-1.5708, 1.5708]
[2023-11-13 16:08:13.299] [cout] [info]   /jointset/ground_pelvis/pelvis_tx/value. bounds: [-20, 20]
[2023-11-13 16:08:13.299] [cout] [info]   /jointset/elbow_r/elbow_flex_r/value. bounds: [-0.17453, 2.618]
[2023-11-13 16:08:13.299] [cout] [info]   /jointset/ground_pelvis/pelvis_ty/value. bounds: [-2, 4]
[2023-11-13 16:08:13.299] [cout] [info]   /jointset/ground_pelvis/pelvis_tz/value. bounds: [-5, 5]
[2023-11-13 16:08:13.299] [cout] [info]   /jointset/hip_r/hip_adduction_r/speed. bounds: [-50, 50]
[2023-11-13 16:08:13.299] [cout] [info]   /jointset/ankle_r/ankle_angle_r/value. bounds: [-1.0472, 0.69813]
[2023-11-13 16:08:13.299] [cout] [info]   /jointset/hip_r/hip_flexion_r/value. bounds: [-0.69813, 1.7453]
[2023-11-13 16:08:13.299] [cout] [info]   /jointset/hip_r/hip_adduction_r/value. bounds: [-0.5236, 0.5236]
[2023-11-13 16:08:13.299] [cout] [info]   /jointset/back/lumbar_rotation/speed. bounds: [-50, 50]
[2023-11-13 16:08:13.299] [cout] [info]   /jointset/hip_r/hip_rotation_r/value. bounds: [-0.5236, 0.5236]
[2023-11-13 16:08:13.299] [cout] [info]   /jointset/mtp_l/mtp_angle_l/speed. bounds: [-50, 50]
[2023-11-13 16:08:13.299] [cout] [info]   /jointset/knee_r/knee_angle_r/value. bounds: [-2.7925, 0.17453]
[2023-11-13 16:08:13.299] [cout] [info]   /jointset/hip_l/hip_flexion_l/value. bounds: [-0.69813, 1.7453]
[2023-11-13 16:08:13.299] [cout] [info]   /jointset/subtalar_r/subtalar_angle_r/value. bounds: [-0.87266, 0.87266]
[2023-11-13 16:08:13.299] [cout] [info]   /jointset/mtp_r/mtp_angle_r/value. bounds: [-1.0472, 1.0472]
[2023-11-13 16:08:13.299] [cout] [info]   /jointset/hip_l/hip_adduction_l/value. bounds: [-0.5236, 0.5236]
[2023-11-13 16:08:13.299] [cout] [info]   /jointset/hip_l/hip_rotation_l/value. bounds: [-0.5236, 0.5236]
[2023-11-13 16:08:13.299] [cout] [info]   /forceset/glut_min1_r/activation. bounds: [0.01, 1]
[2023-11-13 16:08:13.299] [cout] [info]   /jointset/knee_l/knee_angle_l/value. bounds: [-2.7925, 0.17453]
[2023-11-13 16:08:13.299] [cout] [info]   /jointset/knee_r/knee_angle_r/speed. bounds: [-50, 50]
[2023-11-13 16:08:13.299] [cout] [info]   /jointset/ankle_l/ankle_angle_l/value. bounds: [-1.0472, 0.69813]
[2023-11-13 16:08:13.299] [cout] [info]   /jointset/subtalar_l/subtalar_angle_l/value. bounds: [-0.87266, 0.87266]
[2023-11-13 16:08:13.299] [cout] [info]   /jointset/mtp_l/mtp_angle_l/value. bounds: [-1.0472, 1.0472]
[2023-11-13 16:08:13.299] [cout] [info]   /forceset/bifemsh_r/activation. bounds: [0.01, 1]
[2023-11-13 16:08:13.299] [cout] [info]   /jointset/back/lumbar_extension/value. bounds: [-0.7854, 0.17453]
[2023-11-13 16:08:13.299] [cout] [info]   /jointset/back/lumbar_bending/value. bounds: [-0.34907, 0.34907]
[2023-11-13 16:08:13.299] [cout] [info]   /jointset/back/lumbar_rotation/value. bounds: [-0.5236, 0.5236]
[2023-11-13 16:08:13.299] [cout] [info]   /jointset/acromial_r/arm_flex_r/value. bounds: [-1.5708, 1.5708]
[2023-11-13 16:08:13.299] [cout] [info]   /jointset/acromial_r/arm_add_r/value. bounds: [-2.0944, 1.5708]
[2023-11-13 16:08:13.299] [cout] [info]   /jointset/acromial_r/arm_rot_r/value. bounds: [-1.5708, 1.5708]
[2023-11-13 16:08:13.299] [cout] [info]   /jointset/acromial_l/arm_flex_l/value. bounds: [-1.5708, 1.5708]
[2023-11-13 16:08:13.299] [cout] [info]   /jointset/acromial_l/arm_add_l/value. bounds: [-2.0944, 1.5708]
[2023-11-13 16:08:13.300] [cout] [info]   /jointset/acromial_l/arm_rot_l/value. bounds: [-1.5708, 1.5708]
[2023-11-13 16:08:13.300] [cout] [info]   /jointset/elbow_l/elbow_flex_l/value. bounds: [-0.17453, 2.618]
[2023-11-13 16:08:13.300] [cout] [info]   /jointset/radioulnar_l/pro_sup_l/value. bounds: [0, 3.1416]
[2023-11-13 16:08:13.300] [cout] [info]   /jointset/ground_pelvis/pelvis_tilt/speed. bounds: [-50, 50]
[2023-11-13 16:08:13.300] [cout] [info]   /jointset/ground_pelvis/pelvis_list/speed. bounds: [-50, 50]
[2023-11-13 16:08:13.300] [cout] [info]   /jointset/radioulnar_r/pro_sup_r/speed. bounds: [-50, 50]
[2023-11-13 16:08:13.300] [cout] [info]   /jointset/ground_pelvis/pelvis_rotation/speed. bounds: [-50, 50]
[2023-11-13 16:08:13.300] [cout] [info]   /jointset/ground_pelvis/pelvis_tx/speed. bounds: [-50, 50]
[2023-11-13 16:08:13.300] [cout] [info]   /jointset/elbow_r/elbow_flex_r/speed. bounds: [-50, 50]
[2023-11-13 16:08:13.300] [cout] [info]   /jointset/ground_pelvis/pelvis_ty/speed. bounds: [-50, 50]
[2023-11-13 16:08:13.300] [cout] [info]   /jointset/ground_pelvis/pelvis_tz/speed. bounds: [-50, 50]
[2023-11-13 16:08:13.300] [cout] [info]   /jointset/ankle_r/ankle_angle_r/speed. bounds: [-50, 50]
[2023-11-13 16:08:13.300] [cout] [info]   /jointset/hip_r/hip_flexion_r/speed. bounds: [-50, 50]
[2023-11-13 16:08:13.300] [cout] [info]   /jointset/hip_r/hip_rotation_r/speed. bounds: [-50, 50]
[2023-11-13 16:08:13.300] [cout] [info]   /jointset/hip_l/hip_flexion_l/speed. bounds: [-50, 50]
[2023-11-13 16:08:13.300] [cout] [info]   /jointset/subtalar_r/subtalar_angle_r/speed. bounds: [-50, 50]
[2023-11-13 16:08:13.300] [cout] [info]   /jointset/mtp_r/mtp_angle_r/speed. bounds: [-50, 50]
[2023-11-13 16:08:13.300] [cout] [info]   /jointset/hip_l/hip_adduction_l/speed. bounds: [-50, 50]
[2023-11-13 16:08:13.300] [cout] [info]   /jointset/hip_l/hip_rotation_l/speed. bounds: [-50, 50]
[2023-11-13 16:08:13.300] [cout] [info]   /jointset/knee_l/knee_angle_l/speed. bounds: [-50, 50]
[2023-11-13 16:08:13.300] [cout] [info]   /jointset/ankle_l/ankle_angle_l/speed. bounds: [-50, 50]
[2023-11-13 16:08:13.300] [cout] [info]   /jointset/subtalar_l/subtalar_angle_l/speed. bounds: [-50, 50]
[2023-11-13 16:08:13.300] [cout] [info]   /jointset/back/lumbar_extension/speed. bounds: [-50, 50]
[2023-11-13 16:08:13.300] [cout] [info]   /jointset/back/lumbar_bending/speed. bounds: [-50, 50]
[2023-11-13 16:08:13.300] [cout] [info]   /jointset/acromial_r/arm_flex_r/speed. bounds: [-50, 50]
[2023-11-13 16:08:13.300] [cout] [info]   /jointset/acromial_r/arm_add_r/speed. bounds: [-50, 50]
[2023-11-13 16:08:13.300] [cout] [info]   /jointset/acromial_r/arm_rot_r/speed. bounds: [-50, 50]
[2023-11-13 16:08:13.300] [cout] [info]   /jointset/acromial_l/arm_flex_l/speed. bounds: [-50, 50]
[2023-11-13 16:08:13.300] [cout] [info]   /jointset/acromial_l/arm_add_l/speed. bounds: [-50, 50]
[2023-11-13 16:08:13.300] [cout] [info]   /jointset/acromial_l/arm_rot_l/speed. bounds: [-50, 50]
[2023-11-13 16:08:13.300] [cout] [info]   /jointset/elbow_l/elbow_flex_l/speed. bounds: [-50, 50]
[2023-11-13 16:08:13.300] [cout] [info]   /jointset/radioulnar_l/pro_sup_l/speed. bounds: [-50, 50]
[2023-11-13 16:08:13.300] [cout] [info]   /forceset/glut_med1_r/activation. bounds: [0.01, 1]
[2023-11-13 16:08:13.300] [cout] [info]   /forceset/glut_med2_r/activation. bounds: [0.01, 1]
[2023-11-13 16:08:13.300] [cout] [info]   /forceset/glut_med3_r/activation. bounds: [0.01, 1]
[2023-11-13 16:08:13.300] [cout] [info]   /forceset/glut_min2_r/activation. bounds: [0.01, 1]
[2023-11-13 16:08:13.300] [cout] [info]   /forceset/glut_min3_r/activation. bounds: [0.01, 1]
[2023-11-13 16:08:13.300] [cout] [info]   /forceset/semimem_r/activation. bounds: [0.01, 1]
[2023-11-13 16:08:13.300] [cout] [info]   /forceset/semiten_r/activation. bounds: [0.01, 1]
[2023-11-13 16:08:13.300] [cout] [info]   /forceset/bifemlh_r/activation. bounds: [0.01, 1]
[2023-11-13 16:08:13.300] [cout] [info]   /forceset/sar_r/activation. bounds: [0.01, 1]
[2023-11-13 16:08:13.300] [cout] [info]   /forceset/add_long_r/activation. bounds: [0.01, 1]
[2023-11-13 16:08:13.300] [cout] [info]   /forceset/add_brev_r/activation. bounds: [0.01, 1]
[2023-11-13 16:08:13.300] [cout] [info]   /forceset/add_mag1_r/activation. bounds: [0.01, 1]
[2023-11-13 16:08:13.300] [cout] [info]   /forceset/add_mag2_r/activation. bounds: [0.01, 1]
[2023-11-13 16:08:13.300] [cout] [info]   /forceset/add_mag3_r/activation. bounds: [0.01, 1]
[2023-11-13 16:08:13.300] [cout] [info]   /forceset/tfl_r/activation. bounds: [0.01, 1]
[2023-11-13 16:08:13.300] [cout] [info]   /forceset/pect_r/activation. bounds: [0.01, 1]
[2023-11-13 16:08:13.300] [cout] [info]   /forceset/grac_r/activation. bounds: [0.01, 1]
[2023-11-13 16:08:13.300] [cout] [info]   /forceset/glut_max1_r/activation. bounds: [0.01, 1]
[2023-11-13 16:08:13.300] [cout] [info]   /forceset/glut_max2_r/activation. bounds: [0.01, 1]
[2023-11-13 16:08:13.300] [cout] [info]   /forceset/glut_max3_r/activation. bounds: [0.01, 1]
[2023-11-13 16:08:13.300] [cout] [info]   /forceset/iliacus_r/activation. bounds: [0.01, 1]
[2023-11-13 16:08:13.300] [cout] [info]   /forceset/psoas_r/activation. bounds: [0.01, 1]
[2023-11-13 16:08:13.300] [cout] [info]   /forceset/quad_fem_r/activation. bounds: [0.01, 1]
[2023-11-13 16:08:13.300] [cout] [info]   /forceset/gem_r/activation. bounds: [0.01, 1]
[2023-11-13 16:08:13.300] [cout] [info]   /forceset/peri_r/activation. bounds: [0.01, 1]
[2023-11-13 16:08:13.300] [cout] [info]   /forceset/rect_fem_r/activation. bounds: [0.01, 1]
[2023-11-13 16:08:13.300] [cout] [info]   /forceset/vas_med_r/activation. bounds: [0.01, 1]
[2023-11-13 16:08:13.300] [cout] [info]   /forceset/vas_int_r/activation. bounds: [0.01, 1]
[2023-11-13 16:08:13.300] [cout] [info]   /forceset/vas_lat_r/activation. bounds: [0.01, 1]
[2023-11-13 16:08:13.300] [cout] [info]   /forceset/med_gas_r/activation. bounds: [0.01, 1]
[2023-11-13 16:08:13.300] [cout] [info]   /forceset/lat_gas_r/activation. bounds: [0.01, 1]
[2023-11-13 16:08:13.300] [cout] [info]   /forceset/soleus_r/activation. bounds: [0.01, 1]
[2023-11-13 16:08:13.300] [cout] [info]   /forceset/tib_post_r/activation. bounds: [0.01, 1]
[2023-11-13 16:08:13.300] [cout] [info]   /forceset/flex_dig_r/activation. bounds: [0.01, 1]
[2023-11-13 16:08:13.300] [cout] [info]   /forceset/flex_hal_r/activation. bounds: [0.01, 1]
[2023-11-13 16:08:13.301] [cout] [info]   /forceset/tib_ant_r/activation. bounds: [0.01, 1]
[2023-11-13 16:08:13.301] [cout] [info]   /forceset/per_brev_r/activation. bounds: [0.01, 1]
[2023-11-13 16:08:13.301] [cout] [info]   /forceset/per_long_r/activation. bounds: [0.01, 1]
[2023-11-13 16:08:13.301] [cout] [info]   /forceset/per_tert_r/activation. bounds: [0.01, 1]
[2023-11-13 16:08:13.301] [cout] [info]   /forceset/ext_dig_r/activation. bounds: [0.01, 1]
[2023-11-13 16:08:13.301] [cout] [info]   /forceset/ext_hal_r/activation. bounds: [0.01, 1]
[2023-11-13 16:08:13.301] [cout] [info] Controls: (total: 76)
[2023-11-13 16:08:13.301] [cout] [info]   /forceset/glut_med1_r. bounds: [0.01, 1]
[2023-11-13 16:08:13.301] [cout] [info]   /forceset/glut_med2_r. bounds: [0.01, 1]
[2023-11-13 16:08:13.301] [cout] [info]   /forceset/glut_med3_r. bounds: [0.01, 1]
[2023-11-13 16:08:13.301] [cout] [info]   /forceset/glut_min1_r. bounds: [0.01, 1]
[2023-11-13 16:08:13.301] [cout] [info]   /forceset/glut_min2_r. bounds: [0.01, 1]
[2023-11-13 16:08:13.301] [cout] [info]   /forceset/glut_min3_r. bounds: [0.01, 1]
[2023-11-13 16:08:13.301] [cout] [info]   /forceset/mtp_angle_l_actuator. bounds: [-inf, inf]
[2023-11-13 16:08:13.301] [cout] [info]   /forceset/semimem_r. bounds: [0.01, 1]
[2023-11-13 16:08:13.301] [cout] [info]   /forceset/semiten_r. bounds: [0.01, 1]
[2023-11-13 16:08:13.301] [cout] [info]   /forceset/bifemlh_r. bounds: [0.01, 1]
[2023-11-13 16:08:13.301] [cout] [info]   /forceset/bifemsh_r. bounds: [0.01, 1]
[2023-11-13 16:08:13.301] [cout] [info]   /forceset/sar_r. bounds: [0.01, 1]
[2023-11-13 16:08:13.301] [cout] [info]   /forceset/add_long_r. bounds: [0.01, 1]
[2023-11-13 16:08:13.301] [cout] [info]   /forceset/add_brev_r. bounds: [0.01, 1]
[2023-11-13 16:08:13.301] [cout] [info]   /forceset/add_mag1_r. bounds: [0.01, 1]
[2023-11-13 16:08:13.301] [cout] [info]   /forceset/add_mag2_r. bounds: [0.01, 1]
[2023-11-13 16:08:13.301] [cout] [info]   /forceset/add_mag3_r. bounds: [0.01, 1]
[2023-11-13 16:08:13.301] [cout] [info]   /forceset/tfl_r. bounds: [0.01, 1]
[2023-11-13 16:08:13.301] [cout] [info]   /forceset/pect_r. bounds: [0.01, 1]
[2023-11-13 16:08:13.301] [cout] [info]   /forceset/grac_r. bounds: [0.01, 1]
[2023-11-13 16:08:13.301] [cout] [info]   /forceset/hip_flexion_r_reserve. bounds: [-inf, inf]
[2023-11-13 16:08:13.301] [cout] [info]   /forceset/glut_max1_r. bounds: [0.01, 1]
[2023-11-13 16:08:13.301] [cout] [info]   /forceset/glut_max2_r. bounds: [0.01, 1]
[2023-11-13 16:08:13.301] [cout] [info]   /forceset/glut_max3_r. bounds: [0.01, 1]
[2023-11-13 16:08:13.301] [cout] [info]   /forceset/iliacus_r. bounds: [0.01, 1]
[2023-11-13 16:08:13.301] [cout] [info]   /forceset/psoas_r. bounds: [0.01, 1]
[2023-11-13 16:08:13.301] [cout] [info]   /forceset/quad_fem_r. bounds: [0.01, 1]
[2023-11-13 16:08:13.301] [cout] [info]   /forceset/gem_r. bounds: [0.01, 1]
[2023-11-13 16:08:13.301] [cout] [info]   /forceset/peri_r. bounds: [0.01, 1]
[2023-11-13 16:08:13.301] [cout] [info]   /forceset/rect_fem_r. bounds: [0.01, 1]
[2023-11-13 16:08:13.301] [cout] [info]   /forceset/vas_med_r. bounds: [0.01, 1]
[2023-11-13 16:08:13.301] [cout] [info]   /forceset/vas_int_r. bounds: [0.01, 1]
[2023-11-13 16:08:13.301] [cout] [info]   /forceset/vas_lat_r. bounds: [0.01, 1]
[2023-11-13 16:08:13.301] [cout] [info]   /forceset/med_gas_r. bounds: [0.01, 1]
[2023-11-13 16:08:13.301] [cout] [info]   /forceset/lat_gas_r. bounds: [0.01, 1]
[2023-11-13 16:08:13.301] [cout] [info]   /forceset/soleus_r. bounds: [0.01, 1]
[2023-11-13 16:08:13.301] [cout] [info]   /forceset/tib_post_r. bounds: [0.01, 1]
[2023-11-13 16:08:13.301] [cout] [info]   /forceset/flex_dig_r. bounds: [0.01, 1]
[2023-11-13 16:08:13.301] [cout] [info]   /forceset/flex_hal_r. bounds: [0.01, 1]
[2023-11-13 16:08:13.301] [cout] [info]   /forceset/tib_ant_r. bounds: [0.01, 1]
[2023-11-13 16:08:13.301] [cout] [info]   /forceset/per_brev_r. bounds: [0.01, 1]
[2023-11-13 16:08:13.301] [cout] [info]   /forceset/per_long_r. bounds: [0.01, 1]
[2023-11-13 16:08:13.301] [cout] [info]   /forceset/per_tert_r. bounds: [0.01, 1]
[2023-11-13 16:08:13.301] [cout] [info]   /forceset/ext_dig_r. bounds: [0.01, 1]
[2023-11-13 16:08:13.301] [cout] [info]   /forceset/ext_hal_r. bounds: [0.01, 1]
[2023-11-13 16:08:13.301] [cout] [info]   /forceset/lumbar_extension_actuator. bounds: [-inf, inf]
[2023-11-13 16:08:13.301] [cout] [info]   /forceset/lumbar_bending_actuator. bounds: [-inf, inf]
[2023-11-13 16:08:13.301] [cout] [info]   /forceset/lumbar_rotation_actuator. bounds: [-inf, inf]
[2023-11-13 16:08:13.301] [cout] [info]   /forceset/arm_flex_r_actuator. bounds: [-inf, inf]
[2023-11-13 16:08:13.301] [cout] [info]   /forceset/arm_add_r_actuator. bounds: [-inf, inf]
[2023-11-13 16:08:13.301] [cout] [info]   /forceset/arm_rot_r_actuator. bounds: [-inf, inf]
[2023-11-13 16:08:13.301] [cout] [info]   /forceset/elbow_flex_r_actuator. bounds: [-inf, inf]
[2023-11-13 16:08:13.301] [cout] [info]   /forceset/pro_sup_r_actuator. bounds: [-inf, inf]
[2023-11-13 16:08:13.301] [cout] [info]   /forceset/hip_rotation_l_actuator. bounds: [-inf, inf]
[2023-11-13 16:08:13.301] [cout] [info]   /forceset/arm_flex_l_actuator. bounds: [-inf, inf]
[2023-11-13 16:08:13.301] [cout] [info]   /forceset/arm_add_l_actuator. bounds: [-inf, inf]
[2023-11-13 16:08:13.301] [cout] [info]   /forceset/arm_rot_l_actuator. bounds: [-inf, inf]
[2023-11-13 16:08:13.301] [cout] [info]   /forceset/elbow_flex_l_actuator. bounds: [-inf, inf]
[2023-11-13 16:08:13.301] [cout] [info]   /forceset/pro_sup_l_actuator. bounds: [-inf, inf]
[2023-11-13 16:08:13.301] [cout] [info]   /forceset/hip_flexion_l_actuator. bounds: [-inf, inf]
[2023-11-13 16:08:13.301] [cout] [info]   /forceset/hip_adduction_l_actuator. bounds: [-inf, inf]
[2023-11-13 16:08:13.302] [cout] [info]   /forceset/knee_angle_l_actuator. bounds: [-inf, inf]
[2023-11-13 16:08:13.302] [cout] [info]   /forceset/ankle_angle_l_actuator. bounds: [-inf, inf]
[2023-11-13 16:08:13.302] [cout] [info]   /forceset/subtalar_angle_l_actuator. bounds: [-inf, inf]
[2023-11-13 16:08:13.302] [cout] [info]   /forceset/hip_adduction_r_reserve. bounds: [-inf, inf]
[2023-11-13 16:08:13.302] [cout] [info]   /forceset/hip_rotation_r_reserve. bounds: [-inf, inf]
[2023-11-13 16:08:13.302] [cout] [info]   /forceset/knee_angle_r_reserve. bounds: [-inf, inf]
[2023-11-13 16:08:13.302] [cout] [info]   /forceset/ankle_angle_r_reserve. bounds: [-inf, inf]
[2023-11-13 16:08:13.302] [cout] [info]   /forceset/subtalar_angle_r_reserve. bounds: [-inf, inf]
[2023-11-13 16:08:13.302] [cout] [info]   /forceset/mtp_angle_r_reserve. bounds: [-inf, inf]
[2023-11-13 16:08:13.302] [cout] [info]   /forceset/pelvis_tx_residual. bounds: [-inf, inf]
[2023-11-13 16:08:13.302] [cout] [info]   /forceset/pelvis_ty_residual. bounds: [-inf, inf]
[2023-11-13 16:08:13.302] [cout] [info]   /forceset/pelvis_tz_residual. bounds: [-inf, inf]
[2023-11-13 16:08:13.302] [cout] [info]   /forceset/pelvis_tilt_residual. bounds: [-inf, inf]
[2023-11-13 16:08:13.302] [cout] [info]   /forceset/pelvis_list_residual. bounds: [-inf, inf]
[2023-11-13 16:08:13.302] [cout] [info]   /forceset/pelvis_rotation_residual. bounds: [-inf, inf]
[2023-11-13 16:08:13.302] [cout] [info] Parameters: none
[2023-11-13 16:08:22.962] [info] Number of threads: 8
[2023-11-13 16:24:37.065] [info] Set log level to Info.
[2023-11-13 16:24:37.069] [info] ------------------------------------------------------------------------
[2023-11-13 16:24:37.069] [info] Elapsed real time: 984 second(s) (16 minute(s), 24 second(s)).
[2023-11-13 16:24:37.069] [info] Mon Nov 13 16:24:37 2023
[2023-11-13 16:24:37.069] [warning] MocoCasADiSolver did NOT succeed:
[2023-11-13 16:24:37.069] [warning]   User_Requested_Stop
[2023-11-13 16:24:37.069] [info] ========================================================================
[2023-11-13 16:26:24.631] [cout] [info] Exiting visualization.
[2023-11-13 16:30:24.523] [info] Loaded model JA1_SCALED from file ..\model\JA1_SCALED_Osim4_Muscles.osim
[2023-11-13 16:30:53.230] [info] Loaded model JA1_SCALED from file ..\model\JA1_SCALED_Osim4_Muscles.osim
[2023-11-13 16:31:00.880] [info] ========================================================================
[2023-11-13 16:31:00.880] [info] MocoCasADiSolver starting.
[2023-11-13 16:31:00.880] [info] Mon Nov 13 16:31:00 2023
[2023-11-13 16:31:00.880] [info] ------------------------------------------------------------------------
[2023-11-13 16:31:00.880] [cout] [info] Costs: (total: 5)
[2023-11-13 16:31:00.880] [cout] [info]   state_tracking. MocoStateTrackingGoal, enabled: true, mode: cost, weight: 1.0
[2023-11-13 16:31:00.880] [cout] [info]         state: /jointset/ground_pelvis/pelvis_tilt/value, weight: 10.0
[2023-11-13 16:31:00.880] [cout] [info]         state: /jointset/ground_pelvis/pelvis_list/value, weight: 10.0
[2023-11-13 16:31:00.882] [cout] [info]         state: /jointset/ground_pelvis/pelvis_rotation/value, weight: 10.0
[2023-11-13 16:31:00.882] [cout] [info]         state: /jointset/ground_pelvis/pelvis_tx/value, weight: 5.0
[2023-11-13 16:31:00.882] [cout] [info]         state: /jointset/ground_pelvis/pelvis_ty/value, weight: 0.1
[2023-11-13 16:31:00.882] [cout] [info]         state: /jointset/ground_pelvis/pelvis_tz/value, weight: 2.5
[2023-11-13 16:31:00.882] [cout] [info]         state: /jointset/hip_r/hip_flexion_r/value, weight: 10.0
[2023-11-13 16:31:00.882] [cout] [info]         state: /jointset/hip_r/hip_adduction_r/value, weight: 5.0
[2023-11-13 16:31:00.882] [cout] [info]         state: /jointset/hip_r/hip_rotation_r/value, weight: 2.5
[2023-11-13 16:31:00.882] [cout] [info]         state: /jointset/hip_l/hip_flexion_l/value, weight: 10.0
[2023-11-13 16:31:00.882] [cout] [info]         state: /jointset/hip_l/hip_adduction_l/value, weight: 5.0
[2023-11-13 16:31:00.882] [cout] [info]         state: /jointset/hip_l/hip_rotation_l/value, weight: 2.5
[2023-11-13 16:31:00.882] [cout] [info]         state: /jointset/back/lumbar_extension/value, weight: 15.0
[2023-11-13 16:31:00.882] [cout] [info]         state: /jointset/back/lumbar_bending/value, weight: 10.0
[2023-11-13 16:31:00.882] [cout] [info]         state: /jointset/back/lumbar_rotation/value, weight: 5.0
[2023-11-13 16:31:00.882] [cout] [info]         state: /jointset/knee_r/knee_angle_r/value, weight: 10.0
[2023-11-13 16:31:00.882] [cout] [info]         state: /jointset/knee_l/knee_angle_l/value, weight: 10.0
[2023-11-13 16:31:00.882] [cout] [info]         state: /jointset/acromial_r/arm_flex_r/value, weight: 2.5
[2023-11-13 16:31:00.882] [cout] [info]         state: /jointset/acromial_r/arm_add_r/value, weight: 1.0
[2023-11-13 16:31:00.882] [cout] [info]         state: /jointset/acromial_r/arm_rot_r/value, weight: 1.0
[2023-11-13 16:31:00.882] [cout] [info]         state: /jointset/acromial_l/arm_flex_l/value, weight: 2.5
[2023-11-13 16:31:00.882] [cout] [info]         state: /jointset/acromial_l/arm_add_l/value, weight: 1.0
[2023-11-13 16:31:00.882] [cout] [info]         state: /jointset/acromial_l/arm_rot_l/value, weight: 1.0
[2023-11-13 16:31:00.882] [cout] [info]         state: /jointset/ankle_r/ankle_angle_r/value, weight: 2.5
[2023-11-13 16:31:00.882] [cout] [info]         state: /jointset/ankle_l/ankle_angle_l/value, weight: 2.5
[2023-11-13 16:31:00.882] [cout] [info]         state: /jointset/elbow_r/elbow_flex_r/value, weight: 5.0
[2023-11-13 16:31:00.882] [cout] [info]         state: /jointset/elbow_l/elbow_flex_l/value, weight: 5.0
[2023-11-13 16:31:00.882] [cout] [info]         state: /jointset/subtalar_r/subtalar_angle_r/value, weight: 1.0
[2023-11-13 16:31:00.882] [cout] [info]         state: /jointset/subtalar_l/subtalar_angle_l/value, weight: 1.0
[2023-11-13 16:31:00.882] [cout] [info]         state: /jointset/radioulnar_r/pro_sup_r/value, weight: 1.0
[2023-11-13 16:31:00.882] [cout] [info]         state: /jointset/radioulnar_l/pro_sup_l/value, weight: 1.0
[2023-11-13 16:31:00.882] [cout] [info]         state: /jointset/mtp_r/mtp_angle_r/value, weight: 0.5
[2023-11-13 16:31:00.882] [cout] [info]         state: /jointset/mtp_l/mtp_angle_l/value, weight: 0.5
[2023-11-13 16:31:00.882] [cout] [info]         state: /jointset/ground_pelvis/pelvis_tilt/speed, weight: 0.01
[2023-11-13 16:31:00.882] [cout] [info]         state: /jointset/ground_pelvis/pelvis_list/speed, weight: 0.01
[2023-11-13 16:31:00.882] [cout] [info]         state: /jointset/ground_pelvis/pelvis_rotation/speed, weight: 0.01
[2023-11-13 16:31:00.882] [cout] [info]         state: /jointset/ground_pelvis/pelvis_tx/speed, weight: 0.00500000
[2023-11-13 16:31:00.882] [cout] [info]         state: /jointset/ground_pelvis/pelvis_ty/speed, weight: 0.000100000
[2023-11-13 16:31:00.882] [cout] [info]         state: /jointset/ground_pelvis/pelvis_tz/speed, weight: 0.00250000
[2023-11-13 16:31:00.882] [cout] [info]         state: /jointset/hip_r/hip_flexion_r/speed, weight: 0.01
[2023-11-13 16:31:00.882] [cout] [info]         state: /jointset/hip_r/hip_adduction_r/speed, weight: 0.00500000
[2023-11-13 16:31:00.882] [cout] [info]         state: /jointset/hip_r/hip_rotation_r/speed, weight: 0.00250000
[2023-11-13 16:31:00.882] [cout] [info]         state: /jointset/hip_l/hip_flexion_l/speed, weight: 0.01
[2023-11-13 16:31:00.882] [cout] [info]         state: /jointset/hip_l/hip_adduction_l/speed, weight: 0.00500000
[2023-11-13 16:31:00.882] [cout] [info]         state: /jointset/hip_l/hip_rotation_l/speed, weight: 0.00250000
[2023-11-13 16:31:00.882] [cout] [info]         state: /jointset/back/lumbar_extension/speed, weight: 0.015
[2023-11-13 16:31:00.882] [cout] [info]         state: /jointset/back/lumbar_bending/speed, weight: 0.01
[2023-11-13 16:31:00.882] [cout] [info]         state: /jointset/back/lumbar_rotation/speed, weight: 0.00500000
[2023-11-13 16:31:00.882] [cout] [info]         state: /jointset/knee_r/knee_angle_r/speed, weight: 0.01
[2023-11-13 16:31:00.882] [cout] [info]         state: /jointset/knee_l/knee_angle_l/speed, weight: 0.01
[2023-11-13 16:31:00.882] [cout] [info]         state: /jointset/acromial_r/arm_flex_r/speed, weight: 0.00250000
[2023-11-13 16:31:00.882] [cout] [info]         state: /jointset/acromial_r/arm_add_r/speed, weight: 0.00100000
[2023-11-13 16:31:00.882] [cout] [info]         state: /jointset/acromial_r/arm_rot_r/speed, weight: 0.00100000
[2023-11-13 16:31:00.882] [cout] [info]         state: /jointset/acromial_l/arm_flex_l/speed, weight: 0.00250000
[2023-11-13 16:31:00.882] [cout] [info]         state: /jointset/acromial_l/arm_add_l/speed, weight: 0.00100000
[2023-11-13 16:31:00.882] [cout] [info]         state: /jointset/acromial_l/arm_rot_l/speed, weight: 0.00100000
[2023-11-13 16:31:00.882] [cout] [info]         state: /jointset/ankle_r/ankle_angle_r/speed, weight: 0.00250000
[2023-11-13 16:31:00.882] [cout] [info]         state: /jointset/ankle_l/ankle_angle_l/speed, weight: 0.00250000
[2023-11-13 16:31:00.882] [cout] [info]         state: /jointset/elbow_r/elbow_flex_r/speed, weight: 0.00500000
[2023-11-13 16:31:00.882] [cout] [info]         state: /jointset/elbow_l/elbow_flex_l/speed, weight: 0.00500000
[2023-11-13 16:31:00.882] [cout] [info]         state: /jointset/subtalar_r/subtalar_angle_r/speed, weight: 0.00100000
[2023-11-13 16:31:00.882] [cout] [info]         state: /jointset/subtalar_l/subtalar_angle_l/speed, weight: 0.00100000
[2023-11-13 16:31:00.882] [cout] [info]         state: /jointset/radioulnar_r/pro_sup_r/speed, weight: 0.00100000
[2023-11-13 16:31:00.882] [cout] [info]         state: /jointset/radioulnar_l/pro_sup_l/speed, weight: 0.00100000
[2023-11-13 16:31:00.882] [cout] [info]         state: /jointset/mtp_r/mtp_angle_r/speed, weight: 0.000500000
[2023-11-13 16:31:00.882] [cout] [info]         state: /jointset/mtp_l/mtp_angle_l/speed, weight: 0.000500000
[2023-11-13 16:31:00.882] [cout] [info]   control_effort. MocoControlGoal, enabled: true, mode: cost, weight: 0.00100000
[2023-11-13 16:31:00.882] [cout] [info]         control: /forceset/glut_med1_r, weight: 1.0
[2023-11-13 16:31:00.882] [cout] [info]         control: /forceset/glut_med2_r, weight: 1.0
[2023-11-13 16:31:00.882] [cout] [info]         control: /forceset/glut_med3_r, weight: 1.0
[2023-11-13 16:31:00.882] [cout] [info]         control: /forceset/glut_min1_r, weight: 1.0
[2023-11-13 16:31:00.882] [cout] [info]         control: /forceset/glut_min2_r, weight: 1.0
[2023-11-13 16:31:00.882] [cout] [info]         control: /forceset/glut_min3_r, weight: 1.0
[2023-11-13 16:31:00.882] [cout] [info]         control: /forceset/semimem_r, weight: 1.0
[2023-11-13 16:31:00.882] [cout] [info]         control: /forceset/semiten_r, weight: 1.0
[2023-11-13 16:31:00.882] [cout] [info]         control: /forceset/bifemlh_r, weight: 1.0
[2023-11-13 16:31:00.882] [cout] [info]         control: /forceset/bifemsh_r, weight: 1.0
[2023-11-13 16:31:00.882] [cout] [info]         control: /forceset/sar_r, weight: 1.0
[2023-11-13 16:31:00.882] [cout] [info]         control: /forceset/add_long_r, weight: 1.0
[2023-11-13 16:31:00.882] [cout] [info]         control: /forceset/add_brev_r, weight: 1.0
[2023-11-13 16:31:00.882] [cout] [info]         control: /forceset/add_mag1_r, weight: 1.0
[2023-11-13 16:31:00.882] [cout] [info]         control: /forceset/add_mag2_r, weight: 1.0
[2023-11-13 16:31:00.882] [cout] [info]         control: /forceset/add_mag3_r, weight: 1.0
[2023-11-13 16:31:00.882] [cout] [info]         control: /forceset/tfl_r, weight: 1.0
[2023-11-13 16:31:00.882] [cout] [info]         control: /forceset/pect_r, weight: 1.0
[2023-11-13 16:31:00.882] [cout] [info]         control: /forceset/grac_r, weight: 1.0
[2023-11-13 16:31:00.882] [cout] [info]         control: /forceset/glut_max1_r, weight: 1.0
[2023-11-13 16:31:00.882] [cout] [info]         control: /forceset/glut_max2_r, weight: 1.0
[2023-11-13 16:31:00.882] [cout] [info]         control: /forceset/glut_max3_r, weight: 1.0
[2023-11-13 16:31:00.882] [cout] [info]         control: /forceset/iliacus_r, weight: 1.0
[2023-11-13 16:31:00.882] [cout] [info]         control: /forceset/psoas_r, weight: 1.0
[2023-11-13 16:31:00.882] [cout] [info]         control: /forceset/quad_fem_r, weight: 1.0
[2023-11-13 16:31:00.882] [cout] [info]         control: /forceset/gem_r, weight: 1.0
[2023-11-13 16:31:00.882] [cout] [info]         control: /forceset/peri_r, weight: 1.0
[2023-11-13 16:31:00.882] [cout] [info]         control: /forceset/rect_fem_r, weight: 1.0
[2023-11-13 16:31:00.882] [cout] [info]         control: /forceset/vas_med_r, weight: 1.0
[2023-11-13 16:31:00.882] [cout] [info]         control: /forceset/vas_int_r, weight: 1.0
[2023-11-13 16:31:00.882] [cout] [info]         control: /forceset/vas_lat_r, weight: 1.0
[2023-11-13 16:31:00.882] [cout] [info]         control: /forceset/med_gas_r, weight: 1.0
[2023-11-13 16:31:00.882] [cout] [info]         control: /forceset/lat_gas_r, weight: 1.0
[2023-11-13 16:31:00.882] [cout] [info]         control: /forceset/soleus_r, weight: 1.0
[2023-11-13 16:31:00.882] [cout] [info]         control: /forceset/tib_post_r, weight: 1.0
[2023-11-13 16:31:00.882] [cout] [info]         control: /forceset/flex_dig_r, weight: 1.0
[2023-11-13 16:31:00.882] [cout] [info]         control: /forceset/flex_hal_r, weight: 1.0
[2023-11-13 16:31:00.882] [cout] [info]         control: /forceset/tib_ant_r, weight: 1.0
[2023-11-13 16:31:00.882] [cout] [info]         control: /forceset/per_brev_r, weight: 1.0
[2023-11-13 16:31:00.882] [cout] [info]         control: /forceset/per_long_r, weight: 1.0
[2023-11-13 16:31:00.882] [cout] [info]         control: /forceset/per_tert_r, weight: 1.0
[2023-11-13 16:31:00.882] [cout] [info]         control: /forceset/ext_dig_r, weight: 1.0
[2023-11-13 16:31:00.882] [cout] [info]         control: /forceset/ext_hal_r, weight: 1.0
[2023-11-13 16:31:00.882] [cout] [info]         control: /forceset/lumbar_extension_actuator, weight: 0.1
[2023-11-13 16:31:00.882] [cout] [info]         control: /forceset/lumbar_bending_actuator, weight: 0.1
[2023-11-13 16:31:00.882] [cout] [info]         control: /forceset/lumbar_rotation_actuator, weight: 0.1
[2023-11-13 16:31:00.882] [cout] [info]         control: /forceset/arm_flex_r_actuator, weight: 0.1
[2023-11-13 16:31:00.882] [cout] [info]         control: /forceset/arm_add_r_actuator, weight: 0.1
[2023-11-13 16:31:00.882] [cout] [info]         control: /forceset/arm_rot_r_actuator, weight: 0.1
[2023-11-13 16:31:00.882] [cout] [info]         control: /forceset/elbow_flex_r_actuator, weight: 0.1
[2023-11-13 16:31:00.882] [cout] [info]         control: /forceset/pro_sup_r_actuator, weight: 0.1
[2023-11-13 16:31:00.882] [cout] [info]         control: /forceset/arm_flex_l_actuator, weight: 0.1
[2023-11-13 16:31:00.882] [cout] [info]         control: /forceset/arm_add_l_actuator, weight: 0.1
[2023-11-13 16:31:00.882] [cout] [info]         control: /forceset/arm_rot_l_actuator, weight: 0.1
[2023-11-13 16:31:00.882] [cout] [info]         control: /forceset/elbow_flex_l_actuator, weight: 0.1
[2023-11-13 16:31:00.882] [cout] [info]         control: /forceset/pro_sup_l_actuator, weight: 0.1
[2023-11-13 16:31:00.882] [cout] [info]         control: /forceset/hip_flexion_l_actuator, weight: 0.1
[2023-11-13 16:31:00.882] [cout] [info]         control: /forceset/hip_adduction_l_actuator, weight: 0.1
[2023-11-13 16:31:00.882] [cout] [info]         control: /forceset/hip_rotation_l_actuator, weight: 0.1
[2023-11-13 16:31:00.882] [cout] [info]         control: /forceset/knee_angle_l_actuator, weight: 0.1
[2023-11-13 16:31:00.882] [cout] [info]         control: /forceset/ankle_angle_l_actuator, weight: 0.1
[2023-11-13 16:31:00.882] [cout] [info]         control: /forceset/subtalar_angle_l_actuator, weight: 0.1
[2023-11-13 16:31:00.883] [cout] [info]         control: /forceset/mtp_angle_l_actuator, weight: 0.1
[2023-11-13 16:31:00.883] [cout] [info]         control: /forceset/hip_flexion_r_reserve, weight: 10.0
[2023-11-13 16:31:00.883] [cout] [info]         control: /forceset/hip_adduction_r_reserve, weight: 10.0
[2023-11-13 16:31:00.883] [cout] [info]         control: /forceset/hip_rotation_r_reserve, weight: 10.0
[2023-11-13 16:31:00.883] [cout] [info]         control: /forceset/knee_angle_r_reserve, weight: 10.0
[2023-11-13 16:31:00.883] [cout] [info]         control: /forceset/ankle_angle_r_reserve, weight: 10.0
[2023-11-13 16:31:00.883] [cout] [info]         control: /forceset/subtalar_angle_r_reserve, weight: 10.0
[2023-11-13 16:31:00.883] [cout] [info]         control: /forceset/mtp_angle_r_reserve, weight: 10.0
[2023-11-13 16:31:00.883] [cout] [info]         control: /forceset/pelvis_tx_residual, weight: 10.0
[2023-11-13 16:31:00.883] [cout] [info]         control: /forceset/pelvis_ty_residual, weight: 10.0
[2023-11-13 16:31:00.883] [cout] [info]         control: /forceset/pelvis_tz_residual, weight: 10.0
[2023-11-13 16:31:00.883] [cout] [info]         control: /forceset/pelvis_tilt_residual, weight: 10.0
[2023-11-13 16:31:00.883] [cout] [info]         control: /forceset/pelvis_list_residual, weight: 10.0
[2023-11-13 16:31:00.883] [cout] [info]         control: /forceset/pelvis_rotation_residual, weight: 10.0
[2023-11-13 16:31:00.883] [cout] [info]   contact0. MocoContactTrackingGoal, enabled: true, mode: cost, weight: 0.1
[2023-11-13 16:31:00.883] [cout] [info]         projection type: vector
[2023-11-13 16:31:00.883] [cout] [info]         projection vector: ~[1,0,0]
[2023-11-13 16:31:00.883] [cout] [info]         group 0: ExternalForce: LeftGRF1
[2023-11-13 16:31:00.883] [cout] [info]             forces:
[2023-11-13 16:31:00.883] [cout] [info]                 /forceset/contactForce_s1_l
[2023-11-13 16:31:00.883] [cout] [info]                 /forceset/contactForce_s2_l
[2023-11-13 16:31:00.883] [cout] [info]                 /forceset/contactForce_s3_l
[2023-11-13 16:31:00.883] [cout] [info]                 /forceset/contactForce_s4_l
[2023-11-13 16:31:00.883] [cout] [info]                 /forceset/contactForce_s5_l
[2023-11-13 16:31:00.883] [cout] [info]                 /forceset/contactForce_s6_l
[2023-11-13 16:31:00.883] [cout] [info]         group 1: ExternalForce: RightGRF1
[2023-11-13 16:31:00.883] [cout] [info]             forces:
[2023-11-13 16:31:00.883] [cout] [info]                 /forceset/contactForce_s1_r
[2023-11-13 16:31:00.883] [cout] [info]                 /forceset/contactForce_s2_r
[2023-11-13 16:31:00.883] [cout] [info]                 /forceset/contactForce_s3_r
[2023-11-13 16:31:00.883] [cout] [info]                 /forceset/contactForce_s4_r
[2023-11-13 16:31:00.883] [cout] [info]                 /forceset/contactForce_s5_r
[2023-11-13 16:31:00.883] [cout] [info]                 /forceset/contactForce_s6_r
[2023-11-13 16:31:00.883] [cout] [info]   contact1. MocoContactTrackingGoal, enabled: true, mode: cost, weight: 0.1
[2023-11-13 16:31:00.883] [cout] [info]         projection type: vector
[2023-11-13 16:31:00.883] [cout] [info]         projection vector: ~[0,1,0]
[2023-11-13 16:31:00.883] [cout] [info]         group 0: ExternalForce: LeftGRF1
[2023-11-13 16:31:00.883] [cout] [info]             forces:
[2023-11-13 16:31:00.883] [cout] [info]                 /forceset/contactForce_s1_l
[2023-11-13 16:31:00.883] [cout] [info]                 /forceset/contactForce_s2_l
[2023-11-13 16:31:00.883] [cout] [info]                 /forceset/contactForce_s3_l
[2023-11-13 16:31:00.883] [cout] [info]                 /forceset/contactForce_s4_l
[2023-11-13 16:31:00.883] [cout] [info]                 /forceset/contactForce_s5_l
[2023-11-13 16:31:00.883] [cout] [info]                 /forceset/contactForce_s6_l
[2023-11-13 16:31:00.883] [cout] [info]         group 1: ExternalForce: RightGRF1
[2023-11-13 16:31:00.883] [cout] [info]             forces:
[2023-11-13 16:31:00.883] [cout] [info]                 /forceset/contactForce_s1_r
[2023-11-13 16:31:00.883] [cout] [info]                 /forceset/contactForce_s2_r
[2023-11-13 16:31:00.883] [cout] [info]                 /forceset/contactForce_s3_r
[2023-11-13 16:31:00.883] [cout] [info]                 /forceset/contactForce_s4_r
[2023-11-13 16:31:00.883] [cout] [info]                 /forceset/contactForce_s5_r
[2023-11-13 16:31:00.883] [cout] [info]                 /forceset/contactForce_s6_r
[2023-11-13 16:31:00.883] [cout] [info]   contact2. MocoContactTrackingGoal, enabled: true, mode: cost, weight: 0.1
[2023-11-13 16:31:00.883] [cout] [info]         projection type: vector
[2023-11-13 16:31:00.883] [cout] [info]         projection vector: ~[0,0,1]
[2023-11-13 16:31:00.883] [cout] [info]         group 0: ExternalForce: LeftGRF1
[2023-11-13 16:31:00.883] [cout] [info]             forces:
[2023-11-13 16:31:00.883] [cout] [info]                 /forceset/contactForce_s1_l
[2023-11-13 16:31:00.883] [cout] [info]                 /forceset/contactForce_s2_l
[2023-11-13 16:31:00.883] [cout] [info]                 /forceset/contactForce_s3_l
[2023-11-13 16:31:00.883] [cout] [info]                 /forceset/contactForce_s4_l
[2023-11-13 16:31:00.883] [cout] [info]                 /forceset/contactForce_s5_l
[2023-11-13 16:31:00.883] [cout] [info]                 /forceset/contactForce_s6_l
[2023-11-13 16:31:00.883] [cout] [info]         group 1: ExternalForce: RightGRF1
[2023-11-13 16:31:00.883] [cout] [info]             forces:
[2023-11-13 16:31:00.883] [cout] [info]                 /forceset/contactForce_s1_r
[2023-11-13 16:31:00.883] [cout] [info]                 /forceset/contactForce_s2_r
[2023-11-13 16:31:00.883] [cout] [info]                 /forceset/contactForce_s3_r
[2023-11-13 16:31:00.883] [cout] [info]                 /forceset/contactForce_s4_r
[2023-11-13 16:31:00.883] [cout] [info]                 /forceset/contactForce_s5_r
[2023-11-13 16:31:00.883] [cout] [info]                 /forceset/contactForce_s6_r
[2023-11-13 16:31:00.883] [cout] [info] Endpoint constraints: none
[2023-11-13 16:31:00.883] [cout] [info] Kinematic constraints: none
[2023-11-13 16:31:00.883] [cout] [info] Path constraints: (total: 10)
[2023-11-13 16:31:00.883] [cout] [info]   . MocoConstraintInfo. number of scalar equations: 1. bounds: [0, 1]
[2023-11-13 16:31:00.883] [cout] [info]         output: /markerset/r_fp_heel1|location, type: SimTK::Vec3, index: 1, exponent: 1
[2023-11-13 16:31:00.883] [cout] [info]   . MocoConstraintInfo. number of scalar equations: 1. bounds: [0, 1]
[2023-11-13 16:31:00.883] [cout] [info]         output: /markerset/r_fp_heel2|location, type: SimTK::Vec3, index: 1, exponent: 1
[2023-11-13 16:31:00.883] [cout] [info]   . MocoConstraintInfo. number of scalar equations: 1. bounds: [0, 1]
[2023-11-13 16:31:00.883] [cout] [info]         output: /markerset/r_fp_mt1|location, type: SimTK::Vec3, index: 1, exponent: 1
[2023-11-13 16:31:00.883] [cout] [info]   . MocoConstraintInfo. number of scalar equations: 1. bounds: [0, 1]
[2023-11-13 16:31:00.883] [cout] [info]         output: /markerset/r_fp_mt2|location, type: SimTK::Vec3, index: 1, exponent: 1
[2023-11-13 16:31:00.883] [cout] [info]   . MocoConstraintInfo. number of scalar equations: 1. bounds: [0, 1]
[2023-11-13 16:31:00.883] [cout] [info]         output: /markerset/r_fp_toe|location, type: SimTK::Vec3, index: 1, exponent: 1
[2023-11-13 16:31:00.883] [cout] [info]   . MocoConstraintInfo. number of scalar equations: 1. bounds: [0, 1]
[2023-11-13 16:31:00.883] [cout] [info]         output: /markerset/l_fp_heel1|location, type: SimTK::Vec3, index: 1, exponent: 1
[2023-11-13 16:31:00.883] [cout] [info]   . MocoConstraintInfo. number of scalar equations: 1. bounds: [0, 1]
[2023-11-13 16:31:00.883] [cout] [info]         output: /markerset/l_fp_heel2|location, type: SimTK::Vec3, index: 1, exponent: 1
[2023-11-13 16:31:00.883] [cout] [info]   . MocoConstraintInfo. number of scalar equations: 1. bounds: [0, 1]
[2023-11-13 16:31:00.883] [cout] [info]         output: /markerset/l_fp_mt1|location, type: SimTK::Vec3, index: 1, exponent: 1
[2023-11-13 16:31:00.883] [cout] [info]   . MocoConstraintInfo. number of scalar equations: 1. bounds: [0, 1]
[2023-11-13 16:31:00.883] [cout] [info]         output: /markerset/l_fp_mt2|location, type: SimTK::Vec3, index: 1, exponent: 1
[2023-11-13 16:31:00.883] [cout] [info]   . MocoConstraintInfo. number of scalar equations: 1. bounds: [0, 1]
[2023-11-13 16:31:00.883] [cout] [info]         output: /markerset/l_fp_toe|location, type: SimTK::Vec3, index: 1, exponent: 1
[2023-11-13 16:31:00.883] [cout] [info] States: (total: 109)
[2023-11-13 16:31:00.883] [cout] [info]   /jointset/ground_pelvis/pelvis_tilt/value. bounds: [-1.5708, 1.5708]
[2023-11-13 16:31:00.883] [cout] [info]   /jointset/ground_pelvis/pelvis_list/value. bounds: [-1.5708, 1.5708]
[2023-11-13 16:31:00.883] [cout] [info]   /jointset/radioulnar_r/pro_sup_r/value. bounds: [0, 3.1416]
[2023-11-13 16:31:00.883] [cout] [info]   /jointset/ground_pelvis/pelvis_rotation/value. bounds: [-1.5708, 1.5708]
[2023-11-13 16:31:00.883] [cout] [info]   /jointset/ground_pelvis/pelvis_tx/value. bounds: [-20, 20]
[2023-11-13 16:31:00.883] [cout] [info]   /jointset/elbow_r/elbow_flex_r/value. bounds: [-0.17453, 2.618]
[2023-11-13 16:31:00.883] [cout] [info]   /jointset/ground_pelvis/pelvis_ty/value. bounds: [-2, 4]
[2023-11-13 16:31:00.883] [cout] [info]   /jointset/ground_pelvis/pelvis_tz/value. bounds: [-5, 5]
[2023-11-13 16:31:00.883] [cout] [info]   /jointset/hip_r/hip_adduction_r/speed. bounds: [-50, 50]
[2023-11-13 16:31:00.883] [cout] [info]   /jointset/ankle_r/ankle_angle_r/value. bounds: [-1.0472, 0.69813]
[2023-11-13 16:31:00.883] [cout] [info]   /jointset/hip_r/hip_flexion_r/value. bounds: [-0.69813, 1.7453]
[2023-11-13 16:31:00.883] [cout] [info]   /jointset/hip_r/hip_adduction_r/value. bounds: [-0.5236, 0.5236]
[2023-11-13 16:31:00.883] [cout] [info]   /jointset/back/lumbar_rotation/speed. bounds: [-50, 50]
[2023-11-13 16:31:00.883] [cout] [info]   /jointset/hip_r/hip_rotation_r/value. bounds: [-0.5236, 0.5236]
[2023-11-13 16:31:00.883] [cout] [info]   /jointset/mtp_l/mtp_angle_l/speed. bounds: [-50, 50]
[2023-11-13 16:31:00.883] [cout] [info]   /jointset/knee_r/knee_angle_r/value. bounds: [-2.7925, 0.17453]
[2023-11-13 16:31:00.883] [cout] [info]   /jointset/hip_l/hip_flexion_l/value. bounds: [-0.69813, 1.7453]
[2023-11-13 16:31:00.883] [cout] [info]   /jointset/subtalar_r/subtalar_angle_r/value. bounds: [-0.87266, 0.87266]
[2023-11-13 16:31:00.883] [cout] [info]   /jointset/mtp_r/mtp_angle_r/value. bounds: [-1.0472, 1.0472]
[2023-11-13 16:31:00.883] [cout] [info]   /jointset/hip_l/hip_adduction_l/value. bounds: [-0.5236, 0.5236]
[2023-11-13 16:31:00.883] [cout] [info]   /jointset/hip_l/hip_rotation_l/value. bounds: [-0.5236, 0.5236]
[2023-11-13 16:31:00.883] [cout] [info]   /forceset/glut_min1_r/activation. bounds: [0.01, 1]
[2023-11-13 16:31:00.883] [cout] [info]   /jointset/knee_l/knee_angle_l/value. bounds: [-2.7925, 0.17453]
[2023-11-13 16:31:00.884] [cout] [info]   /jointset/knee_r/knee_angle_r/speed. bounds: [-50, 50]
[2023-11-13 16:31:00.884] [cout] [info]   /jointset/ankle_l/ankle_angle_l/value. bounds: [-1.0472, 0.69813]
[2023-11-13 16:31:00.884] [cout] [info]   /jointset/subtalar_l/subtalar_angle_l/value. bounds: [-0.87266, 0.87266]
[2023-11-13 16:31:00.884] [cout] [info]   /jointset/mtp_l/mtp_angle_l/value. bounds: [-1.0472, 1.0472]
[2023-11-13 16:31:00.884] [cout] [info]   /forceset/bifemsh_r/activation. bounds: [0.01, 1]
[2023-11-13 16:31:00.884] [cout] [info]   /jointset/back/lumbar_extension/value. bounds: [-0.7854, 0.17453]
[2023-11-13 16:31:00.884] [cout] [info]   /jointset/back/lumbar_bending/value. bounds: [-0.34907, 0.34907]
[2023-11-13 16:31:00.884] [cout] [info]   /jointset/back/lumbar_rotation/value. bounds: [-0.5236, 0.5236]
[2023-11-13 16:31:00.884] [cout] [info]   /jointset/acromial_r/arm_flex_r/value. bounds: [-1.5708, 1.5708]
[2023-11-13 16:31:00.884] [cout] [info]   /jointset/acromial_r/arm_add_r/value. bounds: [-2.0944, 1.5708]
[2023-11-13 16:31:00.884] [cout] [info]   /jointset/acromial_r/arm_rot_r/value. bounds: [-1.5708, 1.5708]
[2023-11-13 16:31:00.884] [cout] [info]   /jointset/acromial_l/arm_flex_l/value. bounds: [-1.5708, 1.5708]
[2023-11-13 16:31:00.884] [cout] [info]   /jointset/acromial_l/arm_add_l/value. bounds: [-2.0944, 1.5708]
[2023-11-13 16:31:00.884] [cout] [info]   /jointset/acromial_l/arm_rot_l/value. bounds: [-1.5708, 1.5708]
[2023-11-13 16:31:00.884] [cout] [info]   /jointset/elbow_l/elbow_flex_l/value. bounds: [-0.17453, 2.618]
[2023-11-13 16:31:00.884] [cout] [info]   /jointset/radioulnar_l/pro_sup_l/value. bounds: [0, 3.1416]
[2023-11-13 16:31:00.884] [cout] [info]   /jointset/ground_pelvis/pelvis_tilt/speed. bounds: [-50, 50]
[2023-11-13 16:31:00.884] [cout] [info]   /jointset/ground_pelvis/pelvis_list/speed. bounds: [-50, 50]
[2023-11-13 16:31:00.884] [cout] [info]   /jointset/radioulnar_r/pro_sup_r/speed. bounds: [-50, 50]
[2023-11-13 16:31:00.884] [cout] [info]   /jointset/ground_pelvis/pelvis_rotation/speed. bounds: [-50, 50]
[2023-11-13 16:31:00.884] [cout] [info]   /jointset/ground_pelvis/pelvis_tx/speed. bounds: [-50, 50]
[2023-11-13 16:31:00.884] [cout] [info]   /jointset/elbow_r/elbow_flex_r/speed. bounds: [-50, 50]
[2023-11-13 16:31:00.884] [cout] [info]   /jointset/ground_pelvis/pelvis_ty/speed. bounds: [-50, 50]
[2023-11-13 16:31:00.884] [cout] [info]   /jointset/ground_pelvis/pelvis_tz/speed. bounds: [-50, 50]
[2023-11-13 16:31:00.884] [cout] [info]   /jointset/ankle_r/ankle_angle_r/speed. bounds: [-50, 50]
[2023-11-13 16:31:00.884] [cout] [info]   /jointset/hip_r/hip_flexion_r/speed. bounds: [-50, 50]
[2023-11-13 16:31:00.884] [cout] [info]   /jointset/hip_r/hip_rotation_r/speed. bounds: [-50, 50]
[2023-11-13 16:31:00.884] [cout] [info]   /jointset/hip_l/hip_flexion_l/speed. bounds: [-50, 50]
[2023-11-13 16:31:00.884] [cout] [info]   /jointset/subtalar_r/subtalar_angle_r/speed. bounds: [-50, 50]
[2023-11-13 16:31:00.884] [cout] [info]   /jointset/mtp_r/mtp_angle_r/speed. bounds: [-50, 50]
[2023-11-13 16:31:00.884] [cout] [info]   /jointset/hip_l/hip_adduction_l/speed. bounds: [-50, 50]
[2023-11-13 16:31:00.884] [cout] [info]   /jointset/hip_l/hip_rotation_l/speed. bounds: [-50, 50]
[2023-11-13 16:31:00.884] [cout] [info]   /jointset/knee_l/knee_angle_l/speed. bounds: [-50, 50]
[2023-11-13 16:31:00.884] [cout] [info]   /jointset/ankle_l/ankle_angle_l/speed. bounds: [-50, 50]
[2023-11-13 16:31:00.884] [cout] [info]   /jointset/subtalar_l/subtalar_angle_l/speed. bounds: [-50, 50]
[2023-11-13 16:31:00.884] [cout] [info]   /jointset/back/lumbar_extension/speed. bounds: [-50, 50]
[2023-11-13 16:31:00.884] [cout] [info]   /jointset/back/lumbar_bending/speed. bounds: [-50, 50]
[2023-11-13 16:31:00.884] [cout] [info]   /jointset/acromial_r/arm_flex_r/speed. bounds: [-50, 50]
[2023-11-13 16:31:00.884] [cout] [info]   /jointset/acromial_r/arm_add_r/speed. bounds: [-50, 50]
[2023-11-13 16:31:00.884] [cout] [info]   /jointset/acromial_r/arm_rot_r/speed. bounds: [-50, 50]
[2023-11-13 16:31:00.884] [cout] [info]   /jointset/acromial_l/arm_flex_l/speed. bounds: [-50, 50]
[2023-11-13 16:31:00.884] [cout] [info]   /jointset/acromial_l/arm_add_l/speed. bounds: [-50, 50]
[2023-11-13 16:31:00.884] [cout] [info]   /jointset/acromial_l/arm_rot_l/speed. bounds: [-50, 50]
[2023-11-13 16:31:00.884] [cout] [info]   /jointset/elbow_l/elbow_flex_l/speed. bounds: [-50, 50]
[2023-11-13 16:31:00.884] [cout] [info]   /jointset/radioulnar_l/pro_sup_l/speed. bounds: [-50, 50]
[2023-11-13 16:31:00.884] [cout] [info]   /forceset/glut_med1_r/activation. bounds: [0.01, 1]
[2023-11-13 16:31:00.884] [cout] [info]   /forceset/glut_med2_r/activation. bounds: [0.01, 1]
[2023-11-13 16:31:00.884] [cout] [info]   /forceset/glut_med3_r/activation. bounds: [0.01, 1]
[2023-11-13 16:31:00.884] [cout] [info]   /forceset/glut_min2_r/activation. bounds: [0.01, 1]
[2023-11-13 16:31:00.884] [cout] [info]   /forceset/glut_min3_r/activation. bounds: [0.01, 1]
[2023-11-13 16:31:00.884] [cout] [info]   /forceset/semimem_r/activation. bounds: [0.01, 1]
[2023-11-13 16:31:00.884] [cout] [info]   /forceset/semiten_r/activation. bounds: [0.01, 1]
[2023-11-13 16:31:00.884] [cout] [info]   /forceset/bifemlh_r/activation. bounds: [0.01, 1]
[2023-11-13 16:31:00.884] [cout] [info]   /forceset/sar_r/activation. bounds: [0.01, 1]
[2023-11-13 16:31:00.884] [cout] [info]   /forceset/add_long_r/activation. bounds: [0.01, 1]
[2023-11-13 16:31:00.884] [cout] [info]   /forceset/add_brev_r/activation. bounds: [0.01, 1]
[2023-11-13 16:31:00.884] [cout] [info]   /forceset/add_mag1_r/activation. bounds: [0.01, 1]
[2023-11-13 16:31:00.884] [cout] [info]   /forceset/add_mag2_r/activation. bounds: [0.01, 1]
[2023-11-13 16:31:00.884] [cout] [info]   /forceset/add_mag3_r/activation. bounds: [0.01, 1]
[2023-11-13 16:31:00.884] [cout] [info]   /forceset/tfl_r/activation. bounds: [0.01, 1]
[2023-11-13 16:31:00.884] [cout] [info]   /forceset/pect_r/activation. bounds: [0.01, 1]
[2023-11-13 16:31:00.884] [cout] [info]   /forceset/grac_r/activation. bounds: [0.01, 1]
[2023-11-13 16:31:00.884] [cout] [info]   /forceset/glut_max1_r/activation. bounds: [0.01, 1]
[2023-11-13 16:31:00.884] [cout] [info]   /forceset/glut_max2_r/activation. bounds: [0.01, 1]
[2023-11-13 16:31:00.884] [cout] [info]   /forceset/glut_max3_r/activation. bounds: [0.01, 1]
[2023-11-13 16:31:00.884] [cout] [info]   /forceset/iliacus_r/activation. bounds: [0.01, 1]
[2023-11-13 16:31:00.884] [cout] [info]   /forceset/psoas_r/activation. bounds: [0.01, 1]
[2023-11-13 16:31:00.884] [cout] [info]   /forceset/quad_fem_r/activation. bounds: [0.01, 1]
[2023-11-13 16:31:00.884] [cout] [info]   /forceset/gem_r/activation. bounds: [0.01, 1]
[2023-11-13 16:31:00.884] [cout] [info]   /forceset/peri_r/activation. bounds: [0.01, 1]
[2023-11-13 16:31:00.884] [cout] [info]   /forceset/rect_fem_r/activation. bounds: [0.01, 1]
[2023-11-13 16:31:00.884] [cout] [info]   /forceset/vas_med_r/activation. bounds: [0.01, 1]
[2023-11-13 16:31:00.884] [cout] [info]   /forceset/vas_int_r/activation. bounds: [0.01, 1]
[2023-11-13 16:31:00.884] [cout] [info]   /forceset/vas_lat_r/activation. bounds: [0.01, 1]
[2023-11-13 16:31:00.884] [cout] [info]   /forceset/med_gas_r/activation. bounds: [0.01, 1]
[2023-11-13 16:31:00.884] [cout] [info]   /forceset/lat_gas_r/activation. bounds: [0.01, 1]
[2023-11-13 16:31:00.884] [cout] [info]   /forceset/soleus_r/activation. bounds: [0.01, 1]
[2023-11-13 16:31:00.884] [cout] [info]   /forceset/tib_post_r/activation. bounds: [0.01, 1]
[2023-11-13 16:31:00.884] [cout] [info]   /forceset/flex_dig_r/activation. bounds: [0.01, 1]
[2023-11-13 16:31:00.884] [cout] [info]   /forceset/flex_hal_r/activation. bounds: [0.01, 1]
[2023-11-13 16:31:00.884] [cout] [info]   /forceset/tib_ant_r/activation. bounds: [0.01, 1]
[2023-11-13 16:31:00.884] [cout] [info]   /forceset/per_brev_r/activation. bounds: [0.01, 1]
[2023-11-13 16:31:00.884] [cout] [info]   /forceset/per_long_r/activation. bounds: [0.01, 1]
[2023-11-13 16:31:00.884] [cout] [info]   /forceset/per_tert_r/activation. bounds: [0.01, 1]
[2023-11-13 16:31:00.884] [cout] [info]   /forceset/ext_dig_r/activation. bounds: [0.01, 1]
[2023-11-13 16:31:00.884] [cout] [info]   /forceset/ext_hal_r/activation. bounds: [0.01, 1]
[2023-11-13 16:31:00.884] [cout] [info] Controls: (total: 76)
[2023-11-13 16:31:00.884] [cout] [info]   /forceset/glut_med1_r. bounds: [0.01, 1]
[2023-11-13 16:31:00.884] [cout] [info]   /forceset/glut_med2_r. bounds: [0.01, 1]
[2023-11-13 16:31:00.884] [cout] [info]   /forceset/glut_med3_r. bounds: [0.01, 1]
[2023-11-13 16:31:00.884] [cout] [info]   /forceset/glut_min1_r. bounds: [0.01, 1]
[2023-11-13 16:31:00.884] [cout] [info]   /forceset/glut_min2_r. bounds: [0.01, 1]
[2023-11-13 16:31:00.884] [cout] [info]   /forceset/glut_min3_r. bounds: [0.01, 1]
[2023-11-13 16:31:00.885] [cout] [info]   /forceset/mtp_angle_l_actuator. bounds: [-inf, inf]
[2023-11-13 16:31:00.885] [cout] [info]   /forceset/semimem_r. bounds: [0.01, 1]
[2023-11-13 16:31:00.885] [cout] [info]   /forceset/semiten_r. bounds: [0.01, 1]
[2023-11-13 16:31:00.885] [cout] [info]   /forceset/bifemlh_r. bounds: [0.01, 1]
[2023-11-13 16:31:00.885] [cout] [info]   /forceset/bifemsh_r. bounds: [0.01, 1]
[2023-11-13 16:31:00.885] [cout] [info]   /forceset/sar_r. bounds: [0.01, 1]
[2023-11-13 16:31:00.885] [cout] [info]   /forceset/add_long_r. bounds: [0.01, 1]
[2023-11-13 16:31:00.885] [cout] [info]   /forceset/add_brev_r. bounds: [0.01, 1]
[2023-11-13 16:31:00.885] [cout] [info]   /forceset/add_mag1_r. bounds: [0.01, 1]
[2023-11-13 16:31:00.885] [cout] [info]   /forceset/add_mag2_r. bounds: [0.01, 1]
[2023-11-13 16:31:00.885] [cout] [info]   /forceset/add_mag3_r. bounds: [0.01, 1]
[2023-11-13 16:31:00.885] [cout] [info]   /forceset/tfl_r. bounds: [0.01, 1]
[2023-11-13 16:31:00.885] [cout] [info]   /forceset/pect_r. bounds: [0.01, 1]
[2023-11-13 16:31:00.885] [cout] [info]   /forceset/grac_r. bounds: [0.01, 1]
[2023-11-13 16:31:00.885] [cout] [info]   /forceset/hip_flexion_r_reserve. bounds: [-inf, inf]
[2023-11-13 16:31:00.885] [cout] [info]   /forceset/glut_max1_r. bounds: [0.01, 1]
[2023-11-13 16:31:00.885] [cout] [info]   /forceset/glut_max2_r. bounds: [0.01, 1]
[2023-11-13 16:31:00.885] [cout] [info]   /forceset/glut_max3_r. bounds: [0.01, 1]
[2023-11-13 16:31:00.885] [cout] [info]   /forceset/iliacus_r. bounds: [0.01, 1]
[2023-11-13 16:31:00.885] [cout] [info]   /forceset/psoas_r. bounds: [0.01, 1]
[2023-11-13 16:31:00.885] [cout] [info]   /forceset/quad_fem_r. bounds: [0.01, 1]
[2023-11-13 16:31:00.885] [cout] [info]   /forceset/gem_r. bounds: [0.01, 1]
[2023-11-13 16:31:00.885] [cout] [info]   /forceset/peri_r. bounds: [0.01, 1]
[2023-11-13 16:31:00.885] [cout] [info]   /forceset/rect_fem_r. bounds: [0.01, 1]
[2023-11-13 16:31:00.885] [cout] [info]   /forceset/vas_med_r. bounds: [0.01, 1]
[2023-11-13 16:31:00.885] [cout] [info]   /forceset/vas_int_r. bounds: [0.01, 1]
[2023-11-13 16:31:00.885] [cout] [info]   /forceset/vas_lat_r. bounds: [0.01, 1]
[2023-11-13 16:31:00.885] [cout] [info]   /forceset/med_gas_r. bounds: [0.01, 1]
[2023-11-13 16:31:00.885] [cout] [info]   /forceset/lat_gas_r. bounds: [0.01, 1]
[2023-11-13 16:31:00.885] [cout] [info]   /forceset/soleus_r. bounds: [0.01, 1]
[2023-11-13 16:31:00.885] [cout] [info]   /forceset/tib_post_r. bounds: [0.01, 1]
[2023-11-13 16:31:00.885] [cout] [info]   /forceset/flex_dig_r. bounds: [0.01, 1]
[2023-11-13 16:31:00.885] [cout] [info]   /forceset/flex_hal_r. bounds: [0.01, 1]
[2023-11-13 16:31:00.885] [cout] [info]   /forceset/tib_ant_r. bounds: [0.01, 1]
[2023-11-13 16:31:00.885] [cout] [info]   /forceset/per_brev_r. bounds: [0.01, 1]
[2023-11-13 16:31:00.885] [cout] [info]   /forceset/per_long_r. bounds: [0.01, 1]
[2023-11-13 16:31:00.885] [cout] [info]   /forceset/per_tert_r. bounds: [0.01, 1]
[2023-11-13 16:31:00.885] [cout] [info]   /forceset/ext_dig_r. bounds: [0.01, 1]
[2023-11-13 16:31:00.885] [cout] [info]   /forceset/ext_hal_r. bounds: [0.01, 1]
[2023-11-13 16:31:00.885] [cout] [info]   /forceset/lumbar_extension_actuator. bounds: [-inf, inf]
[2023-11-13 16:31:00.885] [cout] [info]   /forceset/lumbar_bending_actuator. bounds: [-inf, inf]
[2023-11-13 16:31:00.885] [cout] [info]   /forceset/lumbar_rotation_actuator. bounds: [-inf, inf]
[2023-11-13 16:31:00.885] [cout] [info]   /forceset/arm_flex_r_actuator. bounds: [-inf, inf]
[2023-11-13 16:31:00.885] [cout] [info]   /forceset/arm_add_r_actuator. bounds: [-inf, inf]
[2023-11-13 16:31:00.885] [cout] [info]   /forceset/arm_rot_r_actuator. bounds: [-inf, inf]
[2023-11-13 16:31:00.885] [cout] [info]   /forceset/elbow_flex_r_actuator. bounds: [-inf, inf]
[2023-11-13 16:31:00.885] [cout] [info]   /forceset/pro_sup_r_actuator. bounds: [-inf, inf]
[2023-11-13 16:31:00.885] [cout] [info]   /forceset/hip_rotation_l_actuator. bounds: [-inf, inf]
[2023-11-13 16:31:00.885] [cout] [info]   /forceset/arm_flex_l_actuator. bounds: [-inf, inf]
[2023-11-13 16:31:00.885] [cout] [info]   /forceset/arm_add_l_actuator. bounds: [-inf, inf]
[2023-11-13 16:31:00.885] [cout] [info]   /forceset/arm_rot_l_actuator. bounds: [-inf, inf]
[2023-11-13 16:31:00.885] [cout] [info]   /forceset/elbow_flex_l_actuator. bounds: [-inf, inf]
[2023-11-13 16:31:00.885] [cout] [info]   /forceset/pro_sup_l_actuator. bounds: [-inf, inf]
[2023-11-13 16:31:00.885] [cout] [info]   /forceset/hip_flexion_l_actuator. bounds: [-inf, inf]
[2023-11-13 16:31:00.885] [cout] [info]   /forceset/hip_adduction_l_actuator. bounds: [-inf, inf]
[2023-11-13 16:31:00.885] [cout] [info]   /forceset/knee_angle_l_actuator. bounds: [-inf, inf]
[2023-11-13 16:31:00.885] [cout] [info]   /forceset/ankle_angle_l_actuator. bounds: [-inf, inf]
[2023-11-13 16:31:00.885] [cout] [info]   /forceset/subtalar_angle_l_actuator. bounds: [-inf, inf]
[2023-11-13 16:31:00.885] [cout] [info]   /forceset/hip_adduction_r_reserve. bounds: [-inf, inf]
[2023-11-13 16:31:00.885] [cout] [info]   /forceset/hip_rotation_r_reserve. bounds: [-inf, inf]
[2023-11-13 16:31:00.885] [cout] [info]   /forceset/knee_angle_r_reserve. bounds: [-inf, inf]
[2023-11-13 16:31:00.885] [cout] [info]   /forceset/ankle_angle_r_reserve. bounds: [-inf, inf]
[2023-11-13 16:31:00.885] [cout] [info]   /forceset/subtalar_angle_r_reserve. bounds: [-inf, inf]
[2023-11-13 16:31:00.885] [cout] [info]   /forceset/mtp_angle_r_reserve. bounds: [-inf, inf]
[2023-11-13 16:31:00.885] [cout] [info]   /forceset/pelvis_tx_residual. bounds: [-inf, inf]
[2023-11-13 16:31:00.885] [cout] [info]   /forceset/pelvis_ty_residual. bounds: [-inf, inf]
[2023-11-13 16:31:00.885] [cout] [info]   /forceset/pelvis_tz_residual. bounds: [-inf, inf]
[2023-11-13 16:31:00.885] [cout] [info]   /forceset/pelvis_tilt_residual. bounds: [-inf, inf]
[2023-11-13 16:31:00.885] [cout] [info]   /forceset/pelvis_list_residual. bounds: [-inf, inf]
[2023-11-13 16:31:00.885] [cout] [info]   /forceset/pelvis_rotation_residual. bounds: [-inf, inf]
[2023-11-13 16:31:00.885] [cout] [info] Parameters: none
[2023-11-13 16:31:02.628] [info] Number of threads: 8
[2023-11-13 16:36:11.511] [info] Set log level to Info.
[2023-11-13 16:36:11.516] [info] ------------------------------------------------------------------------
[2023-11-13 16:36:11.516] [info] Elapsed real time: 311 second(s) (5 minute(s), 11 second(s)).
[2023-11-13 16:36:11.517] [info] Mon Nov 13 16:36:11 2023
[2023-11-13 16:36:11.517] [warning] MocoCasADiSolver did NOT succeed:
[2023-11-13 16:36:11.517] [warning]   User_Requested_Stop
[2023-11-13 16:36:11.517] [info] ========================================================================
[2023-11-13 16:37:19.573] [cout] [info] Exiting visualization.
[2023-11-13 16:37:50.052] [info] ========================================================================
[2023-11-13 16:37:50.052] [info] MocoCasADiSolver starting.
[2023-11-13 16:37:50.052] [info] Mon Nov 13 16:37:50 2023
[2023-11-13 16:37:50.052] [info] ------------------------------------------------------------------------
[2023-11-13 16:37:50.053] [cout] [info] Costs: (total: 5)
[2023-11-13 16:37:50.053] [cout] [info]   state_tracking. MocoStateTrackingGoal, enabled: true, mode: cost, weight: 1.0
[2023-11-13 16:37:50.053] [cout] [info]         state: /jointset/ground_pelvis/pelvis_tilt/value, weight: 10.0
[2023-11-13 16:37:50.053] [cout] [info]         state: /jointset/ground_pelvis/pelvis_list/value, weight: 10.0
[2023-11-13 16:37:50.053] [cout] [info]         state: /jointset/ground_pelvis/pelvis_rotation/value, weight: 10.0
[2023-11-13 16:37:50.053] [cout] [info]         state: /jointset/ground_pelvis/pelvis_tx/value, weight: 5.0
[2023-11-13 16:37:50.053] [cout] [info]         state: /jointset/ground_pelvis/pelvis_ty/value, weight: 0.1
[2023-11-13 16:37:50.053] [cout] [info]         state: /jointset/ground_pelvis/pelvis_tz/value, weight: 2.5
[2023-11-13 16:37:50.053] [cout] [info]         state: /jointset/hip_r/hip_flexion_r/value, weight: 10.0
[2023-11-13 16:37:50.053] [cout] [info]         state: /jointset/hip_r/hip_adduction_r/value, weight: 5.0
[2023-11-13 16:37:50.053] [cout] [info]         state: /jointset/hip_r/hip_rotation_r/value, weight: 2.5
[2023-11-13 16:37:50.053] [cout] [info]         state: /jointset/hip_l/hip_flexion_l/value, weight: 10.0
[2023-11-13 16:37:50.053] [cout] [info]         state: /jointset/hip_l/hip_adduction_l/value, weight: 5.0
[2023-11-13 16:37:50.053] [cout] [info]         state: /jointset/hip_l/hip_rotation_l/value, weight: 2.5
[2023-11-13 16:37:50.053] [cout] [info]         state: /jointset/back/lumbar_extension/value, weight: 15.0
[2023-11-13 16:37:50.053] [cout] [info]         state: /jointset/back/lumbar_bending/value, weight: 10.0
[2023-11-13 16:37:50.053] [cout] [info]         state: /jointset/back/lumbar_rotation/value, weight: 5.0
[2023-11-13 16:37:50.053] [cout] [info]         state: /jointset/knee_r/knee_angle_r/value, weight: 10.0
[2023-11-13 16:37:50.053] [cout] [info]         state: /jointset/knee_l/knee_angle_l/value, weight: 10.0
[2023-11-13 16:37:50.053] [cout] [info]         state: /jointset/acromial_r/arm_flex_r/value, weight: 2.5
[2023-11-13 16:37:50.053] [cout] [info]         state: /jointset/acromial_r/arm_add_r/value, weight: 1.0
[2023-11-13 16:37:50.053] [cout] [info]         state: /jointset/acromial_r/arm_rot_r/value, weight: 1.0
[2023-11-13 16:37:50.053] [cout] [info]         state: /jointset/acromial_l/arm_flex_l/value, weight: 2.5
[2023-11-13 16:37:50.053] [cout] [info]         state: /jointset/acromial_l/arm_add_l/value, weight: 1.0
[2023-11-13 16:37:50.053] [cout] [info]         state: /jointset/acromial_l/arm_rot_l/value, weight: 1.0
[2023-11-13 16:37:50.053] [cout] [info]         state: /jointset/ankle_r/ankle_angle_r/value, weight: 2.5
[2023-11-13 16:37:50.053] [cout] [info]         state: /jointset/ankle_l/ankle_angle_l/value, weight: 2.5
[2023-11-13 16:37:50.053] [cout] [info]         state: /jointset/elbow_r/elbow_flex_r/value, weight: 5.0
[2023-11-13 16:37:50.053] [cout] [info]         state: /jointset/elbow_l/elbow_flex_l/value, weight: 5.0
[2023-11-13 16:37:50.053] [cout] [info]         state: /jointset/subtalar_r/subtalar_angle_r/value, weight: 1.0
[2023-11-13 16:37:50.053] [cout] [info]         state: /jointset/subtalar_l/subtalar_angle_l/value, weight: 1.0
[2023-11-13 16:37:50.053] [cout] [info]         state: /jointset/radioulnar_r/pro_sup_r/value, weight: 1.0
[2023-11-13 16:37:50.053] [cout] [info]         state: /jointset/radioulnar_l/pro_sup_l/value, weight: 1.0
[2023-11-13 16:37:50.053] [cout] [info]         state: /jointset/mtp_r/mtp_angle_r/value, weight: 0.5
[2023-11-13 16:37:50.053] [cout] [info]         state: /jointset/mtp_l/mtp_angle_l/value, weight: 0.5
[2023-11-13 16:37:50.053] [cout] [info]         state: /jointset/ground_pelvis/pelvis_tilt/speed, weight: 0.01
[2023-11-13 16:37:50.053] [cout] [info]         state: /jointset/ground_pelvis/pelvis_list/speed, weight: 0.01
[2023-11-13 16:37:50.053] [cout] [info]         state: /jointset/ground_pelvis/pelvis_rotation/speed, weight: 0.01
[2023-11-13 16:37:50.053] [cout] [info]         state: /jointset/ground_pelvis/pelvis_tx/speed, weight: 0.00500000
[2023-11-13 16:37:50.053] [cout] [info]         state: /jointset/ground_pelvis/pelvis_ty/speed, weight: 0.000100000
[2023-11-13 16:37:50.053] [cout] [info]         state: /jointset/ground_pelvis/pelvis_tz/speed, weight: 0.00250000
[2023-11-13 16:37:50.053] [cout] [info]         state: /jointset/hip_r/hip_flexion_r/speed, weight: 0.01
[2023-11-13 16:37:50.053] [cout] [info]         state: /jointset/hip_r/hip_adduction_r/speed, weight: 0.00500000
[2023-11-13 16:37:50.053] [cout] [info]         state: /jointset/hip_r/hip_rotation_r/speed, weight: 0.00250000
[2023-11-13 16:37:50.053] [cout] [info]         state: /jointset/hip_l/hip_flexion_l/speed, weight: 0.01
[2023-11-13 16:37:50.053] [cout] [info]         state: /jointset/hip_l/hip_adduction_l/speed, weight: 0.00500000
[2023-11-13 16:37:50.053] [cout] [info]         state: /jointset/hip_l/hip_rotation_l/speed, weight: 0.00250000
[2023-11-13 16:37:50.053] [cout] [info]         state: /jointset/back/lumbar_extension/speed, weight: 0.015
[2023-11-13 16:37:50.053] [cout] [info]         state: /jointset/back/lumbar_bending/speed, weight: 0.01
[2023-11-13 16:37:50.053] [cout] [info]         state: /jointset/back/lumbar_rotation/speed, weight: 0.00500000
[2023-11-13 16:37:50.053] [cout] [info]         state: /jointset/knee_r/knee_angle_r/speed, weight: 0.01
[2023-11-13 16:37:50.053] [cout] [info]         state: /jointset/knee_l/knee_angle_l/speed, weight: 0.01
[2023-11-13 16:37:50.053] [cout] [info]         state: /jointset/acromial_r/arm_flex_r/speed, weight: 0.00250000
[2023-11-13 16:37:50.053] [cout] [info]         state: /jointset/acromial_r/arm_add_r/speed, weight: 0.00100000
[2023-11-13 16:37:50.053] [cout] [info]         state: /jointset/acromial_r/arm_rot_r/speed, weight: 0.00100000
[2023-11-13 16:37:50.053] [cout] [info]         state: /jointset/acromial_l/arm_flex_l/speed, weight: 0.00250000
[2023-11-13 16:37:50.053] [cout] [info]         state: /jointset/acromial_l/arm_add_l/speed, weight: 0.00100000
[2023-11-13 16:37:50.053] [cout] [info]         state: /jointset/acromial_l/arm_rot_l/speed, weight: 0.00100000
[2023-11-13 16:37:50.053] [cout] [info]         state: /jointset/ankle_r/ankle_angle_r/speed, weight: 0.00250000
[2023-11-13 16:37:50.053] [cout] [info]         state: /jointset/ankle_l/ankle_angle_l/speed, weight: 0.00250000
[2023-11-13 16:37:50.053] [cout] [info]         state: /jointset/elbow_r/elbow_flex_r/speed, weight: 0.00500000
[2023-11-13 16:37:50.053] [cout] [info]         state: /jointset/elbow_l/elbow_flex_l/speed, weight: 0.00500000
[2023-11-13 16:37:50.053] [cout] [info]         state: /jointset/subtalar_r/subtalar_angle_r/speed, weight: 0.00100000
[2023-11-13 16:37:50.053] [cout] [info]         state: /jointset/subtalar_l/subtalar_angle_l/speed, weight: 0.00100000
[2023-11-13 16:37:50.053] [cout] [info]         state: /jointset/radioulnar_r/pro_sup_r/speed, weight: 0.00100000
[2023-11-13 16:37:50.053] [cout] [info]         state: /jointset/radioulnar_l/pro_sup_l/speed, weight: 0.00100000
[2023-11-13 16:37:50.053] [cout] [info]         state: /jointset/mtp_r/mtp_angle_r/speed, weight: 0.000500000
[2023-11-13 16:37:50.053] [cout] [info]         state: /jointset/mtp_l/mtp_angle_l/speed, weight: 0.000500000
[2023-11-13 16:37:50.053] [cout] [info]   control_effort. MocoControlGoal, enabled: true, mode: cost, weight: 0.00100000
[2023-11-13 16:37:50.053] [cout] [info]         control: /forceset/glut_med1_r, weight: 1.0
[2023-11-13 16:37:50.053] [cout] [info]         control: /forceset/glut_med2_r, weight: 1.0
[2023-11-13 16:37:50.053] [cout] [info]         control: /forceset/glut_med3_r, weight: 1.0
[2023-11-13 16:37:50.053] [cout] [info]         control: /forceset/glut_min1_r, weight: 1.0
[2023-11-13 16:37:50.053] [cout] [info]         control: /forceset/glut_min2_r, weight: 1.0
[2023-11-13 16:37:50.053] [cout] [info]         control: /forceset/glut_min3_r, weight: 1.0
[2023-11-13 16:37:50.053] [cout] [info]         control: /forceset/semimem_r, weight: 1.0
[2023-11-13 16:37:50.053] [cout] [info]         control: /forceset/semiten_r, weight: 1.0
[2023-11-13 16:37:50.053] [cout] [info]         control: /forceset/bifemlh_r, weight: 1.0
[2023-11-13 16:37:50.053] [cout] [info]         control: /forceset/bifemsh_r, weight: 1.0
[2023-11-13 16:37:50.053] [cout] [info]         control: /forceset/sar_r, weight: 1.0
[2023-11-13 16:37:50.053] [cout] [info]         control: /forceset/add_long_r, weight: 1.0
[2023-11-13 16:37:50.053] [cout] [info]         control: /forceset/add_brev_r, weight: 1.0
[2023-11-13 16:37:50.053] [cout] [info]         control: /forceset/add_mag1_r, weight: 1.0
[2023-11-13 16:37:50.053] [cout] [info]         control: /forceset/add_mag2_r, weight: 1.0
[2023-11-13 16:37:50.053] [cout] [info]         control: /forceset/add_mag3_r, weight: 1.0
[2023-11-13 16:37:50.053] [cout] [info]         control: /forceset/tfl_r, weight: 1.0
[2023-11-13 16:37:50.053] [cout] [info]         control: /forceset/pect_r, weight: 1.0
[2023-11-13 16:37:50.053] [cout] [info]         control: /forceset/grac_r, weight: 1.0
[2023-11-13 16:37:50.053] [cout] [info]         control: /forceset/glut_max1_r, weight: 1.0
[2023-11-13 16:37:50.053] [cout] [info]         control: /forceset/glut_max2_r, weight: 1.0
[2023-11-13 16:37:50.053] [cout] [info]         control: /forceset/glut_max3_r, weight: 1.0
[2023-11-13 16:37:50.053] [cout] [info]         control: /forceset/iliacus_r, weight: 1.0
[2023-11-13 16:37:50.053] [cout] [info]         control: /forceset/psoas_r, weight: 1.0
[2023-11-13 16:37:50.053] [cout] [info]         control: /forceset/quad_fem_r, weight: 1.0
[2023-11-13 16:37:50.053] [cout] [info]         control: /forceset/gem_r, weight: 1.0
[2023-11-13 16:37:50.053] [cout] [info]         control: /forceset/peri_r, weight: 1.0
[2023-11-13 16:37:50.053] [cout] [info]         control: /forceset/rect_fem_r, weight: 1.0
[2023-11-13 16:37:50.053] [cout] [info]         control: /forceset/vas_med_r, weight: 1.0
[2023-11-13 16:37:50.053] [cout] [info]         control: /forceset/vas_int_r, weight: 1.0
[2023-11-13 16:37:50.053] [cout] [info]         control: /forceset/vas_lat_r, weight: 1.0
[2023-11-13 16:37:50.053] [cout] [info]         control: /forceset/med_gas_r, weight: 1.0
[2023-11-13 16:37:50.053] [cout] [info]         control: /forceset/lat_gas_r, weight: 1.0
[2023-11-13 16:37:50.053] [cout] [info]         control: /forceset/soleus_r, weight: 1.0
[2023-11-13 16:37:50.053] [cout] [info]         control: /forceset/tib_post_r, weight: 1.0
[2023-11-13 16:37:50.053] [cout] [info]         control: /forceset/flex_dig_r, weight: 1.0
[2023-11-13 16:37:50.053] [cout] [info]         control: /forceset/flex_hal_r, weight: 1.0
[2023-11-13 16:37:50.053] [cout] [info]         control: /forceset/tib_ant_r, weight: 1.0
[2023-11-13 16:37:50.053] [cout] [info]         control: /forceset/per_brev_r, weight: 1.0
[2023-11-13 16:37:50.053] [cout] [info]         control: /forceset/per_long_r, weight: 1.0
[2023-11-13 16:37:50.053] [cout] [info]         control: /forceset/per_tert_r, weight: 1.0
[2023-11-13 16:37:50.053] [cout] [info]         control: /forceset/ext_dig_r, weight: 1.0
[2023-11-13 16:37:50.054] [cout] [info]         control: /forceset/ext_hal_r, weight: 1.0
[2023-11-13 16:37:50.054] [cout] [info]         control: /forceset/lumbar_extension_actuator, weight: 0.1
[2023-11-13 16:37:50.054] [cout] [info]         control: /forceset/lumbar_bending_actuator, weight: 0.1
[2023-11-13 16:37:50.054] [cout] [info]         control: /forceset/lumbar_rotation_actuator, weight: 0.1
[2023-11-13 16:37:50.054] [cout] [info]         control: /forceset/arm_flex_r_actuator, weight: 0.1
[2023-11-13 16:37:50.054] [cout] [info]         control: /forceset/arm_add_r_actuator, weight: 0.1
[2023-11-13 16:37:50.054] [cout] [info]         control: /forceset/arm_rot_r_actuator, weight: 0.1
[2023-11-13 16:37:50.054] [cout] [info]         control: /forceset/elbow_flex_r_actuator, weight: 0.1
[2023-11-13 16:37:50.054] [cout] [info]         control: /forceset/pro_sup_r_actuator, weight: 0.1
[2023-11-13 16:37:50.054] [cout] [info]         control: /forceset/arm_flex_l_actuator, weight: 0.1
[2023-11-13 16:37:50.054] [cout] [info]         control: /forceset/arm_add_l_actuator, weight: 0.1
[2023-11-13 16:37:50.054] [cout] [info]         control: /forceset/arm_rot_l_actuator, weight: 0.1
[2023-11-13 16:37:50.054] [cout] [info]         control: /forceset/elbow_flex_l_actuator, weight: 0.1
[2023-11-13 16:37:50.054] [cout] [info]         control: /forceset/pro_sup_l_actuator, weight: 0.1
[2023-11-13 16:37:50.054] [cout] [info]         control: /forceset/hip_flexion_l_actuator, weight: 0.1
[2023-11-13 16:37:50.054] [cout] [info]         control: /forceset/hip_adduction_l_actuator, weight: 0.1
[2023-11-13 16:37:50.054] [cout] [info]         control: /forceset/hip_rotation_l_actuator, weight: 0.1
[2023-11-13 16:37:50.054] [cout] [info]         control: /forceset/knee_angle_l_actuator, weight: 0.1
[2023-11-13 16:37:50.054] [cout] [info]         control: /forceset/ankle_angle_l_actuator, weight: 0.1
[2023-11-13 16:37:50.054] [cout] [info]         control: /forceset/subtalar_angle_l_actuator, weight: 0.1
[2023-11-13 16:37:50.054] [cout] [info]         control: /forceset/mtp_angle_l_actuator, weight: 0.1
[2023-11-13 16:37:50.054] [cout] [info]         control: /forceset/hip_flexion_r_reserve, weight: 10.0
[2023-11-13 16:37:50.054] [cout] [info]         control: /forceset/hip_adduction_r_reserve, weight: 10.0
[2023-11-13 16:37:50.054] [cout] [info]         control: /forceset/hip_rotation_r_reserve, weight: 10.0
[2023-11-13 16:37:50.054] [cout] [info]         control: /forceset/knee_angle_r_reserve, weight: 10.0
[2023-11-13 16:37:50.054] [cout] [info]         control: /forceset/ankle_angle_r_reserve, weight: 10.0
[2023-11-13 16:37:50.054] [cout] [info]         control: /forceset/subtalar_angle_r_reserve, weight: 10.0
[2023-11-13 16:37:50.054] [cout] [info]         control: /forceset/mtp_angle_r_reserve, weight: 10.0
[2023-11-13 16:37:50.054] [cout] [info]         control: /forceset/pelvis_tx_residual, weight: 10.0
[2023-11-13 16:37:50.054] [cout] [info]         control: /forceset/pelvis_ty_residual, weight: 10.0
[2023-11-13 16:37:50.054] [cout] [info]         control: /forceset/pelvis_tz_residual, weight: 10.0
[2023-11-13 16:37:50.054] [cout] [info]         control: /forceset/pelvis_tilt_residual, weight: 10.0
[2023-11-13 16:37:50.054] [cout] [info]         control: /forceset/pelvis_list_residual, weight: 10.0
[2023-11-13 16:37:50.054] [cout] [info]         control: /forceset/pelvis_rotation_residual, weight: 10.0
[2023-11-13 16:37:50.054] [cout] [info]   contact0. MocoContactTrackingGoal, enabled: true, mode: cost, weight: 0.1
[2023-11-13 16:37:50.054] [cout] [info]         projection type: vector
[2023-11-13 16:37:50.054] [cout] [info]         projection vector: ~[1,0,0]
[2023-11-13 16:37:50.054] [cout] [info]         group 0: ExternalForce: LeftGRF1
[2023-11-13 16:37:50.054] [cout] [info]             forces:
[2023-11-13 16:37:50.054] [cout] [info]                 /forceset/contactForce_s1_l
[2023-11-13 16:37:50.054] [cout] [info]                 /forceset/contactForce_s2_l
[2023-11-13 16:37:50.054] [cout] [info]                 /forceset/contactForce_s3_l
[2023-11-13 16:37:50.054] [cout] [info]                 /forceset/contactForce_s4_l
[2023-11-13 16:37:50.054] [cout] [info]                 /forceset/contactForce_s5_l
[2023-11-13 16:37:50.054] [cout] [info]                 /forceset/contactForce_s6_l
[2023-11-13 16:37:50.054] [cout] [info]         group 1: ExternalForce: RightGRF1
[2023-11-13 16:37:50.054] [cout] [info]             forces:
[2023-11-13 16:37:50.054] [cout] [info]                 /forceset/contactForce_s1_r
[2023-11-13 16:37:50.054] [cout] [info]                 /forceset/contactForce_s2_r
[2023-11-13 16:37:50.054] [cout] [info]                 /forceset/contactForce_s3_r
[2023-11-13 16:37:50.054] [cout] [info]                 /forceset/contactForce_s4_r
[2023-11-13 16:37:50.054] [cout] [info]                 /forceset/contactForce_s5_r
[2023-11-13 16:37:50.054] [cout] [info]                 /forceset/contactForce_s6_r
[2023-11-13 16:37:50.054] [cout] [info]   contact1. MocoContactTrackingGoal, enabled: true, mode: cost, weight: 0.1
[2023-11-13 16:37:50.054] [cout] [info]         projection type: vector
[2023-11-13 16:37:50.054] [cout] [info]         projection vector: ~[0,1,0]
[2023-11-13 16:37:50.054] [cout] [info]         group 0: ExternalForce: LeftGRF1
[2023-11-13 16:37:50.054] [cout] [info]             forces:
[2023-11-13 16:37:50.054] [cout] [info]                 /forceset/contactForce_s1_l
[2023-11-13 16:37:50.054] [cout] [info]                 /forceset/contactForce_s2_l
[2023-11-13 16:37:50.054] [cout] [info]                 /forceset/contactForce_s3_l
[2023-11-13 16:37:50.054] [cout] [info]                 /forceset/contactForce_s4_l
[2023-11-13 16:37:50.054] [cout] [info]                 /forceset/contactForce_s5_l
[2023-11-13 16:37:50.054] [cout] [info]                 /forceset/contactForce_s6_l
[2023-11-13 16:37:50.054] [cout] [info]         group 1: ExternalForce: RightGRF1
[2023-11-13 16:37:50.054] [cout] [info]             forces:
[2023-11-13 16:37:50.054] [cout] [info]                 /forceset/contactForce_s1_r
[2023-11-13 16:37:50.054] [cout] [info]                 /forceset/contactForce_s2_r
[2023-11-13 16:37:50.054] [cout] [info]                 /forceset/contactForce_s3_r
[2023-11-13 16:37:50.054] [cout] [info]                 /forceset/contactForce_s4_r
[2023-11-13 16:37:50.054] [cout] [info]                 /forceset/contactForce_s5_r
[2023-11-13 16:37:50.054] [cout] [info]                 /forceset/contactForce_s6_r
[2023-11-13 16:37:50.054] [cout] [info]   contact2. MocoContactTrackingGoal, enabled: true, mode: cost, weight: 0.1
[2023-11-13 16:37:50.054] [cout] [info]         projection type: vector
[2023-11-13 16:37:50.054] [cout] [info]         projection vector: ~[0,0,1]
[2023-11-13 16:37:50.054] [cout] [info]         group 0: ExternalForce: LeftGRF1
[2023-11-13 16:37:50.054] [cout] [info]             forces:
[2023-11-13 16:37:50.054] [cout] [info]                 /forceset/contactForce_s1_l
[2023-11-13 16:37:50.054] [cout] [info]                 /forceset/contactForce_s2_l
[2023-11-13 16:37:50.054] [cout] [info]                 /forceset/contactForce_s3_l
[2023-11-13 16:37:50.054] [cout] [info]                 /forceset/contactForce_s4_l
[2023-11-13 16:37:50.054] [cout] [info]                 /forceset/contactForce_s5_l
[2023-11-13 16:37:50.054] [cout] [info]                 /forceset/contactForce_s6_l
[2023-11-13 16:37:50.054] [cout] [info]         group 1: ExternalForce: RightGRF1
[2023-11-13 16:37:50.054] [cout] [info]             forces:
[2023-11-13 16:37:50.054] [cout] [info]                 /forceset/contactForce_s1_r
[2023-11-13 16:37:50.054] [cout] [info]                 /forceset/contactForce_s2_r
[2023-11-13 16:37:50.054] [cout] [info]                 /forceset/contactForce_s3_r
[2023-11-13 16:37:50.054] [cout] [info]                 /forceset/contactForce_s4_r
[2023-11-13 16:37:50.054] [cout] [info]                 /forceset/contactForce_s5_r
[2023-11-13 16:37:50.054] [cout] [info]                 /forceset/contactForce_s6_r
[2023-11-13 16:37:50.054] [cout] [info] Endpoint constraints: none
[2023-11-13 16:37:50.054] [cout] [info] Kinematic constraints: none
[2023-11-13 16:37:50.055] [cout] [info] Path constraints: none
[2023-11-13 16:37:50.055] [cout] [info] States: (total: 109)
[2023-11-13 16:37:50.055] [cout] [info]   /jointset/ground_pelvis/pelvis_tilt/value. bounds: [-1.5708, 1.5708]
[2023-11-13 16:37:50.055] [cout] [info]   /jointset/ground_pelvis/pelvis_list/value. bounds: [-1.5708, 1.5708]
[2023-11-13 16:37:50.055] [cout] [info]   /jointset/radioulnar_r/pro_sup_r/value. bounds: [0, 3.1416]
[2023-11-13 16:37:50.055] [cout] [info]   /jointset/ground_pelvis/pelvis_rotation/value. bounds: [-1.5708, 1.5708]
[2023-11-13 16:37:50.055] [cout] [info]   /jointset/ground_pelvis/pelvis_tx/value. bounds: [-20, 20]
[2023-11-13 16:37:50.055] [cout] [info]   /jointset/elbow_r/elbow_flex_r/value. bounds: [-0.17453, 2.618]
[2023-11-13 16:37:50.055] [cout] [info]   /jointset/ground_pelvis/pelvis_ty/value. bounds: [-2, 4]
[2023-11-13 16:37:50.055] [cout] [info]   /jointset/ground_pelvis/pelvis_tz/value. bounds: [-5, 5]
[2023-11-13 16:37:50.055] [cout] [info]   /jointset/hip_r/hip_adduction_r/speed. bounds: [-50, 50]
[2023-11-13 16:37:50.055] [cout] [info]   /jointset/ankle_r/ankle_angle_r/value. bounds: [-1.0472, 0.69813]
[2023-11-13 16:37:50.055] [cout] [info]   /jointset/hip_r/hip_flexion_r/value. bounds: [-0.69813, 1.7453]
[2023-11-13 16:37:50.055] [cout] [info]   /jointset/hip_r/hip_adduction_r/value. bounds: [-0.5236, 0.5236]
[2023-11-13 16:37:50.055] [cout] [info]   /jointset/back/lumbar_rotation/speed. bounds: [-50, 50]
[2023-11-13 16:37:50.055] [cout] [info]   /jointset/hip_r/hip_rotation_r/value. bounds: [-0.5236, 0.5236]
[2023-11-13 16:37:50.055] [cout] [info]   /jointset/mtp_l/mtp_angle_l/speed. bounds: [-50, 50]
[2023-11-13 16:37:50.055] [cout] [info]   /jointset/knee_r/knee_angle_r/value. bounds: [-2.7925, 0.17453]
[2023-11-13 16:37:50.055] [cout] [info]   /jointset/hip_l/hip_flexion_l/value. bounds: [-0.69813, 1.7453]
[2023-11-13 16:37:50.055] [cout] [info]   /jointset/subtalar_r/subtalar_angle_r/value. bounds: [-0.87266, 0.87266]
[2023-11-13 16:37:50.055] [cout] [info]   /jointset/mtp_r/mtp_angle_r/value. bounds: [-1.0472, 1.0472]
[2023-11-13 16:37:50.055] [cout] [info]   /jointset/hip_l/hip_adduction_l/value. bounds: [-0.5236, 0.5236]
[2023-11-13 16:37:50.055] [cout] [info]   /jointset/hip_l/hip_rotation_l/value. bounds: [-0.5236, 0.5236]
[2023-11-13 16:37:50.055] [cout] [info]   /forceset/glut_min1_r/activation. bounds: [0.01, 1]
[2023-11-13 16:37:50.055] [cout] [info]   /jointset/knee_l/knee_angle_l/value. bounds: [-2.7925, 0.17453]
[2023-11-13 16:37:50.055] [cout] [info]   /jointset/knee_r/knee_angle_r/speed. bounds: [-50, 50]
[2023-11-13 16:37:50.055] [cout] [info]   /jointset/ankle_l/ankle_angle_l/value. bounds: [-1.0472, 0.69813]
[2023-11-13 16:37:50.055] [cout] [info]   /jointset/subtalar_l/subtalar_angle_l/value. bounds: [-0.87266, 0.87266]
[2023-11-13 16:37:50.055] [cout] [info]   /jointset/mtp_l/mtp_angle_l/value. bounds: [-1.0472, 1.0472]
[2023-11-13 16:37:50.055] [cout] [info]   /forceset/bifemsh_r/activation. bounds: [0.01, 1]
[2023-11-13 16:37:50.055] [cout] [info]   /jointset/back/lumbar_extension/value. bounds: [-0.7854, 0.17453]
[2023-11-13 16:37:50.055] [cout] [info]   /jointset/back/lumbar_bending/value. bounds: [-0.34907, 0.34907]
[2023-11-13 16:37:50.055] [cout] [info]   /jointset/back/lumbar_rotation/value. bounds: [-0.5236, 0.5236]
[2023-11-13 16:37:50.055] [cout] [info]   /jointset/acromial_r/arm_flex_r/value. bounds: [-1.5708, 1.5708]
[2023-11-13 16:37:50.055] [cout] [info]   /jointset/acromial_r/arm_add_r/value. bounds: [-2.0944, 1.5708]
[2023-11-13 16:37:50.055] [cout] [info]   /jointset/acromial_r/arm_rot_r/value. bounds: [-1.5708, 1.5708]
[2023-11-13 16:37:50.055] [cout] [info]   /jointset/acromial_l/arm_flex_l/value. bounds: [-1.5708, 1.5708]
[2023-11-13 16:37:50.055] [cout] [info]   /jointset/acromial_l/arm_add_l/value. bounds: [-2.0944, 1.5708]
[2023-11-13 16:37:50.055] [cout] [info]   /jointset/acromial_l/arm_rot_l/value. bounds: [-1.5708, 1.5708]
[2023-11-13 16:37:50.055] [cout] [info]   /jointset/elbow_l/elbow_flex_l/value. bounds: [-0.17453, 2.618]
[2023-11-13 16:37:50.055] [cout] [info]   /jointset/radioulnar_l/pro_sup_l/value. bounds: [0, 3.1416]
[2023-11-13 16:37:50.055] [cout] [info]   /jointset/ground_pelvis/pelvis_tilt/speed. bounds: [-50, 50]
[2023-11-13 16:37:50.055] [cout] [info]   /jointset/ground_pelvis/pelvis_list/speed. bounds: [-50, 50]
[2023-11-13 16:37:50.055] [cout] [info]   /jointset/radioulnar_r/pro_sup_r/speed. bounds: [-50, 50]
[2023-11-13 16:37:50.055] [cout] [info]   /jointset/ground_pelvis/pelvis_rotation/speed. bounds: [-50, 50]
[2023-11-13 16:37:50.055] [cout] [info]   /jointset/ground_pelvis/pelvis_tx/speed. bounds: [-50, 50]
[2023-11-13 16:37:50.055] [cout] [info]   /jointset/elbow_r/elbow_flex_r/speed. bounds: [-50, 50]
[2023-11-13 16:37:50.055] [cout] [info]   /jointset/ground_pelvis/pelvis_ty/speed. bounds: [-50, 50]
[2023-11-13 16:37:50.055] [cout] [info]   /jointset/ground_pelvis/pelvis_tz/speed. bounds: [-50, 50]
[2023-11-13 16:37:50.055] [cout] [info]   /jointset/ankle_r/ankle_angle_r/speed. bounds: [-50, 50]
[2023-11-13 16:37:50.055] [cout] [info]   /jointset/hip_r/hip_flexion_r/speed. bounds: [-50, 50]
[2023-11-13 16:37:50.055] [cout] [info]   /jointset/hip_r/hip_rotation_r/speed. bounds: [-50, 50]
[2023-11-13 16:37:50.055] [cout] [info]   /jointset/hip_l/hip_flexion_l/speed. bounds: [-50, 50]
[2023-11-13 16:37:50.055] [cout] [info]   /jointset/subtalar_r/subtalar_angle_r/speed. bounds: [-50, 50]
[2023-11-13 16:37:50.055] [cout] [info]   /jointset/mtp_r/mtp_angle_r/speed. bounds: [-50, 50]
[2023-11-13 16:37:50.055] [cout] [info]   /jointset/hip_l/hip_adduction_l/speed. bounds: [-50, 50]
[2023-11-13 16:37:50.055] [cout] [info]   /jointset/hip_l/hip_rotation_l/speed. bounds: [-50, 50]
[2023-11-13 16:37:50.055] [cout] [info]   /jointset/knee_l/knee_angle_l/speed. bounds: [-50, 50]
[2023-11-13 16:37:50.055] [cout] [info]   /jointset/ankle_l/ankle_angle_l/speed. bounds: [-50, 50]
[2023-11-13 16:37:50.055] [cout] [info]   /jointset/subtalar_l/subtalar_angle_l/speed. bounds: [-50, 50]
[2023-11-13 16:37:50.055] [cout] [info]   /jointset/back/lumbar_extension/speed. bounds: [-50, 50]
[2023-11-13 16:37:50.055] [cout] [info]   /jointset/back/lumbar_bending/speed. bounds: [-50, 50]
[2023-11-13 16:37:50.055] [cout] [info]   /jointset/acromial_r/arm_flex_r/speed. bounds: [-50, 50]
[2023-11-13 16:37:50.055] [cout] [info]   /jointset/acromial_r/arm_add_r/speed. bounds: [-50, 50]
[2023-11-13 16:37:50.055] [cout] [info]   /jointset/acromial_r/arm_rot_r/speed. bounds: [-50, 50]
[2023-11-13 16:37:50.055] [cout] [info]   /jointset/acromial_l/arm_flex_l/speed. bounds: [-50, 50]
[2023-11-13 16:37:50.056] [cout] [info]   /jointset/acromial_l/arm_add_l/speed. bounds: [-50, 50]
[2023-11-13 16:37:50.056] [cout] [info]   /jointset/acromial_l/arm_rot_l/speed. bounds: [-50, 50]
[2023-11-13 16:37:50.056] [cout] [info]   /jointset/elbow_l/elbow_flex_l/speed. bounds: [-50, 50]
[2023-11-13 16:37:50.056] [cout] [info]   /jointset/radioulnar_l/pro_sup_l/speed. bounds: [-50, 50]
[2023-11-13 16:37:50.056] [cout] [info]   /forceset/glut_med1_r/activation. bounds: [0.01, 1]
[2023-11-13 16:37:50.056] [cout] [info]   /forceset/glut_med2_r/activation. bounds: [0.01, 1]
[2023-11-13 16:37:50.056] [cout] [info]   /forceset/glut_med3_r/activation. bounds: [0.01, 1]
[2023-11-13 16:37:50.056] [cout] [info]   /forceset/glut_min2_r/activation. bounds: [0.01, 1]
[2023-11-13 16:37:50.056] [cout] [info]   /forceset/glut_min3_r/activation. bounds: [0.01, 1]
[2023-11-13 16:37:50.056] [cout] [info]   /forceset/semimem_r/activation. bounds: [0.01, 1]
[2023-11-13 16:37:50.056] [cout] [info]   /forceset/semiten_r/activation. bounds: [0.01, 1]
[2023-11-13 16:37:50.056] [cout] [info]   /forceset/bifemlh_r/activation. bounds: [0.01, 1]
[2023-11-13 16:37:50.056] [cout] [info]   /forceset/sar_r/activation. bounds: [0.01, 1]
[2023-11-13 16:37:50.056] [cout] [info]   /forceset/add_long_r/activation. bounds: [0.01, 1]
[2023-11-13 16:37:50.056] [cout] [info]   /forceset/add_brev_r/activation. bounds: [0.01, 1]
[2023-11-13 16:37:50.056] [cout] [info]   /forceset/add_mag1_r/activation. bounds: [0.01, 1]
[2023-11-13 16:37:50.056] [cout] [info]   /forceset/add_mag2_r/activation. bounds: [0.01, 1]
[2023-11-13 16:37:50.056] [cout] [info]   /forceset/add_mag3_r/activation. bounds: [0.01, 1]
[2023-11-13 16:37:50.056] [cout] [info]   /forceset/tfl_r/activation. bounds: [0.01, 1]
[2023-11-13 16:37:50.056] [cout] [info]   /forceset/pect_r/activation. bounds: [0.01, 1]
[2023-11-13 16:37:50.056] [cout] [info]   /forceset/grac_r/activation. bounds: [0.01, 1]
[2023-11-13 16:37:50.056] [cout] [info]   /forceset/glut_max1_r/activation. bounds: [0.01, 1]
[2023-11-13 16:37:50.056] [cout] [info]   /forceset/glut_max2_r/activation. bounds: [0.01, 1]
[2023-11-13 16:37:50.056] [cout] [info]   /forceset/glut_max3_r/activation. bounds: [0.01, 1]
[2023-11-13 16:37:50.056] [cout] [info]   /forceset/iliacus_r/activation. bounds: [0.01, 1]
[2023-11-13 16:37:50.056] [cout] [info]   /forceset/psoas_r/activation. bounds: [0.01, 1]
[2023-11-13 16:37:50.056] [cout] [info]   /forceset/quad_fem_r/activation. bounds: [0.01, 1]
[2023-11-13 16:37:50.056] [cout] [info]   /forceset/gem_r/activation. bounds: [0.01, 1]
[2023-11-13 16:37:50.056] [cout] [info]   /forceset/peri_r/activation. bounds: [0.01, 1]
[2023-11-13 16:37:50.056] [cout] [info]   /forceset/rect_fem_r/activation. bounds: [0.01, 1]
[2023-11-13 16:37:50.056] [cout] [info]   /forceset/vas_med_r/activation. bounds: [0.01, 1]
[2023-11-13 16:37:50.056] [cout] [info]   /forceset/vas_int_r/activation. bounds: [0.01, 1]
[2023-11-13 16:37:50.056] [cout] [info]   /forceset/vas_lat_r/activation. bounds: [0.01, 1]
[2023-11-13 16:37:50.056] [cout] [info]   /forceset/med_gas_r/activation. bounds: [0.01, 1]
[2023-11-13 16:37:50.056] [cout] [info]   /forceset/lat_gas_r/activation. bounds: [0.01, 1]
[2023-11-13 16:37:50.056] [cout] [info]   /forceset/soleus_r/activation. bounds: [0.01, 1]
[2023-11-13 16:37:50.056] [cout] [info]   /forceset/tib_post_r/activation. bounds: [0.01, 1]
[2023-11-13 16:37:50.056] [cout] [info]   /forceset/flex_dig_r/activation. bounds: [0.01, 1]
[2023-11-13 16:37:50.056] [cout] [info]   /forceset/flex_hal_r/activation. bounds: [0.01, 1]
[2023-11-13 16:37:50.056] [cout] [info]   /forceset/tib_ant_r/activation. bounds: [0.01, 1]
[2023-11-13 16:37:50.056] [cout] [info]   /forceset/per_brev_r/activation. bounds: [0.01, 1]
[2023-11-13 16:37:50.056] [cout] [info]   /forceset/per_long_r/activation. bounds: [0.01, 1]
[2023-11-13 16:37:50.056] [cout] [info]   /forceset/per_tert_r/activation. bounds: [0.01, 1]
[2023-11-13 16:37:50.056] [cout] [info]   /forceset/ext_dig_r/activation. bounds: [0.01, 1]
[2023-11-13 16:37:50.056] [cout] [info]   /forceset/ext_hal_r/activation. bounds: [0.01, 1]
[2023-11-13 16:37:50.056] [cout] [info] Controls: (total: 76)
[2023-11-13 16:37:50.056] [cout] [info]   /forceset/glut_med1_r. bounds: [0.01, 1]
[2023-11-13 16:37:50.056] [cout] [info]   /forceset/glut_med2_r. bounds: [0.01, 1]
[2023-11-13 16:37:50.056] [cout] [info]   /forceset/glut_med3_r. bounds: [0.01, 1]
[2023-11-13 16:37:50.056] [cout] [info]   /forceset/glut_min1_r. bounds: [0.01, 1]
[2023-11-13 16:37:50.056] [cout] [info]   /forceset/glut_min2_r. bounds: [0.01, 1]
[2023-11-13 16:37:50.056] [cout] [info]   /forceset/glut_min3_r. bounds: [0.01, 1]
[2023-11-13 16:37:50.056] [cout] [info]   /forceset/mtp_angle_l_actuator. bounds: [-inf, inf]
[2023-11-13 16:37:50.056] [cout] [info]   /forceset/semimem_r. bounds: [0.01, 1]
[2023-11-13 16:37:50.056] [cout] [info]   /forceset/semiten_r. bounds: [0.01, 1]
[2023-11-13 16:37:50.056] [cout] [info]   /forceset/bifemlh_r. bounds: [0.01, 1]
[2023-11-13 16:37:50.056] [cout] [info]   /forceset/bifemsh_r. bounds: [0.01, 1]
[2023-11-13 16:37:50.056] [cout] [info]   /forceset/sar_r. bounds: [0.01, 1]
[2023-11-13 16:37:50.057] [cout] [info]   /forceset/add_long_r. bounds: [0.01, 1]
[2023-11-13 16:37:50.057] [cout] [info]   /forceset/add_brev_r. bounds: [0.01, 1]
[2023-11-13 16:37:50.057] [cout] [info]   /forceset/add_mag1_r. bounds: [0.01, 1]
[2023-11-13 16:37:50.057] [cout] [info]   /forceset/add_mag2_r. bounds: [0.01, 1]
[2023-11-13 16:37:50.057] [cout] [info]   /forceset/add_mag3_r. bounds: [0.01, 1]
[2023-11-13 16:37:50.057] [cout] [info]   /forceset/tfl_r. bounds: [0.01, 1]
[2023-11-13 16:37:50.057] [cout] [info]   /forceset/pect_r. bounds: [0.01, 1]
[2023-11-13 16:37:50.057] [cout] [info]   /forceset/grac_r. bounds: [0.01, 1]
[2023-11-13 16:37:50.057] [cout] [info]   /forceset/hip_flexion_r_reserve. bounds: [-inf, inf]
[2023-11-13 16:37:50.057] [cout] [info]   /forceset/glut_max1_r. bounds: [0.01, 1]
[2023-11-13 16:37:50.057] [cout] [info]   /forceset/glut_max2_r. bounds: [0.01, 1]
[2023-11-13 16:37:50.057] [cout] [info]   /forceset/glut_max3_r. bounds: [0.01, 1]
[2023-11-13 16:37:50.057] [cout] [info]   /forceset/iliacus_r. bounds: [0.01, 1]
[2023-11-13 16:37:50.057] [cout] [info]   /forceset/psoas_r. bounds: [0.01, 1]
[2023-11-13 16:37:50.057] [cout] [info]   /forceset/quad_fem_r. bounds: [0.01, 1]
[2023-11-13 16:37:50.057] [cout] [info]   /forceset/gem_r. bounds: [0.01, 1]
[2023-11-13 16:37:50.057] [cout] [info]   /forceset/peri_r. bounds: [0.01, 1]
[2023-11-13 16:37:50.057] [cout] [info]   /forceset/rect_fem_r. bounds: [0.01, 1]
[2023-11-13 16:37:50.057] [cout] [info]   /forceset/vas_med_r. bounds: [0.01, 1]
[2023-11-13 16:37:50.057] [cout] [info]   /forceset/vas_int_r. bounds: [0.01, 1]
[2023-11-13 16:37:50.057] [cout] [info]   /forceset/vas_lat_r. bounds: [0.01, 1]
[2023-11-13 16:37:50.057] [cout] [info]   /forceset/med_gas_r. bounds: [0.01, 1]
[2023-11-13 16:37:50.057] [cout] [info]   /forceset/lat_gas_r. bounds: [0.01, 1]
[2023-11-13 16:37:50.057] [cout] [info]   /forceset/soleus_r. bounds: [0.01, 1]
[2023-11-13 16:37:50.057] [cout] [info]   /forceset/tib_post_r. bounds: [0.01, 1]
[2023-11-13 16:37:50.057] [cout] [info]   /forceset/flex_dig_r. bounds: [0.01, 1]
[2023-11-13 16:37:50.057] [cout] [info]   /forceset/flex_hal_r. bounds: [0.01, 1]
[2023-11-13 16:37:50.057] [cout] [info]   /forceset/tib_ant_r. bounds: [0.01, 1]
[2023-11-13 16:37:50.057] [cout] [info]   /forceset/per_brev_r. bounds: [0.01, 1]
[2023-11-13 16:37:50.057] [cout] [info]   /forceset/per_long_r. bounds: [0.01, 1]
[2023-11-13 16:37:50.057] [cout] [info]   /forceset/per_tert_r. bounds: [0.01, 1]
[2023-11-13 16:37:50.057] [cout] [info]   /forceset/ext_dig_r. bounds: [0.01, 1]
[2023-11-13 16:37:50.057] [cout] [info]   /forceset/ext_hal_r. bounds: [0.01, 1]
[2023-11-13 16:37:50.057] [cout] [info]   /forceset/lumbar_extension_actuator. bounds: [-inf, inf]
[2023-11-13 16:37:50.057] [cout] [info]   /forceset/lumbar_bending_actuator. bounds: [-inf, inf]
[2023-11-13 16:37:50.057] [cout] [info]   /forceset/lumbar_rotation_actuator. bounds: [-inf, inf]
[2023-11-13 16:37:50.057] [cout] [info]   /forceset/arm_flex_r_actuator. bounds: [-inf, inf]
[2023-11-13 16:37:50.057] [cout] [info]   /forceset/arm_add_r_actuator. bounds: [-inf, inf]
[2023-11-13 16:37:50.057] [cout] [info]   /forceset/arm_rot_r_actuator. bounds: [-inf, inf]
[2023-11-13 16:37:50.057] [cout] [info]   /forceset/elbow_flex_r_actuator. bounds: [-inf, inf]
[2023-11-13 16:37:50.057] [cout] [info]   /forceset/pro_sup_r_actuator. bounds: [-inf, inf]
[2023-11-13 16:37:50.057] [cout] [info]   /forceset/hip_rotation_l_actuator. bounds: [-inf, inf]
[2023-11-13 16:37:50.057] [cout] [info]   /forceset/arm_flex_l_actuator. bounds: [-inf, inf]
[2023-11-13 16:37:50.057] [cout] [info]   /forceset/arm_add_l_actuator. bounds: [-inf, inf]
[2023-11-13 16:37:50.057] [cout] [info]   /forceset/arm_rot_l_actuator. bounds: [-inf, inf]
[2023-11-13 16:37:50.057] [cout] [info]   /forceset/elbow_flex_l_actuator. bounds: [-inf, inf]
[2023-11-13 16:37:50.057] [cout] [info]   /forceset/pro_sup_l_actuator. bounds: [-inf, inf]
[2023-11-13 16:37:50.057] [cout] [info]   /forceset/hip_flexion_l_actuator. bounds: [-inf, inf]
[2023-11-13 16:37:50.058] [cout] [info]   /forceset/hip_adduction_l_actuator. bounds: [-inf, inf]
[2023-11-13 16:37:50.058] [cout] [info]   /forceset/knee_angle_l_actuator. bounds: [-inf, inf]
[2023-11-13 16:37:50.058] [cout] [info]   /forceset/ankle_angle_l_actuator. bounds: [-inf, inf]
[2023-11-13 16:37:50.058] [cout] [info]   /forceset/subtalar_angle_l_actuator. bounds: [-inf, inf]
[2023-11-13 16:37:50.058] [cout] [info]   /forceset/hip_adduction_r_reserve. bounds: [-inf, inf]
[2023-11-13 16:37:50.058] [cout] [info]   /forceset/hip_rotation_r_reserve. bounds: [-inf, inf]
[2023-11-13 16:37:50.058] [cout] [info]   /forceset/knee_angle_r_reserve. bounds: [-inf, inf]
[2023-11-13 16:37:50.058] [cout] [info]   /forceset/ankle_angle_r_reserve. bounds: [-inf, inf]
[2023-11-13 16:37:50.058] [cout] [info]   /forceset/subtalar_angle_r_reserve. bounds: [-inf, inf]
[2023-11-13 16:37:50.058] [cout] [info]   /forceset/mtp_angle_r_reserve. bounds: [-inf, inf]
[2023-11-13 16:37:50.058] [cout] [info]   /forceset/pelvis_tx_residual. bounds: [-inf, inf]
[2023-11-13 16:37:50.058] [cout] [info]   /forceset/pelvis_ty_residual. bounds: [-inf, inf]
[2023-11-13 16:37:50.058] [cout] [info]   /forceset/pelvis_tz_residual. bounds: [-inf, inf]
[2023-11-13 16:37:50.058] [cout] [info]   /forceset/pelvis_tilt_residual. bounds: [-inf, inf]
[2023-11-13 16:37:50.058] [cout] [info]   /forceset/pelvis_list_residual. bounds: [-inf, inf]
[2023-11-13 16:37:50.058] [cout] [info]   /forceset/pelvis_rotation_residual. bounds: [-inf, inf]
[2023-11-13 16:37:50.058] [cout] [info] Parameters: none
[2023-11-13 16:37:52.152] [info] Number of threads: 8
[2023-11-13 17:20:31.750] [info] Set log level to Info.
[2023-11-13 17:20:31.754] [info] ------------------------------------------------------------------------
[2023-11-13 17:20:31.754] [info] Elapsed real time: 2562 second(s) (42 minute(s), 42 second(s)).
[2023-11-13 17:20:31.754] [info] Mon Nov 13 17:20:31 2023
[2023-11-13 17:20:31.754] [warning] MocoCasADiSolver did NOT succeed:
[2023-11-13 17:20:31.754] [warning]   Maximum_Iterations_Exceeded
[2023-11-13 17:20:31.754] [info] ========================================================================
[2023-11-13 17:22:37.945] [cout] [info] Exiting visualization.
[2023-11-13 17:28:42.584] [info] ========================================================================
[2023-11-13 17:28:42.584] [info] MocoTropterSolver starting.
[2023-11-13 17:28:42.584] [info] Mon Nov 13 17:28:42 2023
[2023-11-13 17:28:42.584] [info] ------------------------------------------------------------------------
[2023-11-13 17:28:42.584] [cout] [info] Costs: (total: 5)
[2023-11-13 17:28:42.584] [cout] [info]   state_tracking. MocoStateTrackingGoal, enabled: true, mode: cost, weight: 1.0
[2023-11-13 17:28:42.584] [cout] [info]         state: /jointset/ground_pelvis/pelvis_tilt/value, weight: 10.0
[2023-11-13 17:28:42.584] [cout] [info]         state: /jointset/ground_pelvis/pelvis_list/value, weight: 10.0
[2023-11-13 17:28:42.584] [cout] [info]         state: /jointset/ground_pelvis/pelvis_rotation/value, weight: 10.0
[2023-11-13 17:28:42.584] [cout] [info]         state: /jointset/ground_pelvis/pelvis_tx/value, weight: 5.0
[2023-11-13 17:28:42.584] [cout] [info]         state: /jointset/ground_pelvis/pelvis_ty/value, weight: 0.1
[2023-11-13 17:28:42.584] [cout] [info]         state: /jointset/ground_pelvis/pelvis_tz/value, weight: 2.5
[2023-11-13 17:28:42.584] [cout] [info]         state: /jointset/hip_r/hip_flexion_r/value, weight: 10.0
[2023-11-13 17:28:42.584] [cout] [info]         state: /jointset/hip_r/hip_adduction_r/value, weight: 5.0
[2023-11-13 17:28:42.584] [cout] [info]         state: /jointset/hip_r/hip_rotation_r/value, weight: 2.5
[2023-11-13 17:28:42.584] [cout] [info]         state: /jointset/hip_l/hip_flexion_l/value, weight: 10.0
[2023-11-13 17:28:42.584] [cout] [info]         state: /jointset/hip_l/hip_adduction_l/value, weight: 5.0
[2023-11-13 17:28:42.584] [cout] [info]         state: /jointset/hip_l/hip_rotation_l/value, weight: 2.5
[2023-11-13 17:28:42.584] [cout] [info]         state: /jointset/back/lumbar_extension/value, weight: 15.0
[2023-11-13 17:28:42.584] [cout] [info]         state: /jointset/back/lumbar_bending/value, weight: 10.0
[2023-11-13 17:28:42.584] [cout] [info]         state: /jointset/back/lumbar_rotation/value, weight: 5.0
[2023-11-13 17:28:42.584] [cout] [info]         state: /jointset/knee_r/knee_angle_r/value, weight: 10.0
[2023-11-13 17:28:42.584] [cout] [info]         state: /jointset/knee_l/knee_angle_l/value, weight: 10.0
[2023-11-13 17:28:42.584] [cout] [info]         state: /jointset/acromial_r/arm_flex_r/value, weight: 2.5
[2023-11-13 17:28:42.584] [cout] [info]         state: /jointset/acromial_r/arm_add_r/value, weight: 1.0
[2023-11-13 17:28:42.584] [cout] [info]         state: /jointset/acromial_r/arm_rot_r/value, weight: 1.0
[2023-11-13 17:28:42.584] [cout] [info]         state: /jointset/acromial_l/arm_flex_l/value, weight: 2.5
[2023-11-13 17:28:42.584] [cout] [info]         state: /jointset/acromial_l/arm_add_l/value, weight: 1.0
[2023-11-13 17:28:42.584] [cout] [info]         state: /jointset/acromial_l/arm_rot_l/value, weight: 1.0
[2023-11-13 17:28:42.584] [cout] [info]         state: /jointset/ankle_r/ankle_angle_r/value, weight: 2.5
[2023-11-13 17:28:42.584] [cout] [info]         state: /jointset/ankle_l/ankle_angle_l/value, weight: 2.5
[2023-11-13 17:28:42.584] [cout] [info]         state: /jointset/elbow_r/elbow_flex_r/value, weight: 5.0
[2023-11-13 17:28:42.584] [cout] [info]         state: /jointset/elbow_l/elbow_flex_l/value, weight: 5.0
[2023-11-13 17:28:42.584] [cout] [info]         state: /jointset/subtalar_r/subtalar_angle_r/value, weight: 1.0
[2023-11-13 17:28:42.584] [cout] [info]         state: /jointset/subtalar_l/subtalar_angle_l/value, weight: 1.0
[2023-11-13 17:28:42.584] [cout] [info]         state: /jointset/radioulnar_r/pro_sup_r/value, weight: 1.0
[2023-11-13 17:28:42.584] [cout] [info]         state: /jointset/radioulnar_l/pro_sup_l/value, weight: 1.0
[2023-11-13 17:28:42.584] [cout] [info]         state: /jointset/mtp_r/mtp_angle_r/value, weight: 0.5
[2023-11-13 17:28:42.584] [cout] [info]         state: /jointset/mtp_l/mtp_angle_l/value, weight: 0.5
[2023-11-13 17:28:42.584] [cout] [info]         state: /jointset/ground_pelvis/pelvis_tilt/speed, weight: 0.01
[2023-11-13 17:28:42.584] [cout] [info]         state: /jointset/ground_pelvis/pelvis_list/speed, weight: 0.01
[2023-11-13 17:28:42.584] [cout] [info]         state: /jointset/ground_pelvis/pelvis_rotation/speed, weight: 0.01
[2023-11-13 17:28:42.584] [cout] [info]         state: /jointset/ground_pelvis/pelvis_tx/speed, weight: 0.00500000
[2023-11-13 17:28:42.584] [cout] [info]         state: /jointset/ground_pelvis/pelvis_ty/speed, weight: 0.000100000
[2023-11-13 17:28:42.585] [cout] [info]         state: /jointset/ground_pelvis/pelvis_tz/speed, weight: 0.00250000
[2023-11-13 17:28:42.585] [cout] [info]         state: /jointset/hip_r/hip_flexion_r/speed, weight: 0.01
[2023-11-13 17:28:42.585] [cout] [info]         state: /jointset/hip_r/hip_adduction_r/speed, weight: 0.00500000
[2023-11-13 17:28:42.585] [cout] [info]         state: /jointset/hip_r/hip_rotation_r/speed, weight: 0.00250000
[2023-11-13 17:28:42.585] [cout] [info]         state: /jointset/hip_l/hip_flexion_l/speed, weight: 0.01
[2023-11-13 17:28:42.585] [cout] [info]         state: /jointset/hip_l/hip_adduction_l/speed, weight: 0.00500000
[2023-11-13 17:28:42.585] [cout] [info]         state: /jointset/hip_l/hip_rotation_l/speed, weight: 0.00250000
[2023-11-13 17:28:42.585] [cout] [info]         state: /jointset/back/lumbar_extension/speed, weight: 0.015
[2023-11-13 17:28:42.585] [cout] [info]         state: /jointset/back/lumbar_bending/speed, weight: 0.01
[2023-11-13 17:28:42.585] [cout] [info]         state: /jointset/back/lumbar_rotation/speed, weight: 0.00500000
[2023-11-13 17:28:42.585] [cout] [info]         state: /jointset/knee_r/knee_angle_r/speed, weight: 0.01
[2023-11-13 17:28:42.585] [cout] [info]         state: /jointset/knee_l/knee_angle_l/speed, weight: 0.01
[2023-11-13 17:28:42.585] [cout] [info]         state: /jointset/acromial_r/arm_flex_r/speed, weight: 0.00250000
[2023-11-13 17:28:42.585] [cout] [info]         state: /jointset/acromial_r/arm_add_r/speed, weight: 0.00100000
[2023-11-13 17:28:42.585] [cout] [info]         state: /jointset/acromial_r/arm_rot_r/speed, weight: 0.00100000
[2023-11-13 17:28:42.585] [cout] [info]         state: /jointset/acromial_l/arm_flex_l/speed, weight: 0.00250000
[2023-11-13 17:28:42.585] [cout] [info]         state: /jointset/acromial_l/arm_add_l/speed, weight: 0.00100000
[2023-11-13 17:28:42.585] [cout] [info]         state: /jointset/acromial_l/arm_rot_l/speed, weight: 0.00100000
[2023-11-13 17:28:42.585] [cout] [info]         state: /jointset/ankle_r/ankle_angle_r/speed, weight: 0.00250000
[2023-11-13 17:28:42.585] [cout] [info]         state: /jointset/ankle_l/ankle_angle_l/speed, weight: 0.00250000
[2023-11-13 17:28:42.585] [cout] [info]         state: /jointset/elbow_r/elbow_flex_r/speed, weight: 0.00500000
[2023-11-13 17:28:42.585] [cout] [info]         state: /jointset/elbow_l/elbow_flex_l/speed, weight: 0.00500000
[2023-11-13 17:28:42.585] [cout] [info]         state: /jointset/subtalar_r/subtalar_angle_r/speed, weight: 0.00100000
[2023-11-13 17:28:42.585] [cout] [info]         state: /jointset/subtalar_l/subtalar_angle_l/speed, weight: 0.00100000
[2023-11-13 17:28:42.585] [cout] [info]         state: /jointset/radioulnar_r/pro_sup_r/speed, weight: 0.00100000
[2023-11-13 17:28:42.585] [cout] [info]         state: /jointset/radioulnar_l/pro_sup_l/speed, weight: 0.00100000
[2023-11-13 17:28:42.585] [cout] [info]         state: /jointset/mtp_r/mtp_angle_r/speed, weight: 0.000500000
[2023-11-13 17:28:42.585] [cout] [info]         state: /jointset/mtp_l/mtp_angle_l/speed, weight: 0.000500000
[2023-11-13 17:28:42.585] [cout] [info]   control_effort. MocoControlGoal, enabled: true, mode: cost, weight: 0.00100000
[2023-11-13 17:28:42.585] [cout] [info]         control: /forceset/glut_med1_r, weight: 1.0
[2023-11-13 17:28:42.585] [cout] [info]         control: /forceset/glut_med2_r, weight: 1.0
[2023-11-13 17:28:42.585] [cout] [info]         control: /forceset/glut_med3_r, weight: 1.0
[2023-11-13 17:28:42.585] [cout] [info]         control: /forceset/glut_min1_r, weight: 1.0
[2023-11-13 17:28:42.585] [cout] [info]         control: /forceset/glut_min2_r, weight: 1.0
[2023-11-13 17:28:42.585] [cout] [info]         control: /forceset/glut_min3_r, weight: 1.0
[2023-11-13 17:28:42.585] [cout] [info]         control: /forceset/semimem_r, weight: 1.0
[2023-11-13 17:28:42.585] [cout] [info]         control: /forceset/semiten_r, weight: 1.0
[2023-11-13 17:28:42.585] [cout] [info]         control: /forceset/bifemlh_r, weight: 1.0
[2023-11-13 17:28:42.585] [cout] [info]         control: /forceset/bifemsh_r, weight: 1.0
[2023-11-13 17:28:42.585] [cout] [info]         control: /forceset/sar_r, weight: 1.0
[2023-11-13 17:28:42.585] [cout] [info]         control: /forceset/add_long_r, weight: 1.0
[2023-11-13 17:28:42.585] [cout] [info]         control: /forceset/add_brev_r, weight: 1.0
[2023-11-13 17:28:42.585] [cout] [info]         control: /forceset/add_mag1_r, weight: 1.0
[2023-11-13 17:28:42.585] [cout] [info]         control: /forceset/add_mag2_r, weight: 1.0
[2023-11-13 17:28:42.585] [cout] [info]         control: /forceset/add_mag3_r, weight: 1.0
[2023-11-13 17:28:42.585] [cout] [info]         control: /forceset/tfl_r, weight: 1.0
[2023-11-13 17:28:42.585] [cout] [info]         control: /forceset/pect_r, weight: 1.0
[2023-11-13 17:28:42.585] [cout] [info]         control: /forceset/grac_r, weight: 1.0
[2023-11-13 17:28:42.585] [cout] [info]         control: /forceset/glut_max1_r, weight: 1.0
[2023-11-13 17:28:42.585] [cout] [info]         control: /forceset/glut_max2_r, weight: 1.0
[2023-11-13 17:28:42.585] [cout] [info]         control: /forceset/glut_max3_r, weight: 1.0
[2023-11-13 17:28:42.585] [cout] [info]         control: /forceset/iliacus_r, weight: 1.0
[2023-11-13 17:28:42.585] [cout] [info]         control: /forceset/psoas_r, weight: 1.0
[2023-11-13 17:28:42.585] [cout] [info]         control: /forceset/quad_fem_r, weight: 1.0
[2023-11-13 17:28:42.585] [cout] [info]         control: /forceset/gem_r, weight: 1.0
[2023-11-13 17:28:42.585] [cout] [info]         control: /forceset/peri_r, weight: 1.0
[2023-11-13 17:28:42.585] [cout] [info]         control: /forceset/rect_fem_r, weight: 1.0
[2023-11-13 17:28:42.585] [cout] [info]         control: /forceset/vas_med_r, weight: 1.0
[2023-11-13 17:28:42.585] [cout] [info]         control: /forceset/vas_int_r, weight: 1.0
[2023-11-13 17:28:42.585] [cout] [info]         control: /forceset/vas_lat_r, weight: 1.0
[2023-11-13 17:28:42.585] [cout] [info]         control: /forceset/med_gas_r, weight: 1.0
[2023-11-13 17:28:42.585] [cout] [info]         control: /forceset/lat_gas_r, weight: 1.0
[2023-11-13 17:28:42.585] [cout] [info]         control: /forceset/soleus_r, weight: 1.0
[2023-11-13 17:28:42.585] [cout] [info]         control: /forceset/tib_post_r, weight: 1.0
[2023-11-13 17:28:42.585] [cout] [info]         control: /forceset/flex_dig_r, weight: 1.0
[2023-11-13 17:28:42.585] [cout] [info]         control: /forceset/flex_hal_r, weight: 1.0
[2023-11-13 17:28:42.585] [cout] [info]         control: /forceset/tib_ant_r, weight: 1.0
[2023-11-13 17:28:42.585] [cout] [info]         control: /forceset/per_brev_r, weight: 1.0
[2023-11-13 17:28:42.585] [cout] [info]         control: /forceset/per_long_r, weight: 1.0
[2023-11-13 17:28:42.585] [cout] [info]         control: /forceset/per_tert_r, weight: 1.0
[2023-11-13 17:28:42.585] [cout] [info]         control: /forceset/ext_dig_r, weight: 1.0
[2023-11-13 17:28:42.585] [cout] [info]         control: /forceset/ext_hal_r, weight: 1.0
[2023-11-13 17:28:42.585] [cout] [info]         control: /forceset/lumbar_extension_actuator, weight: 0.1
[2023-11-13 17:28:42.585] [cout] [info]         control: /forceset/lumbar_bending_actuator, weight: 0.1
[2023-11-13 17:28:42.585] [cout] [info]         control: /forceset/lumbar_rotation_actuator, weight: 0.1
[2023-11-13 17:28:42.585] [cout] [info]         control: /forceset/arm_flex_r_actuator, weight: 0.1
[2023-11-13 17:28:42.585] [cout] [info]         control: /forceset/arm_add_r_actuator, weight: 0.1
[2023-11-13 17:28:42.585] [cout] [info]         control: /forceset/arm_rot_r_actuator, weight: 0.1
[2023-11-13 17:28:42.585] [cout] [info]         control: /forceset/elbow_flex_r_actuator, weight: 0.1
[2023-11-13 17:28:42.585] [cout] [info]         control: /forceset/pro_sup_r_actuator, weight: 0.1
[2023-11-13 17:28:42.585] [cout] [info]         control: /forceset/arm_flex_l_actuator, weight: 0.1
[2023-11-13 17:28:42.585] [cout] [info]         control: /forceset/arm_add_l_actuator, weight: 0.1
[2023-11-13 17:28:42.586] [cout] [info]         control: /forceset/arm_rot_l_actuator, weight: 0.1
[2023-11-13 17:28:42.586] [cout] [info]         control: /forceset/elbow_flex_l_actuator, weight: 0.1
[2023-11-13 17:28:42.586] [cout] [info]         control: /forceset/pro_sup_l_actuator, weight: 0.1
[2023-11-13 17:28:42.586] [cout] [info]         control: /forceset/hip_flexion_l_actuator, weight: 0.1
[2023-11-13 17:28:42.586] [cout] [info]         control: /forceset/hip_adduction_l_actuator, weight: 0.1
[2023-11-13 17:28:42.586] [cout] [info]         control: /forceset/hip_rotation_l_actuator, weight: 0.1
[2023-11-13 17:28:42.586] [cout] [info]         control: /forceset/knee_angle_l_actuator, weight: 0.1
[2023-11-13 17:28:42.586] [cout] [info]         control: /forceset/ankle_angle_l_actuator, weight: 0.1
[2023-11-13 17:28:42.586] [cout] [info]         control: /forceset/subtalar_angle_l_actuator, weight: 0.1
[2023-11-13 17:28:42.586] [cout] [info]         control: /forceset/mtp_angle_l_actuator, weight: 0.1
[2023-11-13 17:28:42.586] [cout] [info]         control: /forceset/hip_flexion_r_reserve, weight: 10.0
[2023-11-13 17:28:42.586] [cout] [info]         control: /forceset/hip_adduction_r_reserve, weight: 10.0
[2023-11-13 17:28:42.586] [cout] [info]         control: /forceset/hip_rotation_r_reserve, weight: 10.0
[2023-11-13 17:28:42.586] [cout] [info]         control: /forceset/knee_angle_r_reserve, weight: 10.0
[2023-11-13 17:28:42.586] [cout] [info]         control: /forceset/ankle_angle_r_reserve, weight: 10.0
[2023-11-13 17:28:42.586] [cout] [info]         control: /forceset/subtalar_angle_r_reserve, weight: 10.0
[2023-11-13 17:28:42.586] [cout] [info]         control: /forceset/mtp_angle_r_reserve, weight: 10.0
[2023-11-13 17:28:42.586] [cout] [info]         control: /forceset/pelvis_tx_residual, weight: 10.0
[2023-11-13 17:28:42.586] [cout] [info]         control: /forceset/pelvis_ty_residual, weight: 10.0
[2023-11-13 17:28:42.586] [cout] [info]         control: /forceset/pelvis_tz_residual, weight: 10.0
[2023-11-13 17:28:42.586] [cout] [info]         control: /forceset/pelvis_tilt_residual, weight: 10.0
[2023-11-13 17:28:42.586] [cout] [info]         control: /forceset/pelvis_list_residual, weight: 10.0
[2023-11-13 17:28:42.586] [cout] [info]         control: /forceset/pelvis_rotation_residual, weight: 10.0
[2023-11-13 17:28:42.586] [cout] [info]   contact0. MocoContactTrackingGoal, enabled: true, mode: cost, weight: 0.1
[2023-11-13 17:28:42.586] [cout] [info]         projection type: vector
[2023-11-13 17:28:42.586] [cout] [info]         projection vector: ~[1,0,0]
[2023-11-13 17:28:42.586] [cout] [info]         group 0: ExternalForce: LeftGRF1
[2023-11-13 17:28:42.586] [cout] [info]             forces:
[2023-11-13 17:28:42.586] [cout] [info]                 /forceset/contactForce_s1_l
[2023-11-13 17:28:42.586] [cout] [info]                 /forceset/contactForce_s2_l
[2023-11-13 17:28:42.586] [cout] [info]                 /forceset/contactForce_s3_l
[2023-11-13 17:28:42.586] [cout] [info]                 /forceset/contactForce_s4_l
[2023-11-13 17:28:42.586] [cout] [info]                 /forceset/contactForce_s5_l
[2023-11-13 17:28:42.586] [cout] [info]                 /forceset/contactForce_s6_l
[2023-11-13 17:28:42.586] [cout] [info]         group 1: ExternalForce: RightGRF1
[2023-11-13 17:28:42.586] [cout] [info]             forces:
[2023-11-13 17:28:42.586] [cout] [info]                 /forceset/contactForce_s1_r
[2023-11-13 17:28:42.586] [cout] [info]                 /forceset/contactForce_s2_r
[2023-11-13 17:28:42.586] [cout] [info]                 /forceset/contactForce_s3_r
[2023-11-13 17:28:42.586] [cout] [info]                 /forceset/contactForce_s4_r
[2023-11-13 17:28:42.586] [cout] [info]                 /forceset/contactForce_s5_r
[2023-11-13 17:28:42.586] [cout] [info]                 /forceset/contactForce_s6_r
[2023-11-13 17:28:42.586] [cout] [info]   contact1. MocoContactTrackingGoal, enabled: true, mode: cost, weight: 0.1
[2023-11-13 17:28:42.586] [cout] [info]         projection type: vector
[2023-11-13 17:28:42.586] [cout] [info]         projection vector: ~[0,1,0]
[2023-11-13 17:28:42.586] [cout] [info]         group 0: ExternalForce: LeftGRF1
[2023-11-13 17:28:42.586] [cout] [info]             forces:
[2023-11-13 17:28:42.586] [cout] [info]                 /forceset/contactForce_s1_l
[2023-11-13 17:28:42.586] [cout] [info]                 /forceset/contactForce_s2_l
[2023-11-13 17:28:42.586] [cout] [info]                 /forceset/contactForce_s3_l
[2023-11-13 17:28:42.586] [cout] [info]                 /forceset/contactForce_s4_l
[2023-11-13 17:28:42.586] [cout] [info]                 /forceset/contactForce_s5_l
[2023-11-13 17:28:42.586] [cout] [info]                 /forceset/contactForce_s6_l
[2023-11-13 17:28:42.586] [cout] [info]         group 1: ExternalForce: RightGRF1
[2023-11-13 17:28:42.586] [cout] [info]             forces:
[2023-11-13 17:28:42.586] [cout] [info]                 /forceset/contactForce_s1_r
[2023-11-13 17:28:42.586] [cout] [info]                 /forceset/contactForce_s2_r
[2023-11-13 17:28:42.586] [cout] [info]                 /forceset/contactForce_s3_r
[2023-11-13 17:28:42.586] [cout] [info]                 /forceset/contactForce_s4_r
[2023-11-13 17:28:42.586] [cout] [info]                 /forceset/contactForce_s5_r
[2023-11-13 17:28:42.586] [cout] [info]                 /forceset/contactForce_s6_r
[2023-11-13 17:28:42.586] [cout] [info]   contact2. MocoContactTrackingGoal, enabled: true, mode: cost, weight: 0.1
[2023-11-13 17:28:42.586] [cout] [info]         projection type: vector
[2023-11-13 17:28:42.586] [cout] [info]         projection vector: ~[0,0,1]
[2023-11-13 17:28:42.586] [cout] [info]         group 0: ExternalForce: LeftGRF1
[2023-11-13 17:28:42.586] [cout] [info]             forces:
[2023-11-13 17:28:42.586] [cout] [info]                 /forceset/contactForce_s1_l
[2023-11-13 17:28:42.586] [cout] [info]                 /forceset/contactForce_s2_l
[2023-11-13 17:28:42.586] [cout] [info]                 /forceset/contactForce_s3_l
[2023-11-13 17:28:42.586] [cout] [info]                 /forceset/contactForce_s4_l
[2023-11-13 17:28:42.586] [cout] [info]                 /forceset/contactForce_s5_l
[2023-11-13 17:28:42.586] [cout] [info]                 /forceset/contactForce_s6_l
[2023-11-13 17:28:42.586] [cout] [info]         group 1: ExternalForce: RightGRF1
[2023-11-13 17:28:42.586] [cout] [info]             forces:
[2023-11-13 17:28:42.586] [cout] [info]                 /forceset/contactForce_s1_r
[2023-11-13 17:28:42.586] [cout] [info]                 /forceset/contactForce_s2_r
[2023-11-13 17:28:42.586] [cout] [info]                 /forceset/contactForce_s3_r
[2023-11-13 17:28:42.586] [cout] [info]                 /forceset/contactForce_s4_r
[2023-11-13 17:28:42.586] [cout] [info]                 /forceset/contactForce_s5_r
[2023-11-13 17:28:42.586] [cout] [info]                 /forceset/contactForce_s6_r
[2023-11-13 17:28:42.586] [cout] [info] Endpoint constraints: none
[2023-11-13 17:28:42.586] [cout] [info] Kinematic constraints: none
[2023-11-13 17:28:42.586] [cout] [info] Path constraints: none
[2023-11-13 17:28:42.586] [cout] [info] States: (total: 109)
[2023-11-13 17:28:42.586] [cout] [info]   /jointset/ground_pelvis/pelvis_tilt/value. bounds: [-1.5708, 1.5708]
[2023-11-13 17:28:42.586] [cout] [info]   /jointset/ground_pelvis/pelvis_list/value. bounds: [-1.5708, 1.5708]
[2023-11-13 17:28:42.586] [cout] [info]   /jointset/radioulnar_r/pro_sup_r/value. bounds: [0, 3.1416]
[2023-11-13 17:28:42.586] [cout] [info]   /jointset/ground_pelvis/pelvis_rotation/value. bounds: [-1.5708, 1.5708]
[2023-11-13 17:28:42.586] [cout] [info]   /jointset/ground_pelvis/pelvis_tx/value. bounds: [-20, 20]
[2023-11-13 17:28:42.586] [cout] [info]   /jointset/elbow_r/elbow_flex_r/value. bounds: [-0.17453, 2.618]
[2023-11-13 17:28:42.587] [cout] [info]   /jointset/ground_pelvis/pelvis_ty/value. bounds: [-2, 4]
[2023-11-13 17:28:42.587] [cout] [info]   /jointset/ground_pelvis/pelvis_tz/value. bounds: [-5, 5]
[2023-11-13 17:28:42.587] [cout] [info]   /jointset/hip_r/hip_adduction_r/speed. bounds: [-50, 50]
[2023-11-13 17:28:42.587] [cout] [info]   /jointset/ankle_r/ankle_angle_r/value. bounds: [-1.0472, 0.69813]
[2023-11-13 17:28:42.587] [cout] [info]   /jointset/hip_r/hip_flexion_r/value. bounds: [-0.69813, 1.7453]
[2023-11-13 17:28:42.587] [cout] [info]   /jointset/hip_r/hip_adduction_r/value. bounds: [-0.5236, 0.5236]
[2023-11-13 17:28:42.587] [cout] [info]   /jointset/back/lumbar_rotation/speed. bounds: [-50, 50]
[2023-11-13 17:28:42.587] [cout] [info]   /jointset/hip_r/hip_rotation_r/value. bounds: [-0.5236, 0.5236]
[2023-11-13 17:28:42.587] [cout] [info]   /jointset/mtp_l/mtp_angle_l/speed. bounds: [-50, 50]
[2023-11-13 17:28:42.587] [cout] [info]   /jointset/knee_r/knee_angle_r/value. bounds: [-2.7925, 0.17453]
[2023-11-13 17:28:42.587] [cout] [info]   /jointset/hip_l/hip_flexion_l/value. bounds: [-0.69813, 1.7453]
[2023-11-13 17:28:42.587] [cout] [info]   /jointset/subtalar_r/subtalar_angle_r/value. bounds: [-0.87266, 0.87266]
[2023-11-13 17:28:42.587] [cout] [info]   /jointset/mtp_r/mtp_angle_r/value. bounds: [-1.0472, 1.0472]
[2023-11-13 17:28:42.587] [cout] [info]   /jointset/hip_l/hip_adduction_l/value. bounds: [-0.5236, 0.5236]
[2023-11-13 17:28:42.587] [cout] [info]   /jointset/hip_l/hip_rotation_l/value. bounds: [-0.5236, 0.5236]
[2023-11-13 17:28:42.587] [cout] [info]   /forceset/glut_min1_r/activation. bounds: [0.01, 1]
[2023-11-13 17:28:42.587] [cout] [info]   /jointset/knee_l/knee_angle_l/value. bounds: [-2.7925, 0.17453]
[2023-11-13 17:28:42.587] [cout] [info]   /jointset/knee_r/knee_angle_r/speed. bounds: [-50, 50]
[2023-11-13 17:28:42.587] [cout] [info]   /jointset/ankle_l/ankle_angle_l/value. bounds: [-1.0472, 0.69813]
[2023-11-13 17:28:42.587] [cout] [info]   /jointset/subtalar_l/subtalar_angle_l/value. bounds: [-0.87266, 0.87266]
[2023-11-13 17:28:42.587] [cout] [info]   /jointset/mtp_l/mtp_angle_l/value. bounds: [-1.0472, 1.0472]
[2023-11-13 17:28:42.587] [cout] [info]   /forceset/bifemsh_r/activation. bounds: [0.01, 1]
[2023-11-13 17:28:42.587] [cout] [info]   /jointset/back/lumbar_extension/value. bounds: [-0.7854, 0.17453]
[2023-11-13 17:28:42.587] [cout] [info]   /jointset/back/lumbar_bending/value. bounds: [-0.34907, 0.34907]
[2023-11-13 17:28:42.587] [cout] [info]   /jointset/back/lumbar_rotation/value. bounds: [-0.5236, 0.5236]
[2023-11-13 17:28:42.587] [cout] [info]   /jointset/acromial_r/arm_flex_r/value. bounds: [-1.5708, 1.5708]
[2023-11-13 17:28:42.587] [cout] [info]   /jointset/acromial_r/arm_add_r/value. bounds: [-2.0944, 1.5708]
[2023-11-13 17:28:42.587] [cout] [info]   /jointset/acromial_r/arm_rot_r/value. bounds: [-1.5708, 1.5708]
[2023-11-13 17:28:42.587] [cout] [info]   /jointset/acromial_l/arm_flex_l/value. bounds: [-1.5708, 1.5708]
[2023-11-13 17:28:42.587] [cout] [info]   /jointset/acromial_l/arm_add_l/value. bounds: [-2.0944, 1.5708]
[2023-11-13 17:28:42.587] [cout] [info]   /jointset/acromial_l/arm_rot_l/value. bounds: [-1.5708, 1.5708]
[2023-11-13 17:28:42.587] [cout] [info]   /jointset/elbow_l/elbow_flex_l/value. bounds: [-0.17453, 2.618]
[2023-11-13 17:28:42.587] [cout] [info]   /jointset/radioulnar_l/pro_sup_l/value. bounds: [0, 3.1416]
[2023-11-13 17:28:42.587] [cout] [info]   /jointset/ground_pelvis/pelvis_tilt/speed. bounds: [-50, 50]
[2023-11-13 17:28:42.587] [cout] [info]   /jointset/ground_pelvis/pelvis_list/speed. bounds: [-50, 50]
[2023-11-13 17:28:42.587] [cout] [info]   /jointset/radioulnar_r/pro_sup_r/speed. bounds: [-50, 50]
[2023-11-13 17:28:42.587] [cout] [info]   /jointset/ground_pelvis/pelvis_rotation/speed. bounds: [-50, 50]
[2023-11-13 17:28:42.587] [cout] [info]   /jointset/ground_pelvis/pelvis_tx/speed. bounds: [-50, 50]
[2023-11-13 17:28:42.587] [cout] [info]   /jointset/elbow_r/elbow_flex_r/speed. bounds: [-50, 50]
[2023-11-13 17:28:42.587] [cout] [info]   /jointset/ground_pelvis/pelvis_ty/speed. bounds: [-50, 50]
[2023-11-13 17:28:42.587] [cout] [info]   /jointset/ground_pelvis/pelvis_tz/speed. bounds: [-50, 50]
[2023-11-13 17:28:42.587] [cout] [info]   /jointset/ankle_r/ankle_angle_r/speed. bounds: [-50, 50]
[2023-11-13 17:28:42.587] [cout] [info]   /jointset/hip_r/hip_flexion_r/speed. bounds: [-50, 50]
[2023-11-13 17:28:42.587] [cout] [info]   /jointset/hip_r/hip_rotation_r/speed. bounds: [-50, 50]
[2023-11-13 17:28:42.587] [cout] [info]   /jointset/hip_l/hip_flexion_l/speed. bounds: [-50, 50]
[2023-11-13 17:28:42.587] [cout] [info]   /jointset/subtalar_r/subtalar_angle_r/speed. bounds: [-50, 50]
[2023-11-13 17:28:42.587] [cout] [info]   /jointset/mtp_r/mtp_angle_r/speed. bounds: [-50, 50]
[2023-11-13 17:28:42.587] [cout] [info]   /jointset/hip_l/hip_adduction_l/speed. bounds: [-50, 50]
[2023-11-13 17:28:42.587] [cout] [info]   /jointset/hip_l/hip_rotation_l/speed. bounds: [-50, 50]
[2023-11-13 17:28:42.587] [cout] [info]   /jointset/knee_l/knee_angle_l/speed. bounds: [-50, 50]
[2023-11-13 17:28:42.587] [cout] [info]   /jointset/ankle_l/ankle_angle_l/speed. bounds: [-50, 50]
[2023-11-13 17:28:42.587] [cout] [info]   /jointset/subtalar_l/subtalar_angle_l/speed. bounds: [-50, 50]
[2023-11-13 17:28:42.587] [cout] [info]   /jointset/back/lumbar_extension/speed. bounds: [-50, 50]
[2023-11-13 17:28:42.587] [cout] [info]   /jointset/back/lumbar_bending/speed. bounds: [-50, 50]
[2023-11-13 17:28:42.587] [cout] [info]   /jointset/acromial_r/arm_flex_r/speed. bounds: [-50, 50]
[2023-11-13 17:28:42.587] [cout] [info]   /jointset/acromial_r/arm_add_r/speed. bounds: [-50, 50]
[2023-11-13 17:28:42.587] [cout] [info]   /jointset/acromial_r/arm_rot_r/speed. bounds: [-50, 50]
[2023-11-13 17:28:42.587] [cout] [info]   /jointset/acromial_l/arm_flex_l/speed. bounds: [-50, 50]
[2023-11-13 17:28:42.587] [cout] [info]   /jointset/acromial_l/arm_add_l/speed. bounds: [-50, 50]
[2023-11-13 17:28:42.587] [cout] [info]   /jointset/acromial_l/arm_rot_l/speed. bounds: [-50, 50]
[2023-11-13 17:28:42.587] [cout] [info]   /jointset/elbow_l/elbow_flex_l/speed. bounds: [-50, 50]
[2023-11-13 17:28:42.587] [cout] [info]   /jointset/radioulnar_l/pro_sup_l/speed. bounds: [-50, 50]
[2023-11-13 17:28:42.587] [cout] [info]   /forceset/glut_med1_r/activation. bounds: [0.01, 1]
[2023-11-13 17:28:42.587] [cout] [info]   /forceset/glut_med2_r/activation. bounds: [0.01, 1]
[2023-11-13 17:28:42.587] [cout] [info]   /forceset/glut_med3_r/activation. bounds: [0.01, 1]
[2023-11-13 17:28:42.587] [cout] [info]   /forceset/glut_min2_r/activation. bounds: [0.01, 1]
[2023-11-13 17:28:42.587] [cout] [info]   /forceset/glut_min3_r/activation. bounds: [0.01, 1]
[2023-11-13 17:28:42.587] [cout] [info]   /forceset/semimem_r/activation. bounds: [0.01, 1]
[2023-11-13 17:28:42.588] [cout] [info]   /forceset/semiten_r/activation. bounds: [0.01, 1]
[2023-11-13 17:28:42.588] [cout] [info]   /forceset/bifemlh_r/activation. bounds: [0.01, 1]
[2023-11-13 17:28:42.588] [cout] [info]   /forceset/sar_r/activation. bounds: [0.01, 1]
[2023-11-13 17:28:42.588] [cout] [info]   /forceset/add_long_r/activation. bounds: [0.01, 1]
[2023-11-13 17:28:42.588] [cout] [info]   /forceset/add_brev_r/activation. bounds: [0.01, 1]
[2023-11-13 17:28:42.588] [cout] [info]   /forceset/add_mag1_r/activation. bounds: [0.01, 1]
[2023-11-13 17:28:42.588] [cout] [info]   /forceset/add_mag2_r/activation. bounds: [0.01, 1]
[2023-11-13 17:28:42.588] [cout] [info]   /forceset/add_mag3_r/activation. bounds: [0.01, 1]
[2023-11-13 17:28:42.588] [cout] [info]   /forceset/tfl_r/activation. bounds: [0.01, 1]
[2023-11-13 17:28:42.588] [cout] [info]   /forceset/pect_r/activation. bounds: [0.01, 1]
[2023-11-13 17:28:42.588] [cout] [info]   /forceset/grac_r/activation. bounds: [0.01, 1]
[2023-11-13 17:28:42.588] [cout] [info]   /forceset/glut_max1_r/activation. bounds: [0.01, 1]
[2023-11-13 17:28:42.588] [cout] [info]   /forceset/glut_max2_r/activation. bounds: [0.01, 1]
[2023-11-13 17:28:42.588] [cout] [info]   /forceset/glut_max3_r/activation. bounds: [0.01, 1]
[2023-11-13 17:28:42.588] [cout] [info]   /forceset/iliacus_r/activation. bounds: [0.01, 1]
[2023-11-13 17:28:42.588] [cout] [info]   /forceset/psoas_r/activation. bounds: [0.01, 1]
[2023-11-13 17:28:42.588] [cout] [info]   /forceset/quad_fem_r/activation. bounds: [0.01, 1]
[2023-11-13 17:28:42.588] [cout] [info]   /forceset/gem_r/activation. bounds: [0.01, 1]
[2023-11-13 17:28:42.588] [cout] [info]   /forceset/peri_r/activation. bounds: [0.01, 1]
[2023-11-13 17:28:42.588] [cout] [info]   /forceset/rect_fem_r/activation. bounds: [0.01, 1]
[2023-11-13 17:28:42.588] [cout] [info]   /forceset/vas_med_r/activation. bounds: [0.01, 1]
[2023-11-13 17:28:42.588] [cout] [info]   /forceset/vas_int_r/activation. bounds: [0.01, 1]
[2023-11-13 17:28:42.588] [cout] [info]   /forceset/vas_lat_r/activation. bounds: [0.01, 1]
[2023-11-13 17:28:42.588] [cout] [info]   /forceset/med_gas_r/activation. bounds: [0.01, 1]
[2023-11-13 17:28:42.588] [cout] [info]   /forceset/lat_gas_r/activation. bounds: [0.01, 1]
[2023-11-13 17:28:42.588] [cout] [info]   /forceset/soleus_r/activation. bounds: [0.01, 1]
[2023-11-13 17:28:42.588] [cout] [info]   /forceset/tib_post_r/activation. bounds: [0.01, 1]
[2023-11-13 17:28:42.588] [cout] [info]   /forceset/flex_dig_r/activation. bounds: [0.01, 1]
[2023-11-13 17:28:42.588] [cout] [info]   /forceset/flex_hal_r/activation. bounds: [0.01, 1]
[2023-11-13 17:28:42.588] [cout] [info]   /forceset/tib_ant_r/activation. bounds: [0.01, 1]
[2023-11-13 17:28:42.588] [cout] [info]   /forceset/per_brev_r/activation. bounds: [0.01, 1]
[2023-11-13 17:28:42.588] [cout] [info]   /forceset/per_long_r/activation. bounds: [0.01, 1]
[2023-11-13 17:28:42.588] [cout] [info]   /forceset/per_tert_r/activation. bounds: [0.01, 1]
[2023-11-13 17:28:42.588] [cout] [info]   /forceset/ext_dig_r/activation. bounds: [0.01, 1]
[2023-11-13 17:28:42.588] [cout] [info]   /forceset/ext_hal_r/activation. bounds: [0.01, 1]
[2023-11-13 17:28:42.588] [cout] [info] Controls: (total: 76)
[2023-11-13 17:28:42.588] [cout] [info]   /forceset/glut_med1_r. bounds: [0.01, 1]
[2023-11-13 17:28:42.588] [cout] [info]   /forceset/glut_med2_r. bounds: [0.01, 1]
[2023-11-13 17:28:42.588] [cout] [info]   /forceset/glut_med3_r. bounds: [0.01, 1]
[2023-11-13 17:28:42.588] [cout] [info]   /forceset/glut_min1_r. bounds: [0.01, 1]
[2023-11-13 17:28:42.588] [cout] [info]   /forceset/glut_min2_r. bounds: [0.01, 1]
[2023-11-13 17:28:42.588] [cout] [info]   /forceset/glut_min3_r. bounds: [0.01, 1]
[2023-11-13 17:28:42.588] [cout] [info]   /forceset/mtp_angle_l_actuator. bounds: [-inf, inf]
[2023-11-13 17:28:42.588] [cout] [info]   /forceset/semimem_r. bounds: [0.01, 1]
[2023-11-13 17:28:42.588] [cout] [info]   /forceset/semiten_r. bounds: [0.01, 1]
[2023-11-13 17:28:42.588] [cout] [info]   /forceset/bifemlh_r. bounds: [0.01, 1]
[2023-11-13 17:28:42.588] [cout] [info]   /forceset/bifemsh_r. bounds: [0.01, 1]
[2023-11-13 17:28:42.588] [cout] [info]   /forceset/sar_r. bounds: [0.01, 1]
[2023-11-13 17:28:42.588] [cout] [info]   /forceset/add_long_r. bounds: [0.01, 1]
[2023-11-13 17:28:42.588] [cout] [info]   /forceset/add_brev_r. bounds: [0.01, 1]
[2023-11-13 17:28:42.588] [cout] [info]   /forceset/add_mag1_r. bounds: [0.01, 1]
[2023-11-13 17:28:42.588] [cout] [info]   /forceset/add_mag2_r. bounds: [0.01, 1]
[2023-11-13 17:28:42.588] [cout] [info]   /forceset/add_mag3_r. bounds: [0.01, 1]
[2023-11-13 17:28:42.588] [cout] [info]   /forceset/tfl_r. bounds: [0.01, 1]
[2023-11-13 17:28:42.588] [cout] [info]   /forceset/pect_r. bounds: [0.01, 1]
[2023-11-13 17:28:42.588] [cout] [info]   /forceset/grac_r. bounds: [0.01, 1]
[2023-11-13 17:28:42.588] [cout] [info]   /forceset/hip_flexion_r_reserve. bounds: [-inf, inf]
[2023-11-13 17:28:42.588] [cout] [info]   /forceset/glut_max1_r. bounds: [0.01, 1]
[2023-11-13 17:28:42.588] [cout] [info]   /forceset/glut_max2_r. bounds: [0.01, 1]
[2023-11-13 17:28:42.588] [cout] [info]   /forceset/glut_max3_r. bounds: [0.01, 1]
[2023-11-13 17:28:42.588] [cout] [info]   /forceset/iliacus_r. bounds: [0.01, 1]
[2023-11-13 17:28:42.588] [cout] [info]   /forceset/psoas_r. bounds: [0.01, 1]
[2023-11-13 17:28:42.588] [cout] [info]   /forceset/quad_fem_r. bounds: [0.01, 1]
[2023-11-13 17:28:42.588] [cout] [info]   /forceset/gem_r. bounds: [0.01, 1]
[2023-11-13 17:28:42.588] [cout] [info]   /forceset/peri_r. bounds: [0.01, 1]
[2023-11-13 17:28:42.588] [cout] [info]   /forceset/rect_fem_r. bounds: [0.01, 1]
[2023-11-13 17:28:42.588] [cout] [info]   /forceset/vas_med_r. bounds: [0.01, 1]
[2023-11-13 17:28:42.588] [cout] [info]   /forceset/vas_int_r. bounds: [0.01, 1]
[2023-11-13 17:28:42.588] [cout] [info]   /forceset/vas_lat_r. bounds: [0.01, 1]
[2023-11-13 17:28:42.588] [cout] [info]   /forceset/med_gas_r. bounds: [0.01, 1]
[2023-11-13 17:28:42.589] [cout] [info]   /forceset/lat_gas_r. bounds: [0.01, 1]
[2023-11-13 17:28:42.589] [cout] [info]   /forceset/soleus_r. bounds: [0.01, 1]
[2023-11-13 17:28:42.589] [cout] [info]   /forceset/tib_post_r. bounds: [0.01, 1]
[2023-11-13 17:28:42.589] [cout] [info]   /forceset/flex_dig_r. bounds: [0.01, 1]
[2023-11-13 17:28:42.589] [cout] [info]   /forceset/flex_hal_r. bounds: [0.01, 1]
[2023-11-13 17:28:42.589] [cout] [info]   /forceset/tib_ant_r. bounds: [0.01, 1]
[2023-11-13 17:28:42.589] [cout] [info]   /forceset/per_brev_r. bounds: [0.01, 1]
[2023-11-13 17:28:42.589] [cout] [info]   /forceset/per_long_r. bounds: [0.01, 1]
[2023-11-13 17:28:42.589] [cout] [info]   /forceset/per_tert_r. bounds: [0.01, 1]
[2023-11-13 17:28:42.589] [cout] [info]   /forceset/ext_dig_r. bounds: [0.01, 1]
[2023-11-13 17:28:42.589] [cout] [info]   /forceset/ext_hal_r. bounds: [0.01, 1]
[2023-11-13 17:28:42.589] [cout] [info]   /forceset/lumbar_extension_actuator. bounds: [-inf, inf]
[2023-11-13 17:28:42.589] [cout] [info]   /forceset/lumbar_bending_actuator. bounds: [-inf, inf]
[2023-11-13 17:28:42.589] [cout] [info]   /forceset/lumbar_rotation_actuator. bounds: [-inf, inf]
[2023-11-13 17:28:42.589] [cout] [info]   /forceset/arm_flex_r_actuator. bounds: [-inf, inf]
[2023-11-13 17:28:42.589] [cout] [info]   /forceset/arm_add_r_actuator. bounds: [-inf, inf]
[2023-11-13 17:28:42.589] [cout] [info]   /forceset/arm_rot_r_actuator. bounds: [-inf, inf]
[2023-11-13 17:28:42.589] [cout] [info]   /forceset/elbow_flex_r_actuator. bounds: [-inf, inf]
[2023-11-13 17:28:42.589] [cout] [info]   /forceset/pro_sup_r_actuator. bounds: [-inf, inf]
[2023-11-13 17:28:42.589] [cout] [info]   /forceset/hip_rotation_l_actuator. bounds: [-inf, inf]
[2023-11-13 17:28:42.589] [cout] [info]   /forceset/arm_flex_l_actuator. bounds: [-inf, inf]
[2023-11-13 17:28:42.589] [cout] [info]   /forceset/arm_add_l_actuator. bounds: [-inf, inf]
[2023-11-13 17:28:42.589] [cout] [info]   /forceset/arm_rot_l_actuator. bounds: [-inf, inf]
[2023-11-13 17:28:42.589] [cout] [info]   /forceset/elbow_flex_l_actuator. bounds: [-inf, inf]
[2023-11-13 17:28:42.589] [cout] [info]   /forceset/pro_sup_l_actuator. bounds: [-inf, inf]
[2023-11-13 17:28:42.589] [cout] [info]   /forceset/hip_flexion_l_actuator. bounds: [-inf, inf]
[2023-11-13 17:28:42.589] [cout] [info]   /forceset/hip_adduction_l_actuator. bounds: [-inf, inf]
[2023-11-13 17:28:42.589] [cout] [info]   /forceset/knee_angle_l_actuator. bounds: [-inf, inf]
[2023-11-13 17:28:42.589] [cout] [info]   /forceset/ankle_angle_l_actuator. bounds: [-inf, inf]
[2023-11-13 17:28:42.589] [cout] [info]   /forceset/subtalar_angle_l_actuator. bounds: [-inf, inf]
[2023-11-13 17:28:42.589] [cout] [info]   /forceset/hip_adduction_r_reserve. bounds: [-inf, inf]
[2023-11-13 17:28:42.589] [cout] [info]   /forceset/hip_rotation_r_reserve. bounds: [-inf, inf]
[2023-11-13 17:28:42.589] [cout] [info]   /forceset/knee_angle_r_reserve. bounds: [-inf, inf]
[2023-11-13 17:28:42.589] [cout] [info]   /forceset/ankle_angle_r_reserve. bounds: [-inf, inf]
[2023-11-13 17:28:42.589] [cout] [info]   /forceset/subtalar_angle_r_reserve. bounds: [-inf, inf]
[2023-11-13 17:28:42.589] [cout] [info]   /forceset/mtp_angle_r_reserve. bounds: [-inf, inf]
[2023-11-13 17:28:42.589] [cout] [info]   /forceset/pelvis_tx_residual. bounds: [-inf, inf]
[2023-11-13 17:28:42.589] [cout] [info]   /forceset/pelvis_ty_residual. bounds: [-inf, inf]
[2023-11-13 17:28:42.589] [cout] [info]   /forceset/pelvis_tz_residual. bounds: [-inf, inf]
[2023-11-13 17:28:42.589] [cout] [info]   /forceset/pelvis_tilt_residual. bounds: [-inf, inf]
[2023-11-13 17:28:42.589] [cout] [info]   /forceset/pelvis_list_residual. bounds: [-inf, inf]
[2023-11-13 17:28:42.589] [cout] [info]   /forceset/pelvis_rotation_residual. bounds: [-inf, inf]
[2023-11-13 17:28:42.589] [cout] [info] Parameters: (total: 1)
[2023-11-13 17:28:42.589] [cout] [info]   s1_r_stiffness. model property name: stiffness. component paths: /forceset/contactForce_s1_r. property element: n/a. bounds: [500000, inf]
[2023-11-13 17:41:04.798] [info] Set log level to Info.
[2023-11-13 17:41:28.790] [cout] [info] Exiting visualization.
[2023-11-13 17:45:16.219] [info] ========================================================================
[2023-11-13 17:45:16.219] [info] MocoCasADiSolver starting.
[2023-11-13 17:45:16.219] [info] Mon Nov 13 17:45:16 2023
[2023-11-13 17:45:16.219] [info] ------------------------------------------------------------------------
[2023-11-13 17:45:16.219] [cout] [info] Costs: (total: 5)
[2023-11-13 17:45:16.219] [cout] [info]   state_tracking. MocoStateTrackingGoal, enabled: true, mode: cost, weight: 1.0
[2023-11-13 17:45:16.219] [cout] [info]         state: /jointset/ground_pelvis/pelvis_tilt/value, weight: 10.0
[2023-11-13 17:45:16.219] [cout] [info]         state: /jointset/ground_pelvis/pelvis_list/value, weight: 10.0
[2023-11-13 17:45:16.219] [cout] [info]         state: /jointset/ground_pelvis/pelvis_rotation/value, weight: 10.0
[2023-11-13 17:45:16.219] [cout] [info]         state: /jointset/ground_pelvis/pelvis_tx/value, weight: 5.0
[2023-11-13 17:45:16.219] [cout] [info]         state: /jointset/ground_pelvis/pelvis_ty/value, weight: 0.1
[2023-11-13 17:45:16.219] [cout] [info]         state: /jointset/ground_pelvis/pelvis_tz/value, weight: 2.5
[2023-11-13 17:45:16.219] [cout] [info]         state: /jointset/hip_r/hip_flexion_r/value, weight: 10.0
[2023-11-13 17:45:16.220] [cout] [info]         state: /jointset/hip_r/hip_adduction_r/value, weight: 5.0
[2023-11-13 17:45:16.220] [cout] [info]         state: /jointset/hip_r/hip_rotation_r/value, weight: 2.5
[2023-11-13 17:45:16.220] [cout] [info]         state: /jointset/hip_l/hip_flexion_l/value, weight: 10.0
[2023-11-13 17:45:16.220] [cout] [info]         state: /jointset/hip_l/hip_adduction_l/value, weight: 5.0
[2023-11-13 17:45:16.220] [cout] [info]         state: /jointset/hip_l/hip_rotation_l/value, weight: 2.5
[2023-11-13 17:45:16.220] [cout] [info]         state: /jointset/back/lumbar_extension/value, weight: 15.0
[2023-11-13 17:45:16.220] [cout] [info]         state: /jointset/back/lumbar_bending/value, weight: 10.0
[2023-11-13 17:45:16.220] [cout] [info]         state: /jointset/back/lumbar_rotation/value, weight: 5.0
[2023-11-13 17:45:16.220] [cout] [info]         state: /jointset/knee_r/knee_angle_r/value, weight: 10.0
[2023-11-13 17:45:16.220] [cout] [info]         state: /jointset/knee_l/knee_angle_l/value, weight: 10.0
[2023-11-13 17:45:16.220] [cout] [info]         state: /jointset/acromial_r/arm_flex_r/value, weight: 2.5
[2023-11-13 17:45:16.220] [cout] [info]         state: /jointset/acromial_r/arm_add_r/value, weight: 1.0
[2023-11-13 17:45:16.220] [cout] [info]         state: /jointset/acromial_r/arm_rot_r/value, weight: 1.0
[2023-11-13 17:45:16.220] [cout] [info]         state: /jointset/acromial_l/arm_flex_l/value, weight: 2.5
[2023-11-13 17:45:16.220] [cout] [info]         state: /jointset/acromial_l/arm_add_l/value, weight: 1.0
[2023-11-13 17:45:16.220] [cout] [info]         state: /jointset/acromial_l/arm_rot_l/value, weight: 1.0
[2023-11-13 17:45:16.220] [cout] [info]         state: /jointset/ankle_r/ankle_angle_r/value, weight: 2.5
[2023-11-13 17:45:16.220] [cout] [info]         state: /jointset/ankle_l/ankle_angle_l/value, weight: 2.5
[2023-11-13 17:45:16.220] [cout] [info]         state: /jointset/elbow_r/elbow_flex_r/value, weight: 5.0
[2023-11-13 17:45:16.220] [cout] [info]         state: /jointset/elbow_l/elbow_flex_l/value, weight: 5.0
[2023-11-13 17:45:16.220] [cout] [info]         state: /jointset/subtalar_r/subtalar_angle_r/value, weight: 1.0
[2023-11-13 17:45:16.220] [cout] [info]         state: /jointset/subtalar_l/subtalar_angle_l/value, weight: 1.0
[2023-11-13 17:45:16.220] [cout] [info]         state: /jointset/radioulnar_r/pro_sup_r/value, weight: 1.0
[2023-11-13 17:45:16.220] [cout] [info]         state: /jointset/radioulnar_l/pro_sup_l/value, weight: 1.0
[2023-11-13 17:45:16.220] [cout] [info]         state: /jointset/mtp_r/mtp_angle_r/value, weight: 0.5
[2023-11-13 17:45:16.220] [cout] [info]         state: /jointset/mtp_l/mtp_angle_l/value, weight: 0.5
[2023-11-13 17:45:16.220] [cout] [info]         state: /jointset/ground_pelvis/pelvis_tilt/speed, weight: 0.01
[2023-11-13 17:45:16.220] [cout] [info]         state: /jointset/ground_pelvis/pelvis_list/speed, weight: 0.01
[2023-11-13 17:45:16.220] [cout] [info]         state: /jointset/ground_pelvis/pelvis_rotation/speed, weight: 0.01
[2023-11-13 17:45:16.220] [cout] [info]         state: /jointset/ground_pelvis/pelvis_tx/speed, weight: 0.00500000
[2023-11-13 17:45:16.220] [cout] [info]         state: /jointset/ground_pelvis/pelvis_ty/speed, weight: 0.000100000
[2023-11-13 17:45:16.220] [cout] [info]         state: /jointset/ground_pelvis/pelvis_tz/speed, weight: 0.00250000
[2023-11-13 17:45:16.220] [cout] [info]         state: /jointset/hip_r/hip_flexion_r/speed, weight: 0.01
[2023-11-13 17:45:16.220] [cout] [info]         state: /jointset/hip_r/hip_adduction_r/speed, weight: 0.00500000
[2023-11-13 17:45:16.220] [cout] [info]         state: /jointset/hip_r/hip_rotation_r/speed, weight: 0.00250000
[2023-11-13 17:45:16.220] [cout] [info]         state: /jointset/hip_l/hip_flexion_l/speed, weight: 0.01
[2023-11-13 17:45:16.220] [cout] [info]         state: /jointset/hip_l/hip_adduction_l/speed, weight: 0.00500000
[2023-11-13 17:45:16.220] [cout] [info]         state: /jointset/hip_l/hip_rotation_l/speed, weight: 0.00250000
[2023-11-13 17:45:16.220] [cout] [info]         state: /jointset/back/lumbar_extension/speed, weight: 0.015
[2023-11-13 17:45:16.220] [cout] [info]         state: /jointset/back/lumbar_bending/speed, weight: 0.01
[2023-11-13 17:45:16.220] [cout] [info]         state: /jointset/back/lumbar_rotation/speed, weight: 0.00500000
[2023-11-13 17:45:16.220] [cout] [info]         state: /jointset/knee_r/knee_angle_r/speed, weight: 0.01
[2023-11-13 17:45:16.220] [cout] [info]         state: /jointset/knee_l/knee_angle_l/speed, weight: 0.01
[2023-11-13 17:45:16.220] [cout] [info]         state: /jointset/acromial_r/arm_flex_r/speed, weight: 0.00250000
[2023-11-13 17:45:16.220] [cout] [info]         state: /jointset/acromial_r/arm_add_r/speed, weight: 0.00100000
[2023-11-13 17:45:16.220] [cout] [info]         state: /jointset/acromial_r/arm_rot_r/speed, weight: 0.00100000
[2023-11-13 17:45:16.220] [cout] [info]         state: /jointset/acromial_l/arm_flex_l/speed, weight: 0.00250000
[2023-11-13 17:45:16.220] [cout] [info]         state: /jointset/acromial_l/arm_add_l/speed, weight: 0.00100000
[2023-11-13 17:45:16.220] [cout] [info]         state: /jointset/acromial_l/arm_rot_l/speed, weight: 0.00100000
[2023-11-13 17:45:16.220] [cout] [info]         state: /jointset/ankle_r/ankle_angle_r/speed, weight: 0.00250000
[2023-11-13 17:45:16.220] [cout] [info]         state: /jointset/ankle_l/ankle_angle_l/speed, weight: 0.00250000
[2023-11-13 17:45:16.220] [cout] [info]         state: /jointset/elbow_r/elbow_flex_r/speed, weight: 0.00500000
[2023-11-13 17:45:16.220] [cout] [info]         state: /jointset/elbow_l/elbow_flex_l/speed, weight: 0.00500000
[2023-11-13 17:45:16.220] [cout] [info]         state: /jointset/subtalar_r/subtalar_angle_r/speed, weight: 0.00100000
[2023-11-13 17:45:16.220] [cout] [info]         state: /jointset/subtalar_l/subtalar_angle_l/speed, weight: 0.00100000
[2023-11-13 17:45:16.220] [cout] [info]         state: /jointset/radioulnar_r/pro_sup_r/speed, weight: 0.00100000
[2023-11-13 17:45:16.220] [cout] [info]         state: /jointset/radioulnar_l/pro_sup_l/speed, weight: 0.00100000
[2023-11-13 17:45:16.220] [cout] [info]         state: /jointset/mtp_r/mtp_angle_r/speed, weight: 0.000500000
[2023-11-13 17:45:16.220] [cout] [info]         state: /jointset/mtp_l/mtp_angle_l/speed, weight: 0.000500000
[2023-11-13 17:45:16.220] [cout] [info]   control_effort. MocoControlGoal, enabled: true, mode: cost, weight: 0.00100000
[2023-11-13 17:45:16.220] [cout] [info]         control: /forceset/glut_med1_r, weight: 1.0
[2023-11-13 17:45:16.220] [cout] [info]         control: /forceset/glut_med2_r, weight: 1.0
[2023-11-13 17:45:16.220] [cout] [info]         control: /forceset/glut_med3_r, weight: 1.0
[2023-11-13 17:45:16.220] [cout] [info]         control: /forceset/glut_min1_r, weight: 1.0
[2023-11-13 17:45:16.220] [cout] [info]         control: /forceset/glut_min2_r, weight: 1.0
[2023-11-13 17:45:16.220] [cout] [info]         control: /forceset/glut_min3_r, weight: 1.0
[2023-11-13 17:45:16.220] [cout] [info]         control: /forceset/semimem_r, weight: 1.0
[2023-11-13 17:45:16.220] [cout] [info]         control: /forceset/semiten_r, weight: 1.0
[2023-11-13 17:45:16.220] [cout] [info]         control: /forceset/bifemlh_r, weight: 1.0
[2023-11-13 17:45:16.220] [cout] [info]         control: /forceset/bifemsh_r, weight: 1.0
[2023-11-13 17:45:16.220] [cout] [info]         control: /forceset/sar_r, weight: 1.0
[2023-11-13 17:45:16.220] [cout] [info]         control: /forceset/add_long_r, weight: 1.0
[2023-11-13 17:45:16.220] [cout] [info]         control: /forceset/add_brev_r, weight: 1.0
[2023-11-13 17:45:16.220] [cout] [info]         control: /forceset/add_mag1_r, weight: 1.0
[2023-11-13 17:45:16.220] [cout] [info]         control: /forceset/add_mag2_r, weight: 1.0
[2023-11-13 17:45:16.220] [cout] [info]         control: /forceset/add_mag3_r, weight: 1.0
[2023-11-13 17:45:16.220] [cout] [info]         control: /forceset/tfl_r, weight: 1.0
[2023-11-13 17:45:16.220] [cout] [info]         control: /forceset/pect_r, weight: 1.0
[2023-11-13 17:45:16.220] [cout] [info]         control: /forceset/grac_r, weight: 1.0
[2023-11-13 17:45:16.220] [cout] [info]         control: /forceset/glut_max1_r, weight: 1.0
[2023-11-13 17:45:16.220] [cout] [info]         control: /forceset/glut_max2_r, weight: 1.0
[2023-11-13 17:45:16.220] [cout] [info]         control: /forceset/glut_max3_r, weight: 1.0
[2023-11-13 17:45:16.220] [cout] [info]         control: /forceset/iliacus_r, weight: 1.0
[2023-11-13 17:45:16.220] [cout] [info]         control: /forceset/psoas_r, weight: 1.0
[2023-11-13 17:45:16.220] [cout] [info]         control: /forceset/quad_fem_r, weight: 1.0
[2023-11-13 17:45:16.220] [cout] [info]         control: /forceset/gem_r, weight: 1.0
[2023-11-13 17:45:16.220] [cout] [info]         control: /forceset/peri_r, weight: 1.0
[2023-11-13 17:45:16.220] [cout] [info]         control: /forceset/rect_fem_r, weight: 1.0
[2023-11-13 17:45:16.220] [cout] [info]         control: /forceset/vas_med_r, weight: 1.0
[2023-11-13 17:45:16.220] [cout] [info]         control: /forceset/vas_int_r, weight: 1.0
[2023-11-13 17:45:16.220] [cout] [info]         control: /forceset/vas_lat_r, weight: 1.0
[2023-11-13 17:45:16.220] [cout] [info]         control: /forceset/med_gas_r, weight: 1.0
[2023-11-13 17:45:16.220] [cout] [info]         control: /forceset/lat_gas_r, weight: 1.0
[2023-11-13 17:45:16.220] [cout] [info]         control: /forceset/soleus_r, weight: 1.0
[2023-11-13 17:45:16.220] [cout] [info]         control: /forceset/tib_post_r, weight: 1.0
[2023-11-13 17:45:16.220] [cout] [info]         control: /forceset/flex_dig_r, weight: 1.0
[2023-11-13 17:45:16.220] [cout] [info]         control: /forceset/flex_hal_r, weight: 1.0
[2023-11-13 17:45:16.220] [cout] [info]         control: /forceset/tib_ant_r, weight: 1.0
[2023-11-13 17:45:16.220] [cout] [info]         control: /forceset/per_brev_r, weight: 1.0
[2023-11-13 17:45:16.220] [cout] [info]         control: /forceset/per_long_r, weight: 1.0
[2023-11-13 17:45:16.220] [cout] [info]         control: /forceset/per_tert_r, weight: 1.0
[2023-11-13 17:45:16.220] [cout] [info]         control: /forceset/ext_dig_r, weight: 1.0
[2023-11-13 17:45:16.220] [cout] [info]         control: /forceset/ext_hal_r, weight: 1.0
[2023-11-13 17:45:16.220] [cout] [info]         control: /forceset/lumbar_extension_actuator, weight: 0.1
[2023-11-13 17:45:16.220] [cout] [info]         control: /forceset/lumbar_bending_actuator, weight: 0.1
[2023-11-13 17:45:16.220] [cout] [info]         control: /forceset/lumbar_rotation_actuator, weight: 0.1
[2023-11-13 17:45:16.220] [cout] [info]         control: /forceset/arm_flex_r_actuator, weight: 0.1
[2023-11-13 17:45:16.220] [cout] [info]         control: /forceset/arm_add_r_actuator, weight: 0.1
[2023-11-13 17:45:16.220] [cout] [info]         control: /forceset/arm_rot_r_actuator, weight: 0.1
[2023-11-13 17:45:16.220] [cout] [info]         control: /forceset/elbow_flex_r_actuator, weight: 0.1
[2023-11-13 17:45:16.220] [cout] [info]         control: /forceset/pro_sup_r_actuator, weight: 0.1
[2023-11-13 17:45:16.220] [cout] [info]         control: /forceset/arm_flex_l_actuator, weight: 0.1
[2023-11-13 17:45:16.220] [cout] [info]         control: /forceset/arm_add_l_actuator, weight: 0.1
[2023-11-13 17:45:16.220] [cout] [info]         control: /forceset/arm_rot_l_actuator, weight: 0.1
[2023-11-13 17:45:16.220] [cout] [info]         control: /forceset/elbow_flex_l_actuator, weight: 0.1
[2023-11-13 17:45:16.220] [cout] [info]         control: /forceset/pro_sup_l_actuator, weight: 0.1
[2023-11-13 17:45:16.220] [cout] [info]         control: /forceset/hip_flexion_l_actuator, weight: 0.1
[2023-11-13 17:45:16.220] [cout] [info]         control: /forceset/hip_adduction_l_actuator, weight: 0.1
[2023-11-13 17:45:16.220] [cout] [info]         control: /forceset/hip_rotation_l_actuator, weight: 0.1
[2023-11-13 17:45:16.220] [cout] [info]         control: /forceset/knee_angle_l_actuator, weight: 0.1
[2023-11-13 17:45:16.220] [cout] [info]         control: /forceset/ankle_angle_l_actuator, weight: 0.1
[2023-11-13 17:45:16.220] [cout] [info]         control: /forceset/subtalar_angle_l_actuator, weight: 0.1
[2023-11-13 17:45:16.220] [cout] [info]         control: /forceset/mtp_angle_l_actuator, weight: 0.1
[2023-11-13 17:45:16.220] [cout] [info]         control: /forceset/hip_flexion_r_reserve, weight: 10.0
[2023-11-13 17:45:16.220] [cout] [info]         control: /forceset/hip_adduction_r_reserve, weight: 10.0
[2023-11-13 17:45:16.220] [cout] [info]         control: /forceset/hip_rotation_r_reserve, weight: 10.0
[2023-11-13 17:45:16.220] [cout] [info]         control: /forceset/knee_angle_r_reserve, weight: 10.0
[2023-11-13 17:45:16.220] [cout] [info]         control: /forceset/ankle_angle_r_reserve, weight: 10.0
[2023-11-13 17:45:16.220] [cout] [info]         control: /forceset/subtalar_angle_r_reserve, weight: 10.0
[2023-11-13 17:45:16.220] [cout] [info]         control: /forceset/mtp_angle_r_reserve, weight: 10.0
[2023-11-13 17:45:16.220] [cout] [info]         control: /forceset/pelvis_tx_residual, weight: 10.0
[2023-11-13 17:45:16.220] [cout] [info]         control: /forceset/pelvis_ty_residual, weight: 10.0
[2023-11-13 17:45:16.221] [cout] [info]         control: /forceset/pelvis_tz_residual, weight: 10.0
[2023-11-13 17:45:16.221] [cout] [info]         control: /forceset/pelvis_tilt_residual, weight: 10.0
[2023-11-13 17:45:16.221] [cout] [info]         control: /forceset/pelvis_list_residual, weight: 10.0
[2023-11-13 17:45:16.221] [cout] [info]         control: /forceset/pelvis_rotation_residual, weight: 10.0
[2023-11-13 17:45:16.221] [cout] [info]   contact0. MocoContactTrackingGoal, enabled: true, mode: cost, weight: 0.1
[2023-11-13 17:45:16.221] [cout] [info]         projection type: vector
[2023-11-13 17:45:16.221] [cout] [info]         projection vector: ~[1,0,0]
[2023-11-13 17:45:16.221] [cout] [info]         group 0: ExternalForce: LeftGRF1
[2023-11-13 17:45:16.221] [cout] [info]             forces:
[2023-11-13 17:45:16.221] [cout] [info]                 /forceset/contactForce_s1_l
[2023-11-13 17:45:16.221] [cout] [info]                 /forceset/contactForce_s2_l
[2023-11-13 17:45:16.221] [cout] [info]                 /forceset/contactForce_s3_l
[2023-11-13 17:45:16.221] [cout] [info]                 /forceset/contactForce_s4_l
[2023-11-13 17:45:16.221] [cout] [info]                 /forceset/contactForce_s5_l
[2023-11-13 17:45:16.221] [cout] [info]                 /forceset/contactForce_s6_l
[2023-11-13 17:45:16.221] [cout] [info]         group 1: ExternalForce: RightGRF1
[2023-11-13 17:45:16.221] [cout] [info]             forces:
[2023-11-13 17:45:16.221] [cout] [info]                 /forceset/contactForce_s1_r
[2023-11-13 17:45:16.221] [cout] [info]                 /forceset/contactForce_s2_r
[2023-11-13 17:45:16.221] [cout] [info]                 /forceset/contactForce_s3_r
[2023-11-13 17:45:16.221] [cout] [info]                 /forceset/contactForce_s4_r
[2023-11-13 17:45:16.221] [cout] [info]                 /forceset/contactForce_s5_r
[2023-11-13 17:45:16.221] [cout] [info]                 /forceset/contactForce_s6_r
[2023-11-13 17:45:16.221] [cout] [info]   contact1. MocoContactTrackingGoal, enabled: true, mode: cost, weight: 0.1
[2023-11-13 17:45:16.221] [cout] [info]         projection type: vector
[2023-11-13 17:45:16.221] [cout] [info]         projection vector: ~[0,1,0]
[2023-11-13 17:45:16.221] [cout] [info]         group 0: ExternalForce: LeftGRF1
[2023-11-13 17:45:16.221] [cout] [info]             forces:
[2023-11-13 17:45:16.221] [cout] [info]                 /forceset/contactForce_s1_l
[2023-11-13 17:45:16.221] [cout] [info]                 /forceset/contactForce_s2_l
[2023-11-13 17:45:16.221] [cout] [info]                 /forceset/contactForce_s3_l
[2023-11-13 17:45:16.221] [cout] [info]                 /forceset/contactForce_s4_l
[2023-11-13 17:45:16.221] [cout] [info]                 /forceset/contactForce_s5_l
[2023-11-13 17:45:16.221] [cout] [info]                 /forceset/contactForce_s6_l
[2023-11-13 17:45:16.221] [cout] [info]         group 1: ExternalForce: RightGRF1
[2023-11-13 17:45:16.221] [cout] [info]             forces:
[2023-11-13 17:45:16.221] [cout] [info]                 /forceset/contactForce_s1_r
[2023-11-13 17:45:16.221] [cout] [info]                 /forceset/contactForce_s2_r
[2023-11-13 17:45:16.221] [cout] [info]                 /forceset/contactForce_s3_r
[2023-11-13 17:45:16.221] [cout] [info]                 /forceset/contactForce_s4_r
[2023-11-13 17:45:16.221] [cout] [info]                 /forceset/contactForce_s5_r
[2023-11-13 17:45:16.221] [cout] [info]                 /forceset/contactForce_s6_r
[2023-11-13 17:45:16.221] [cout] [info]   contact2. MocoContactTrackingGoal, enabled: true, mode: cost, weight: 0.1
[2023-11-13 17:45:16.221] [cout] [info]         projection type: vector
[2023-11-13 17:45:16.221] [cout] [info]         projection vector: ~[0,0,1]
[2023-11-13 17:45:16.221] [cout] [info]         group 0: ExternalForce: LeftGRF1
[2023-11-13 17:45:16.221] [cout] [info]             forces:
[2023-11-13 17:45:16.221] [cout] [info]                 /forceset/contactForce_s1_l
[2023-11-13 17:45:16.221] [cout] [info]                 /forceset/contactForce_s2_l
[2023-11-13 17:45:16.221] [cout] [info]                 /forceset/contactForce_s3_l
[2023-11-13 17:45:16.221] [cout] [info]                 /forceset/contactForce_s4_l
[2023-11-13 17:45:16.221] [cout] [info]                 /forceset/contactForce_s5_l
[2023-11-13 17:45:16.221] [cout] [info]                 /forceset/contactForce_s6_l
[2023-11-13 17:45:16.221] [cout] [info]         group 1: ExternalForce: RightGRF1
[2023-11-13 17:45:16.221] [cout] [info]             forces:
[2023-11-13 17:45:16.221] [cout] [info]                 /forceset/contactForce_s1_r
[2023-11-13 17:45:16.221] [cout] [info]                 /forceset/contactForce_s2_r
[2023-11-13 17:45:16.221] [cout] [info]                 /forceset/contactForce_s3_r
[2023-11-13 17:45:16.221] [cout] [info]                 /forceset/contactForce_s4_r
[2023-11-13 17:45:16.221] [cout] [info]                 /forceset/contactForce_s5_r
[2023-11-13 17:45:16.221] [cout] [info]                 /forceset/contactForce_s6_r
[2023-11-13 17:45:16.221] [cout] [info] Endpoint constraints: none
[2023-11-13 17:45:16.221] [cout] [info] Kinematic constraints: none
[2023-11-13 17:45:16.221] [cout] [info] Path constraints: none
[2023-11-13 17:45:16.221] [cout] [info] States: (total: 109)
[2023-11-13 17:45:16.221] [cout] [info]   /jointset/ground_pelvis/pelvis_tilt/value. bounds: [-1.5708, 1.5708]
[2023-11-13 17:45:16.221] [cout] [info]   /jointset/ground_pelvis/pelvis_list/value. bounds: [-1.5708, 1.5708]
[2023-11-13 17:45:16.221] [cout] [info]   /jointset/radioulnar_r/pro_sup_r/value. bounds: [0, 3.1416]
[2023-11-13 17:45:16.221] [cout] [info]   /jointset/ground_pelvis/pelvis_rotation/value. bounds: [-1.5708, 1.5708]
[2023-11-13 17:45:16.221] [cout] [info]   /jointset/ground_pelvis/pelvis_tx/value. bounds: [-20, 20]
[2023-11-13 17:45:16.221] [cout] [info]   /jointset/elbow_r/elbow_flex_r/value. bounds: [-0.17453, 2.618]
[2023-11-13 17:45:16.221] [cout] [info]   /jointset/ground_pelvis/pelvis_ty/value. bounds: [-2, 4]
[2023-11-13 17:45:16.221] [cout] [info]   /jointset/ground_pelvis/pelvis_tz/value. bounds: [-5, 5]
[2023-11-13 17:45:16.221] [cout] [info]   /jointset/hip_r/hip_adduction_r/speed. bounds: [-50, 50]
[2023-11-13 17:45:16.221] [cout] [info]   /jointset/ankle_r/ankle_angle_r/value. bounds: [-1.0472, 0.69813]
[2023-11-13 17:45:16.221] [cout] [info]   /jointset/hip_r/hip_flexion_r/value. bounds: [-0.69813, 1.7453]
[2023-11-13 17:45:16.221] [cout] [info]   /jointset/hip_r/hip_adduction_r/value. bounds: [-0.5236, 0.5236]
[2023-11-13 17:45:16.221] [cout] [info]   /jointset/back/lumbar_rotation/speed. bounds: [-50, 50]
[2023-11-13 17:45:16.221] [cout] [info]   /jointset/hip_r/hip_rotation_r/value. bounds: [-0.5236, 0.5236]
[2023-11-13 17:45:16.221] [cout] [info]   /jointset/mtp_l/mtp_angle_l/speed. bounds: [-50, 50]
[2023-11-13 17:45:16.221] [cout] [info]   /jointset/knee_r/knee_angle_r/value. bounds: [-2.7925, 0.17453]
[2023-11-13 17:45:16.221] [cout] [info]   /jointset/hip_l/hip_flexion_l/value. bounds: [-0.69813, 1.7453]
[2023-11-13 17:45:16.221] [cout] [info]   /jointset/subtalar_r/subtalar_angle_r/value. bounds: [-0.87266, 0.87266]
[2023-11-13 17:45:16.221] [cout] [info]   /jointset/mtp_r/mtp_angle_r/value. bounds: [-1.0472, 1.0472]
[2023-11-13 17:45:16.221] [cout] [info]   /jointset/hip_l/hip_adduction_l/value. bounds: [-0.5236, 0.5236]
[2023-11-13 17:45:16.221] [cout] [info]   /jointset/hip_l/hip_rotation_l/value. bounds: [-0.5236, 0.5236]
[2023-11-13 17:45:16.221] [cout] [info]   /forceset/glut_min1_r/activation. bounds: [0.01, 1]
[2023-11-13 17:45:16.221] [cout] [info]   /jointset/knee_l/knee_angle_l/value. bounds: [-2.7925, 0.17453]
[2023-11-13 17:45:16.221] [cout] [info]   /jointset/knee_r/knee_angle_r/speed. bounds: [-50, 50]
[2023-11-13 17:45:16.221] [cout] [info]   /jointset/ankle_l/ankle_angle_l/value. bounds: [-1.0472, 0.69813]
[2023-11-13 17:45:16.221] [cout] [info]   /jointset/subtalar_l/subtalar_angle_l/value. bounds: [-0.87266, 0.87266]
[2023-11-13 17:45:16.221] [cout] [info]   /jointset/mtp_l/mtp_angle_l/value. bounds: [-1.0472, 1.0472]
[2023-11-13 17:45:16.221] [cout] [info]   /forceset/bifemsh_r/activation. bounds: [0.01, 1]
[2023-11-13 17:45:16.221] [cout] [info]   /jointset/back/lumbar_extension/value. bounds: [-0.7854, 0.17453]
[2023-11-13 17:45:16.221] [cout] [info]   /jointset/back/lumbar_bending/value. bounds: [-0.34907, 0.34907]
[2023-11-13 17:45:16.221] [cout] [info]   /jointset/back/lumbar_rotation/value. bounds: [-0.5236, 0.5236]
[2023-11-13 17:45:16.221] [cout] [info]   /jointset/acromial_r/arm_flex_r/value. bounds: [-1.5708, 1.5708]
[2023-11-13 17:45:16.221] [cout] [info]   /jointset/acromial_r/arm_add_r/value. bounds: [-2.0944, 1.5708]
[2023-11-13 17:45:16.221] [cout] [info]   /jointset/acromial_r/arm_rot_r/value. bounds: [-1.5708, 1.5708]
[2023-11-13 17:45:16.221] [cout] [info]   /jointset/acromial_l/arm_flex_l/value. bounds: [-1.5708, 1.5708]
[2023-11-13 17:45:16.221] [cout] [info]   /jointset/acromial_l/arm_add_l/value. bounds: [-2.0944, 1.5708]
[2023-11-13 17:45:16.221] [cout] [info]   /jointset/acromial_l/arm_rot_l/value. bounds: [-1.5708, 1.5708]
[2023-11-13 17:45:16.221] [cout] [info]   /jointset/elbow_l/elbow_flex_l/value. bounds: [-0.17453, 2.618]
[2023-11-13 17:45:16.221] [cout] [info]   /jointset/radioulnar_l/pro_sup_l/value. bounds: [0, 3.1416]
[2023-11-13 17:45:16.221] [cout] [info]   /jointset/ground_pelvis/pelvis_tilt/speed. bounds: [-50, 50]
[2023-11-13 17:45:16.221] [cout] [info]   /jointset/ground_pelvis/pelvis_list/speed. bounds: [-50, 50]
[2023-11-13 17:45:16.221] [cout] [info]   /jointset/radioulnar_r/pro_sup_r/speed. bounds: [-50, 50]
[2023-11-13 17:45:16.222] [cout] [info]   /jointset/ground_pelvis/pelvis_rotation/speed. bounds: [-50, 50]
[2023-11-13 17:45:16.222] [cout] [info]   /jointset/ground_pelvis/pelvis_tx/speed. bounds: [-50, 50]
[2023-11-13 17:45:16.222] [cout] [info]   /jointset/elbow_r/elbow_flex_r/speed. bounds: [-50, 50]
[2023-11-13 17:45:16.222] [cout] [info]   /jointset/ground_pelvis/pelvis_ty/speed. bounds: [-50, 50]
[2023-11-13 17:45:16.222] [cout] [info]   /jointset/ground_pelvis/pelvis_tz/speed. bounds: [-50, 50]
[2023-11-13 17:45:16.222] [cout] [info]   /jointset/ankle_r/ankle_angle_r/speed. bounds: [-50, 50]
[2023-11-13 17:45:16.222] [cout] [info]   /jointset/hip_r/hip_flexion_r/speed. bounds: [-50, 50]
[2023-11-13 17:45:16.222] [cout] [info]   /jointset/hip_r/hip_rotation_r/speed. bounds: [-50, 50]
[2023-11-13 17:45:16.222] [cout] [info]   /jointset/hip_l/hip_flexion_l/speed. bounds: [-50, 50]
[2023-11-13 17:45:16.222] [cout] [info]   /jointset/subtalar_r/subtalar_angle_r/speed. bounds: [-50, 50]
[2023-11-13 17:45:16.222] [cout] [info]   /jointset/mtp_r/mtp_angle_r/speed. bounds: [-50, 50]
[2023-11-13 17:45:16.222] [cout] [info]   /jointset/hip_l/hip_adduction_l/speed. bounds: [-50, 50]
[2023-11-13 17:45:16.222] [cout] [info]   /jointset/hip_l/hip_rotation_l/speed. bounds: [-50, 50]
[2023-11-13 17:45:16.222] [cout] [info]   /jointset/knee_l/knee_angle_l/speed. bounds: [-50, 50]
[2023-11-13 17:45:16.222] [cout] [info]   /jointset/ankle_l/ankle_angle_l/speed. bounds: [-50, 50]
[2023-11-13 17:45:16.222] [cout] [info]   /jointset/subtalar_l/subtalar_angle_l/speed. bounds: [-50, 50]
[2023-11-13 17:45:16.222] [cout] [info]   /jointset/back/lumbar_extension/speed. bounds: [-50, 50]
[2023-11-13 17:45:16.222] [cout] [info]   /jointset/back/lumbar_bending/speed. bounds: [-50, 50]
[2023-11-13 17:45:16.222] [cout] [info]   /jointset/acromial_r/arm_flex_r/speed. bounds: [-50, 50]
[2023-11-13 17:45:16.222] [cout] [info]   /jointset/acromial_r/arm_add_r/speed. bounds: [-50, 50]
[2023-11-13 17:45:16.222] [cout] [info]   /jointset/acromial_r/arm_rot_r/speed. bounds: [-50, 50]
[2023-11-13 17:45:16.222] [cout] [info]   /jointset/acromial_l/arm_flex_l/speed. bounds: [-50, 50]
[2023-11-13 17:45:16.222] [cout] [info]   /jointset/acromial_l/arm_add_l/speed. bounds: [-50, 50]
[2023-11-13 17:45:16.222] [cout] [info]   /jointset/acromial_l/arm_rot_l/speed. bounds: [-50, 50]
[2023-11-13 17:45:16.222] [cout] [info]   /jointset/elbow_l/elbow_flex_l/speed. bounds: [-50, 50]
[2023-11-13 17:45:16.222] [cout] [info]   /jointset/radioulnar_l/pro_sup_l/speed. bounds: [-50, 50]
[2023-11-13 17:45:16.222] [cout] [info]   /forceset/glut_med1_r/activation. bounds: [0.01, 1]
[2023-11-13 17:45:16.222] [cout] [info]   /forceset/glut_med2_r/activation. bounds: [0.01, 1]
[2023-11-13 17:45:16.222] [cout] [info]   /forceset/glut_med3_r/activation. bounds: [0.01, 1]
[2023-11-13 17:45:16.222] [cout] [info]   /forceset/glut_min2_r/activation. bounds: [0.01, 1]
[2023-11-13 17:45:16.222] [cout] [info]   /forceset/glut_min3_r/activation. bounds: [0.01, 1]
[2023-11-13 17:45:16.222] [cout] [info]   /forceset/semimem_r/activation. bounds: [0.01, 1]
[2023-11-13 17:45:16.222] [cout] [info]   /forceset/semiten_r/activation. bounds: [0.01, 1]
[2023-11-13 17:45:16.222] [cout] [info]   /forceset/bifemlh_r/activation. bounds: [0.01, 1]
[2023-11-13 17:45:16.222] [cout] [info]   /forceset/sar_r/activation. bounds: [0.01, 1]
[2023-11-13 17:45:16.222] [cout] [info]   /forceset/add_long_r/activation. bounds: [0.01, 1]
[2023-11-13 17:45:16.222] [cout] [info]   /forceset/add_brev_r/activation. bounds: [0.01, 1]
[2023-11-13 17:45:16.222] [cout] [info]   /forceset/add_mag1_r/activation. bounds: [0.01, 1]
[2023-11-13 17:45:16.222] [cout] [info]   /forceset/add_mag2_r/activation. bounds: [0.01, 1]
[2023-11-13 17:45:16.222] [cout] [info]   /forceset/add_mag3_r/activation. bounds: [0.01, 1]
[2023-11-13 17:45:16.222] [cout] [info]   /forceset/tfl_r/activation. bounds: [0.01, 1]
[2023-11-13 17:45:16.222] [cout] [info]   /forceset/pect_r/activation. bounds: [0.01, 1]
[2023-11-13 17:45:16.222] [cout] [info]   /forceset/grac_r/activation. bounds: [0.01, 1]
[2023-11-13 17:45:16.222] [cout] [info]   /forceset/glut_max1_r/activation. bounds: [0.01, 1]
[2023-11-13 17:45:16.222] [cout] [info]   /forceset/glut_max2_r/activation. bounds: [0.01, 1]
[2023-11-13 17:45:16.222] [cout] [info]   /forceset/glut_max3_r/activation. bounds: [0.01, 1]
[2023-11-13 17:45:16.222] [cout] [info]   /forceset/iliacus_r/activation. bounds: [0.01, 1]
[2023-11-13 17:45:16.222] [cout] [info]   /forceset/psoas_r/activation. bounds: [0.01, 1]
[2023-11-13 17:45:16.222] [cout] [info]   /forceset/quad_fem_r/activation. bounds: [0.01, 1]
[2023-11-13 17:45:16.222] [cout] [info]   /forceset/gem_r/activation. bounds: [0.01, 1]
[2023-11-13 17:45:16.222] [cout] [info]   /forceset/peri_r/activation. bounds: [0.01, 1]
[2023-11-13 17:45:16.222] [cout] [info]   /forceset/rect_fem_r/activation. bounds: [0.01, 1]
[2023-11-13 17:45:16.222] [cout] [info]   /forceset/vas_med_r/activation. bounds: [0.01, 1]
[2023-11-13 17:45:16.222] [cout] [info]   /forceset/vas_int_r/activation. bounds: [0.01, 1]
[2023-11-13 17:45:16.222] [cout] [info]   /forceset/vas_lat_r/activation. bounds: [0.01, 1]
[2023-11-13 17:45:16.222] [cout] [info]   /forceset/med_gas_r/activation. bounds: [0.01, 1]
[2023-11-13 17:45:16.222] [cout] [info]   /forceset/lat_gas_r/activation. bounds: [0.01, 1]
[2023-11-13 17:45:16.222] [cout] [info]   /forceset/soleus_r/activation. bounds: [0.01, 1]
[2023-11-13 17:45:16.222] [cout] [info]   /forceset/tib_post_r/activation. bounds: [0.01, 1]
[2023-11-13 17:45:16.222] [cout] [info]   /forceset/flex_dig_r/activation. bounds: [0.01, 1]
[2023-11-13 17:45:16.222] [cout] [info]   /forceset/flex_hal_r/activation. bounds: [0.01, 1]
[2023-11-13 17:45:16.222] [cout] [info]   /forceset/tib_ant_r/activation. bounds: [0.01, 1]
[2023-11-13 17:45:16.222] [cout] [info]   /forceset/per_brev_r/activation. bounds: [0.01, 1]
[2023-11-13 17:45:16.222] [cout] [info]   /forceset/per_long_r/activation. bounds: [0.01, 1]
[2023-11-13 17:45:16.222] [cout] [info]   /forceset/per_tert_r/activation. bounds: [0.01, 1]
[2023-11-13 17:45:16.222] [cout] [info]   /forceset/ext_dig_r/activation. bounds: [0.01, 1]
[2023-11-13 17:45:16.222] [cout] [info]   /forceset/ext_hal_r/activation. bounds: [0.01, 1]
[2023-11-13 17:45:16.222] [cout] [info] Controls: (total: 76)
[2023-11-13 17:45:16.222] [cout] [info]   /forceset/glut_med1_r. bounds: [0.01, 1]
[2023-11-13 17:45:16.222] [cout] [info]   /forceset/glut_med2_r. bounds: [0.01, 1]
[2023-11-13 17:45:16.222] [cout] [info]   /forceset/glut_med3_r. bounds: [0.01, 1]
[2023-11-13 17:45:16.222] [cout] [info]   /forceset/glut_min1_r. bounds: [0.01, 1]
[2023-11-13 17:45:16.222] [cout] [info]   /forceset/glut_min2_r. bounds: [0.01, 1]
[2023-11-13 17:45:16.222] [cout] [info]   /forceset/glut_min3_r. bounds: [0.01, 1]
[2023-11-13 17:45:16.222] [cout] [info]   /forceset/mtp_angle_l_actuator. bounds: [-inf, inf]
[2023-11-13 17:45:16.222] [cout] [info]   /forceset/semimem_r. bounds: [0.01, 1]
[2023-11-13 17:45:16.222] [cout] [info]   /forceset/semiten_r. bounds: [0.01, 1]
[2023-11-13 17:45:16.222] [cout] [info]   /forceset/bifemlh_r. bounds: [0.01, 1]
[2023-11-13 17:45:16.222] [cout] [info]   /forceset/bifemsh_r. bounds: [0.01, 1]
[2023-11-13 17:45:16.222] [cout] [info]   /forceset/sar_r. bounds: [0.01, 1]
[2023-11-13 17:45:16.222] [cout] [info]   /forceset/add_long_r. bounds: [0.01, 1]
[2023-11-13 17:45:16.222] [cout] [info]   /forceset/add_brev_r. bounds: [0.01, 1]
[2023-11-13 17:45:16.222] [cout] [info]   /forceset/add_mag1_r. bounds: [0.01, 1]
[2023-11-13 17:45:16.222] [cout] [info]   /forceset/add_mag2_r. bounds: [0.01, 1]
[2023-11-13 17:45:16.222] [cout] [info]   /forceset/add_mag3_r. bounds: [0.01, 1]
[2023-11-13 17:45:16.222] [cout] [info]   /forceset/tfl_r. bounds: [0.01, 1]
[2023-11-13 17:45:16.222] [cout] [info]   /forceset/pect_r. bounds: [0.01, 1]
[2023-11-13 17:45:16.222] [cout] [info]   /forceset/grac_r. bounds: [0.01, 1]
[2023-11-13 17:45:16.222] [cout] [info]   /forceset/hip_flexion_r_reserve. bounds: [-inf, inf]
[2023-11-13 17:45:16.222] [cout] [info]   /forceset/glut_max1_r. bounds: [0.01, 1]
[2023-11-13 17:45:16.222] [cout] [info]   /forceset/glut_max2_r. bounds: [0.01, 1]
[2023-11-13 17:45:16.223] [cout] [info]   /forceset/glut_max3_r. bounds: [0.01, 1]
[2023-11-13 17:45:16.223] [cout] [info]   /forceset/iliacus_r. bounds: [0.01, 1]
[2023-11-13 17:45:16.223] [cout] [info]   /forceset/psoas_r. bounds: [0.01, 1]
[2023-11-13 17:45:16.223] [cout] [info]   /forceset/quad_fem_r. bounds: [0.01, 1]
[2023-11-13 17:45:16.223] [cout] [info]   /forceset/gem_r. bounds: [0.01, 1]
[2023-11-13 17:45:16.223] [cout] [info]   /forceset/peri_r. bounds: [0.01, 1]
[2023-11-13 17:45:16.223] [cout] [info]   /forceset/rect_fem_r. bounds: [0.01, 1]
[2023-11-13 17:45:16.223] [cout] [info]   /forceset/vas_med_r. bounds: [0.01, 1]
[2023-11-13 17:45:16.223] [cout] [info]   /forceset/vas_int_r. bounds: [0.01, 1]
[2023-11-13 17:45:16.223] [cout] [info]   /forceset/vas_lat_r. bounds: [0.01, 1]
[2023-11-13 17:45:16.223] [cout] [info]   /forceset/med_gas_r. bounds: [0.01, 1]
[2023-11-13 17:45:16.223] [cout] [info]   /forceset/lat_gas_r. bounds: [0.01, 1]
[2023-11-13 17:45:16.223] [cout] [info]   /forceset/soleus_r. bounds: [0.01, 1]
[2023-11-13 17:45:16.223] [cout] [info]   /forceset/tib_post_r. bounds: [0.01, 1]
[2023-11-13 17:45:16.223] [cout] [info]   /forceset/flex_dig_r. bounds: [0.01, 1]
[2023-11-13 17:45:16.223] [cout] [info]   /forceset/flex_hal_r. bounds: [0.01, 1]
[2023-11-13 17:45:16.223] [cout] [info]   /forceset/tib_ant_r. bounds: [0.01, 1]
[2023-11-13 17:45:16.223] [cout] [info]   /forceset/per_brev_r. bounds: [0.01, 1]
[2023-11-13 17:45:16.223] [cout] [info]   /forceset/per_long_r. bounds: [0.01, 1]
[2023-11-13 17:45:16.223] [cout] [info]   /forceset/per_tert_r. bounds: [0.01, 1]
[2023-11-13 17:45:16.223] [cout] [info]   /forceset/ext_dig_r. bounds: [0.01, 1]
[2023-11-13 17:45:16.223] [cout] [info]   /forceset/ext_hal_r. bounds: [0.01, 1]
[2023-11-13 17:45:16.223] [cout] [info]   /forceset/lumbar_extension_actuator. bounds: [-inf, inf]
[2023-11-13 17:45:16.223] [cout] [info]   /forceset/lumbar_bending_actuator. bounds: [-inf, inf]
[2023-11-13 17:45:16.223] [cout] [info]   /forceset/lumbar_rotation_actuator. bounds: [-inf, inf]
[2023-11-13 17:45:16.223] [cout] [info]   /forceset/arm_flex_r_actuator. bounds: [-inf, inf]
[2023-11-13 17:45:16.223] [cout] [info]   /forceset/arm_add_r_actuator. bounds: [-inf, inf]
[2023-11-13 17:45:16.223] [cout] [info]   /forceset/arm_rot_r_actuator. bounds: [-inf, inf]
[2023-11-13 17:45:16.223] [cout] [info]   /forceset/elbow_flex_r_actuator. bounds: [-inf, inf]
[2023-11-13 17:45:16.223] [cout] [info]   /forceset/pro_sup_r_actuator. bounds: [-inf, inf]
[2023-11-13 17:45:16.223] [cout] [info]   /forceset/hip_rotation_l_actuator. bounds: [-inf, inf]
[2023-11-13 17:45:16.223] [cout] [info]   /forceset/arm_flex_l_actuator. bounds: [-inf, inf]
[2023-11-13 17:45:16.223] [cout] [info]   /forceset/arm_add_l_actuator. bounds: [-inf, inf]
[2023-11-13 17:45:16.223] [cout] [info]   /forceset/arm_rot_l_actuator. bounds: [-inf, inf]
[2023-11-13 17:45:16.223] [cout] [info]   /forceset/elbow_flex_l_actuator. bounds: [-inf, inf]
[2023-11-13 17:45:16.223] [cout] [info]   /forceset/pro_sup_l_actuator. bounds: [-inf, inf]
[2023-11-13 17:45:16.223] [cout] [info]   /forceset/hip_flexion_l_actuator. bounds: [-inf, inf]
[2023-11-13 17:45:16.223] [cout] [info]   /forceset/hip_adduction_l_actuator. bounds: [-inf, inf]
[2023-11-13 17:45:16.223] [cout] [info]   /forceset/knee_angle_l_actuator. bounds: [-inf, inf]
[2023-11-13 17:45:16.223] [cout] [info]   /forceset/ankle_angle_l_actuator. bounds: [-inf, inf]
[2023-11-13 17:45:16.223] [cout] [info]   /forceset/subtalar_angle_l_actuator. bounds: [-inf, inf]
[2023-11-13 17:45:16.223] [cout] [info]   /forceset/hip_adduction_r_reserve. bounds: [-inf, inf]
[2023-11-13 17:45:16.223] [cout] [info]   /forceset/hip_rotation_r_reserve. bounds: [-inf, inf]
[2023-11-13 17:45:16.223] [cout] [info]   /forceset/knee_angle_r_reserve. bounds: [-inf, inf]
[2023-11-13 17:45:16.223] [cout] [info]   /forceset/ankle_angle_r_reserve. bounds: [-inf, inf]
[2023-11-13 17:45:16.223] [cout] [info]   /forceset/subtalar_angle_r_reserve. bounds: [-inf, inf]
[2023-11-13 17:45:16.223] [cout] [info]   /forceset/mtp_angle_r_reserve. bounds: [-inf, inf]
[2023-11-13 17:45:16.223] [cout] [info]   /forceset/pelvis_tx_residual. bounds: [-inf, inf]
[2023-11-13 17:45:16.223] [cout] [info]   /forceset/pelvis_ty_residual. bounds: [-inf, inf]
[2023-11-13 17:45:16.223] [cout] [info]   /forceset/pelvis_tz_residual. bounds: [-inf, inf]
[2023-11-13 17:45:16.223] [cout] [info]   /forceset/pelvis_tilt_residual. bounds: [-inf, inf]
[2023-11-13 17:45:16.223] [cout] [info]   /forceset/pelvis_list_residual. bounds: [-inf, inf]
[2023-11-13 17:45:16.223] [cout] [info]   /forceset/pelvis_rotation_residual. bounds: [-inf, inf]
[2023-11-13 17:45:16.223] [cout] [info] Parameters: (total: 1)
[2023-11-13 17:45:16.223] [cout] [info]   s1_r_stiffness. model property name: stiffness. component paths: /forceset/contactForce_s1_r. property element: n/a. bounds: [500000, inf]
[2023-11-13 17:45:17.752] [info] Number of threads: 8
[2023-11-13 17:45:18.520] [info] Set log level to Info.
[2023-11-13 17:45:18.520] [info] Set log level to Info.
[2023-11-13 17:45:57.498] [info] ========================================================================
[2023-11-13 17:45:57.498] [info] MocoCasADiSolver starting.
[2023-11-13 17:45:57.498] [info] Mon Nov 13 17:45:57 2023
[2023-11-13 17:45:57.498] [info] ------------------------------------------------------------------------
[2023-11-13 17:45:57.498] [cout] [info] Costs: (total: 5)
[2023-11-13 17:45:57.498] [cout] [info]   state_tracking. MocoStateTrackingGoal, enabled: true, mode: cost, weight: 1.0
[2023-11-13 17:45:57.498] [cout] [info]         state: /jointset/ground_pelvis/pelvis_tilt/value, weight: 10.0
[2023-11-13 17:45:57.498] [cout] [info]         state: /jointset/ground_pelvis/pelvis_list/value, weight: 10.0
[2023-11-13 17:45:57.498] [cout] [info]         state: /jointset/ground_pelvis/pelvis_rotation/value, weight: 10.0
[2023-11-13 17:45:57.498] [cout] [info]         state: /jointset/ground_pelvis/pelvis_tx/value, weight: 5.0
[2023-11-13 17:45:57.498] [cout] [info]         state: /jointset/ground_pelvis/pelvis_ty/value, weight: 0.1
[2023-11-13 17:45:57.498] [cout] [info]         state: /jointset/ground_pelvis/pelvis_tz/value, weight: 2.5
[2023-11-13 17:45:57.498] [cout] [info]         state: /jointset/hip_r/hip_flexion_r/value, weight: 10.0
[2023-11-13 17:45:57.498] [cout] [info]         state: /jointset/hip_r/hip_adduction_r/value, weight: 5.0
[2023-11-13 17:45:57.498] [cout] [info]         state: /jointset/hip_r/hip_rotation_r/value, weight: 2.5
[2023-11-13 17:45:57.498] [cout] [info]         state: /jointset/hip_l/hip_flexion_l/value, weight: 10.0
[2023-11-13 17:45:57.498] [cout] [info]         state: /jointset/hip_l/hip_adduction_l/value, weight: 5.0
[2023-11-13 17:45:57.498] [cout] [info]         state: /jointset/hip_l/hip_rotation_l/value, weight: 2.5
[2023-11-13 17:45:57.498] [cout] [info]         state: /jointset/back/lumbar_extension/value, weight: 15.0
[2023-11-13 17:45:57.498] [cout] [info]         state: /jointset/back/lumbar_bending/value, weight: 10.0
[2023-11-13 17:45:57.498] [cout] [info]         state: /jointset/back/lumbar_rotation/value, weight: 5.0
[2023-11-13 17:45:57.498] [cout] [info]         state: /jointset/knee_r/knee_angle_r/value, weight: 10.0
[2023-11-13 17:45:57.498] [cout] [info]         state: /jointset/knee_l/knee_angle_l/value, weight: 10.0
[2023-11-13 17:45:57.498] [cout] [info]         state: /jointset/acromial_r/arm_flex_r/value, weight: 2.5
[2023-11-13 17:45:57.498] [cout] [info]         state: /jointset/acromial_r/arm_add_r/value, weight: 1.0
[2023-11-13 17:45:57.498] [cout] [info]         state: /jointset/acromial_r/arm_rot_r/value, weight: 1.0
[2023-11-13 17:45:57.498] [cout] [info]         state: /jointset/acromial_l/arm_flex_l/value, weight: 2.5
[2023-11-13 17:45:57.498] [cout] [info]         state: /jointset/acromial_l/arm_add_l/value, weight: 1.0
[2023-11-13 17:45:57.498] [cout] [info]         state: /jointset/acromial_l/arm_rot_l/value, weight: 1.0
[2023-11-13 17:45:57.498] [cout] [info]         state: /jointset/ankle_r/ankle_angle_r/value, weight: 2.5
[2023-11-13 17:45:57.498] [cout] [info]         state: /jointset/ankle_l/ankle_angle_l/value, weight: 2.5
[2023-11-13 17:45:57.498] [cout] [info]         state: /jointset/elbow_r/elbow_flex_r/value, weight: 5.0
[2023-11-13 17:45:57.498] [cout] [info]         state: /jointset/elbow_l/elbow_flex_l/value, weight: 5.0
[2023-11-13 17:45:57.498] [cout] [info]         state: /jointset/subtalar_r/subtalar_angle_r/value, weight: 1.0
[2023-11-13 17:45:57.498] [cout] [info]         state: /jointset/subtalar_l/subtalar_angle_l/value, weight: 1.0
[2023-11-13 17:45:57.498] [cout] [info]         state: /jointset/radioulnar_r/pro_sup_r/value, weight: 1.0
[2023-11-13 17:45:57.498] [cout] [info]         state: /jointset/radioulnar_l/pro_sup_l/value, weight: 1.0
[2023-11-13 17:45:57.498] [cout] [info]         state: /jointset/mtp_r/mtp_angle_r/value, weight: 0.5
[2023-11-13 17:45:57.498] [cout] [info]         state: /jointset/mtp_l/mtp_angle_l/value, weight: 0.5
[2023-11-13 17:45:57.498] [cout] [info]         state: /jointset/ground_pelvis/pelvis_tilt/speed, weight: 0.01
[2023-11-13 17:45:57.498] [cout] [info]         state: /jointset/ground_pelvis/pelvis_list/speed, weight: 0.01
[2023-11-13 17:45:57.498] [cout] [info]         state: /jointset/ground_pelvis/pelvis_rotation/speed, weight: 0.01
[2023-11-13 17:45:57.499] [cout] [info]         state: /jointset/ground_pelvis/pelvis_tx/speed, weight: 0.00500000
[2023-11-13 17:45:57.499] [cout] [info]         state: /jointset/ground_pelvis/pelvis_ty/speed, weight: 0.000100000
[2023-11-13 17:45:57.499] [cout] [info]         state: /jointset/ground_pelvis/pelvis_tz/speed, weight: 0.00250000
[2023-11-13 17:45:57.499] [cout] [info]         state: /jointset/hip_r/hip_flexion_r/speed, weight: 0.01
[2023-11-13 17:45:57.499] [cout] [info]         state: /jointset/hip_r/hip_adduction_r/speed, weight: 0.00500000
[2023-11-13 17:45:57.499] [cout] [info]         state: /jointset/hip_r/hip_rotation_r/speed, weight: 0.00250000
[2023-11-13 17:45:57.499] [cout] [info]         state: /jointset/hip_l/hip_flexion_l/speed, weight: 0.01
[2023-11-13 17:45:57.499] [cout] [info]         state: /jointset/hip_l/hip_adduction_l/speed, weight: 0.00500000
[2023-11-13 17:45:57.499] [cout] [info]         state: /jointset/hip_l/hip_rotation_l/speed, weight: 0.00250000
[2023-11-13 17:45:57.499] [cout] [info]         state: /jointset/back/lumbar_extension/speed, weight: 0.015
[2023-11-13 17:45:57.499] [cout] [info]         state: /jointset/back/lumbar_bending/speed, weight: 0.01
[2023-11-13 17:45:57.499] [cout] [info]         state: /jointset/back/lumbar_rotation/speed, weight: 0.00500000
[2023-11-13 17:45:57.499] [cout] [info]         state: /jointset/knee_r/knee_angle_r/speed, weight: 0.01
[2023-11-13 17:45:57.499] [cout] [info]         state: /jointset/knee_l/knee_angle_l/speed, weight: 0.01
[2023-11-13 17:45:57.499] [cout] [info]         state: /jointset/acromial_r/arm_flex_r/speed, weight: 0.00250000
[2023-11-13 17:45:57.499] [cout] [info]         state: /jointset/acromial_r/arm_add_r/speed, weight: 0.00100000
[2023-11-13 17:45:57.499] [cout] [info]         state: /jointset/acromial_r/arm_rot_r/speed, weight: 0.00100000
[2023-11-13 17:45:57.499] [cout] [info]         state: /jointset/acromial_l/arm_flex_l/speed, weight: 0.00250000
[2023-11-13 17:45:57.499] [cout] [info]         state: /jointset/acromial_l/arm_add_l/speed, weight: 0.00100000
[2023-11-13 17:45:57.499] [cout] [info]         state: /jointset/acromial_l/arm_rot_l/speed, weight: 0.00100000
[2023-11-13 17:45:57.499] [cout] [info]         state: /jointset/ankle_r/ankle_angle_r/speed, weight: 0.00250000
[2023-11-13 17:45:57.499] [cout] [info]         state: /jointset/ankle_l/ankle_angle_l/speed, weight: 0.00250000
[2023-11-13 17:45:57.499] [cout] [info]         state: /jointset/elbow_r/elbow_flex_r/speed, weight: 0.00500000
[2023-11-13 17:45:57.499] [cout] [info]         state: /jointset/elbow_l/elbow_flex_l/speed, weight: 0.00500000
[2023-11-13 17:45:57.499] [cout] [info]         state: /jointset/subtalar_r/subtalar_angle_r/speed, weight: 0.00100000
[2023-11-13 17:45:57.499] [cout] [info]         state: /jointset/subtalar_l/subtalar_angle_l/speed, weight: 0.00100000
[2023-11-13 17:45:57.499] [cout] [info]         state: /jointset/radioulnar_r/pro_sup_r/speed, weight: 0.00100000
[2023-11-13 17:45:57.499] [cout] [info]         state: /jointset/radioulnar_l/pro_sup_l/speed, weight: 0.00100000
[2023-11-13 17:45:57.499] [cout] [info]         state: /jointset/mtp_r/mtp_angle_r/speed, weight: 0.000500000
[2023-11-13 17:45:57.499] [cout] [info]         state: /jointset/mtp_l/mtp_angle_l/speed, weight: 0.000500000
[2023-11-13 17:45:57.499] [cout] [info]   control_effort. MocoControlGoal, enabled: true, mode: cost, weight: 0.00100000
[2023-11-13 17:45:57.499] [cout] [info]         control: /forceset/glut_med1_r, weight: 1.0
[2023-11-13 17:45:57.499] [cout] [info]         control: /forceset/glut_med2_r, weight: 1.0
[2023-11-13 17:45:57.499] [cout] [info]         control: /forceset/glut_med3_r, weight: 1.0
[2023-11-13 17:45:57.499] [cout] [info]         control: /forceset/glut_min1_r, weight: 1.0
[2023-11-13 17:45:57.499] [cout] [info]         control: /forceset/glut_min2_r, weight: 1.0
[2023-11-13 17:45:57.499] [cout] [info]         control: /forceset/glut_min3_r, weight: 1.0
[2023-11-13 17:45:57.499] [cout] [info]         control: /forceset/semimem_r, weight: 1.0
[2023-11-13 17:45:57.499] [cout] [info]         control: /forceset/semiten_r, weight: 1.0
[2023-11-13 17:45:57.499] [cout] [info]         control: /forceset/bifemlh_r, weight: 1.0
[2023-11-13 17:45:57.499] [cout] [info]         control: /forceset/bifemsh_r, weight: 1.0
[2023-11-13 17:45:57.499] [cout] [info]         control: /forceset/sar_r, weight: 1.0
[2023-11-13 17:45:57.499] [cout] [info]         control: /forceset/add_long_r, weight: 1.0
[2023-11-13 17:45:57.499] [cout] [info]         control: /forceset/add_brev_r, weight: 1.0
[2023-11-13 17:45:57.499] [cout] [info]         control: /forceset/add_mag1_r, weight: 1.0
[2023-11-13 17:45:57.499] [cout] [info]         control: /forceset/add_mag2_r, weight: 1.0
[2023-11-13 17:45:57.499] [cout] [info]         control: /forceset/add_mag3_r, weight: 1.0
[2023-11-13 17:45:57.499] [cout] [info]         control: /forceset/tfl_r, weight: 1.0
[2023-11-13 17:45:57.499] [cout] [info]         control: /forceset/pect_r, weight: 1.0
[2023-11-13 17:45:57.499] [cout] [info]         control: /forceset/grac_r, weight: 1.0
[2023-11-13 17:45:57.499] [cout] [info]         control: /forceset/glut_max1_r, weight: 1.0
[2023-11-13 17:45:57.499] [cout] [info]         control: /forceset/glut_max2_r, weight: 1.0
[2023-11-13 17:45:57.499] [cout] [info]         control: /forceset/glut_max3_r, weight: 1.0
[2023-11-13 17:45:57.499] [cout] [info]         control: /forceset/iliacus_r, weight: 1.0
[2023-11-13 17:45:57.499] [cout] [info]         control: /forceset/psoas_r, weight: 1.0
[2023-11-13 17:45:57.499] [cout] [info]         control: /forceset/quad_fem_r, weight: 1.0
[2023-11-13 17:45:57.499] [cout] [info]         control: /forceset/gem_r, weight: 1.0
[2023-11-13 17:45:57.499] [cout] [info]         control: /forceset/peri_r, weight: 1.0
[2023-11-13 17:45:57.499] [cout] [info]         control: /forceset/rect_fem_r, weight: 1.0
[2023-11-13 17:45:57.499] [cout] [info]         control: /forceset/vas_med_r, weight: 1.0
[2023-11-13 17:45:57.499] [cout] [info]         control: /forceset/vas_int_r, weight: 1.0
[2023-11-13 17:45:57.499] [cout] [info]         control: /forceset/vas_lat_r, weight: 1.0
[2023-11-13 17:45:57.499] [cout] [info]         control: /forceset/med_gas_r, weight: 1.0
[2023-11-13 17:45:57.499] [cout] [info]         control: /forceset/lat_gas_r, weight: 1.0
[2023-11-13 17:45:57.499] [cout] [info]         control: /forceset/soleus_r, weight: 1.0
[2023-11-13 17:45:57.499] [cout] [info]         control: /forceset/tib_post_r, weight: 1.0
[2023-11-13 17:45:57.499] [cout] [info]         control: /forceset/flex_dig_r, weight: 1.0
[2023-11-13 17:45:57.499] [cout] [info]         control: /forceset/flex_hal_r, weight: 1.0
[2023-11-13 17:45:57.499] [cout] [info]         control: /forceset/tib_ant_r, weight: 1.0
[2023-11-13 17:45:57.499] [cout] [info]         control: /forceset/per_brev_r, weight: 1.0
[2023-11-13 17:45:57.499] [cout] [info]         control: /forceset/per_long_r, weight: 1.0
[2023-11-13 17:45:57.499] [cout] [info]         control: /forceset/per_tert_r, weight: 1.0
[2023-11-13 17:45:57.499] [cout] [info]         control: /forceset/ext_dig_r, weight: 1.0
[2023-11-13 17:45:57.499] [cout] [info]         control: /forceset/ext_hal_r, weight: 1.0
[2023-11-13 17:45:57.499] [cout] [info]         control: /forceset/lumbar_extension_actuator, weight: 0.1
[2023-11-13 17:45:57.499] [cout] [info]         control: /forceset/lumbar_bending_actuator, weight: 0.1
[2023-11-13 17:45:57.499] [cout] [info]         control: /forceset/lumbar_rotation_actuator, weight: 0.1
[2023-11-13 17:45:57.499] [cout] [info]         control: /forceset/arm_flex_r_actuator, weight: 0.1
[2023-11-13 17:45:57.499] [cout] [info]         control: /forceset/arm_add_r_actuator, weight: 0.1
[2023-11-13 17:45:57.499] [cout] [info]         control: /forceset/arm_rot_r_actuator, weight: 0.1
[2023-11-13 17:45:57.499] [cout] [info]         control: /forceset/elbow_flex_r_actuator, weight: 0.1
[2023-11-13 17:45:57.499] [cout] [info]         control: /forceset/pro_sup_r_actuator, weight: 0.1
[2023-11-13 17:45:57.499] [cout] [info]         control: /forceset/arm_flex_l_actuator, weight: 0.1
[2023-11-13 17:45:57.499] [cout] [info]         control: /forceset/arm_add_l_actuator, weight: 0.1
[2023-11-13 17:45:57.499] [cout] [info]         control: /forceset/arm_rot_l_actuator, weight: 0.1
[2023-11-13 17:45:57.499] [cout] [info]         control: /forceset/elbow_flex_l_actuator, weight: 0.1
[2023-11-13 17:45:57.499] [cout] [info]         control: /forceset/pro_sup_l_actuator, weight: 0.1
[2023-11-13 17:45:57.499] [cout] [info]         control: /forceset/hip_flexion_l_actuator, weight: 0.1
[2023-11-13 17:45:57.499] [cout] [info]         control: /forceset/hip_adduction_l_actuator, weight: 0.1
[2023-11-13 17:45:57.499] [cout] [info]         control: /forceset/hip_rotation_l_actuator, weight: 0.1
[2023-11-13 17:45:57.499] [cout] [info]         control: /forceset/knee_angle_l_actuator, weight: 0.1
[2023-11-13 17:45:57.499] [cout] [info]         control: /forceset/ankle_angle_l_actuator, weight: 0.1
[2023-11-13 17:45:57.499] [cout] [info]         control: /forceset/subtalar_angle_l_actuator, weight: 0.1
[2023-11-13 17:45:57.499] [cout] [info]         control: /forceset/mtp_angle_l_actuator, weight: 0.1
[2023-11-13 17:45:57.499] [cout] [info]         control: /forceset/hip_flexion_r_reserve, weight: 10.0
[2023-11-13 17:45:57.499] [cout] [info]         control: /forceset/hip_adduction_r_reserve, weight: 10.0
[2023-11-13 17:45:57.499] [cout] [info]         control: /forceset/hip_rotation_r_reserve, weight: 10.0
[2023-11-13 17:45:57.499] [cout] [info]         control: /forceset/knee_angle_r_reserve, weight: 10.0
[2023-11-13 17:45:57.499] [cout] [info]         control: /forceset/ankle_angle_r_reserve, weight: 10.0
[2023-11-13 17:45:57.499] [cout] [info]         control: /forceset/subtalar_angle_r_reserve, weight: 10.0
[2023-11-13 17:45:57.499] [cout] [info]         control: /forceset/mtp_angle_r_reserve, weight: 10.0
[2023-11-13 17:45:57.499] [cout] [info]         control: /forceset/pelvis_tx_residual, weight: 10.0
[2023-11-13 17:45:57.499] [cout] [info]         control: /forceset/pelvis_ty_residual, weight: 10.0
[2023-11-13 17:45:57.499] [cout] [info]         control: /forceset/pelvis_tz_residual, weight: 10.0
[2023-11-13 17:45:57.499] [cout] [info]         control: /forceset/pelvis_tilt_residual, weight: 10.0
[2023-11-13 17:45:57.499] [cout] [info]         control: /forceset/pelvis_list_residual, weight: 10.0
[2023-11-13 17:45:57.499] [cout] [info]         control: /forceset/pelvis_rotation_residual, weight: 10.0
[2023-11-13 17:45:57.499] [cout] [info]   contact0. MocoContactTrackingGoal, enabled: true, mode: cost, weight: 0.1
[2023-11-13 17:45:57.499] [cout] [info]         projection type: vector
[2023-11-13 17:45:57.499] [cout] [info]         projection vector: ~[1,0,0]
[2023-11-13 17:45:57.499] [cout] [info]         group 0: ExternalForce: LeftGRF1
[2023-11-13 17:45:57.499] [cout] [info]             forces:
[2023-11-13 17:45:57.499] [cout] [info]                 /forceset/contactForce_s1_l
[2023-11-13 17:45:57.499] [cout] [info]                 /forceset/contactForce_s2_l
[2023-11-13 17:45:57.499] [cout] [info]                 /forceset/contactForce_s3_l
[2023-11-13 17:45:57.499] [cout] [info]                 /forceset/contactForce_s4_l
[2023-11-13 17:45:57.499] [cout] [info]                 /forceset/contactForce_s5_l
[2023-11-13 17:45:57.499] [cout] [info]                 /forceset/contactForce_s6_l
[2023-11-13 17:45:57.499] [cout] [info]         group 1: ExternalForce: RightGRF1
[2023-11-13 17:45:57.499] [cout] [info]             forces:
[2023-11-13 17:45:57.499] [cout] [info]                 /forceset/contactForce_s1_r
[2023-11-13 17:45:57.499] [cout] [info]                 /forceset/contactForce_s2_r
[2023-11-13 17:45:57.499] [cout] [info]                 /forceset/contactForce_s3_r
[2023-11-13 17:45:57.499] [cout] [info]                 /forceset/contactForce_s4_r
[2023-11-13 17:45:57.500] [cout] [info]                 /forceset/contactForce_s5_r
[2023-11-13 17:45:57.500] [cout] [info]                 /forceset/contactForce_s6_r
[2023-11-13 17:45:57.500] [cout] [info]   contact1. MocoContactTrackingGoal, enabled: true, mode: cost, weight: 0.1
[2023-11-13 17:45:57.500] [cout] [info]         projection type: vector
[2023-11-13 17:45:57.500] [cout] [info]         projection vector: ~[0,1,0]
[2023-11-13 17:45:57.500] [cout] [info]         group 0: ExternalForce: LeftGRF1
[2023-11-13 17:45:57.500] [cout] [info]             forces:
[2023-11-13 17:45:57.500] [cout] [info]                 /forceset/contactForce_s1_l
[2023-11-13 17:45:57.500] [cout] [info]                 /forceset/contactForce_s2_l
[2023-11-13 17:45:57.500] [cout] [info]                 /forceset/contactForce_s3_l
[2023-11-13 17:45:57.500] [cout] [info]                 /forceset/contactForce_s4_l
[2023-11-13 17:45:57.500] [cout] [info]                 /forceset/contactForce_s5_l
[2023-11-13 17:45:57.500] [cout] [info]                 /forceset/contactForce_s6_l
[2023-11-13 17:45:57.500] [cout] [info]         group 1: ExternalForce: RightGRF1
[2023-11-13 17:45:57.500] [cout] [info]             forces:
[2023-11-13 17:45:57.500] [cout] [info]                 /forceset/contactForce_s1_r
[2023-11-13 17:45:57.500] [cout] [info]                 /forceset/contactForce_s2_r
[2023-11-13 17:45:57.500] [cout] [info]                 /forceset/contactForce_s3_r
[2023-11-13 17:45:57.500] [cout] [info]                 /forceset/contactForce_s4_r
[2023-11-13 17:45:57.500] [cout] [info]                 /forceset/contactForce_s5_r
[2023-11-13 17:45:57.500] [cout] [info]                 /forceset/contactForce_s6_r
[2023-11-13 17:45:57.500] [cout] [info]   contact2. MocoContactTrackingGoal, enabled: true, mode: cost, weight: 0.1
[2023-11-13 17:45:57.500] [cout] [info]         projection type: vector
[2023-11-13 17:45:57.500] [cout] [info]         projection vector: ~[0,0,1]
[2023-11-13 17:45:57.500] [cout] [info]         group 0: ExternalForce: LeftGRF1
[2023-11-13 17:45:57.500] [cout] [info]             forces:
[2023-11-13 17:45:57.500] [cout] [info]                 /forceset/contactForce_s1_l
[2023-11-13 17:45:57.500] [cout] [info]                 /forceset/contactForce_s2_l
[2023-11-13 17:45:57.500] [cout] [info]                 /forceset/contactForce_s3_l
[2023-11-13 17:45:57.500] [cout] [info]                 /forceset/contactForce_s4_l
[2023-11-13 17:45:57.500] [cout] [info]                 /forceset/contactForce_s5_l
[2023-11-13 17:45:57.500] [cout] [info]                 /forceset/contactForce_s6_l
[2023-11-13 17:45:57.500] [cout] [info]         group 1: ExternalForce: RightGRF1
[2023-11-13 17:45:57.500] [cout] [info]             forces:
[2023-11-13 17:45:57.500] [cout] [info]                 /forceset/contactForce_s1_r
[2023-11-13 17:45:57.500] [cout] [info]                 /forceset/contactForce_s2_r
[2023-11-13 17:45:57.500] [cout] [info]                 /forceset/contactForce_s3_r
[2023-11-13 17:45:57.500] [cout] [info]                 /forceset/contactForce_s4_r
[2023-11-13 17:45:57.500] [cout] [info]                 /forceset/contactForce_s5_r
[2023-11-13 17:45:57.500] [cout] [info]                 /forceset/contactForce_s6_r
[2023-11-13 17:45:57.500] [cout] [info] Endpoint constraints: none
[2023-11-13 17:45:57.500] [cout] [info] Kinematic constraints: none
[2023-11-13 17:45:57.500] [cout] [info] Path constraints: none
[2023-11-13 17:45:57.500] [cout] [info] States: (total: 109)
[2023-11-13 17:45:57.500] [cout] [info]   /jointset/ground_pelvis/pelvis_tilt/value. bounds: [-1.5708, 1.5708]
[2023-11-13 17:45:57.500] [cout] [info]   /jointset/ground_pelvis/pelvis_list/value. bounds: [-1.5708, 1.5708]
[2023-11-13 17:45:57.500] [cout] [info]   /jointset/radioulnar_r/pro_sup_r/value. bounds: [0, 3.1416]
[2023-11-13 17:45:57.500] [cout] [info]   /jointset/ground_pelvis/pelvis_rotation/value. bounds: [-1.5708, 1.5708]
[2023-11-13 17:45:57.500] [cout] [info]   /jointset/ground_pelvis/pelvis_tx/value. bounds: [-20, 20]
[2023-11-13 17:45:57.500] [cout] [info]   /jointset/elbow_r/elbow_flex_r/value. bounds: [-0.17453, 2.618]
[2023-11-13 17:45:57.500] [cout] [info]   /jointset/ground_pelvis/pelvis_ty/value. bounds: [-2, 4]
[2023-11-13 17:45:57.500] [cout] [info]   /jointset/ground_pelvis/pelvis_tz/value. bounds: [-5, 5]
[2023-11-13 17:45:57.500] [cout] [info]   /jointset/hip_r/hip_adduction_r/speed. bounds: [-50, 50]
[2023-11-13 17:45:57.500] [cout] [info]   /jointset/ankle_r/ankle_angle_r/value. bounds: [-1.0472, 0.69813]
[2023-11-13 17:45:57.500] [cout] [info]   /jointset/hip_r/hip_flexion_r/value. bounds: [-0.69813, 1.7453]
[2023-11-13 17:45:57.500] [cout] [info]   /jointset/hip_r/hip_adduction_r/value. bounds: [-0.5236, 0.5236]
[2023-11-13 17:45:57.500] [cout] [info]   /jointset/back/lumbar_rotation/speed. bounds: [-50, 50]
[2023-11-13 17:45:57.500] [cout] [info]   /jointset/hip_r/hip_rotation_r/value. bounds: [-0.5236, 0.5236]
[2023-11-13 17:45:57.500] [cout] [info]   /jointset/mtp_l/mtp_angle_l/speed. bounds: [-50, 50]
[2023-11-13 17:45:57.500] [cout] [info]   /jointset/knee_r/knee_angle_r/value. bounds: [-2.7925, 0.17453]
[2023-11-13 17:45:57.500] [cout] [info]   /jointset/hip_l/hip_flexion_l/value. bounds: [-0.69813, 1.7453]
[2023-11-13 17:45:57.500] [cout] [info]   /jointset/subtalar_r/subtalar_angle_r/value. bounds: [-0.87266, 0.87266]
[2023-11-13 17:45:57.500] [cout] [info]   /jointset/mtp_r/mtp_angle_r/value. bounds: [-1.0472, 1.0472]
[2023-11-13 17:45:57.500] [cout] [info]   /jointset/hip_l/hip_adduction_l/value. bounds: [-0.5236, 0.5236]
[2023-11-13 17:45:57.500] [cout] [info]   /jointset/hip_l/hip_rotation_l/value. bounds: [-0.5236, 0.5236]
[2023-11-13 17:45:57.500] [cout] [info]   /forceset/glut_min1_r/activation. bounds: [0.01, 1]
[2023-11-13 17:45:57.500] [cout] [info]   /jointset/knee_l/knee_angle_l/value. bounds: [-2.7925, 0.17453]
[2023-11-13 17:45:57.500] [cout] [info]   /jointset/knee_r/knee_angle_r/speed. bounds: [-50, 50]
[2023-11-13 17:45:57.500] [cout] [info]   /jointset/ankle_l/ankle_angle_l/value. bounds: [-1.0472, 0.69813]
[2023-11-13 17:45:57.500] [cout] [info]   /jointset/subtalar_l/subtalar_angle_l/value. bounds: [-0.87266, 0.87266]
[2023-11-13 17:45:57.500] [cout] [info]   /jointset/mtp_l/mtp_angle_l/value. bounds: [-1.0472, 1.0472]
[2023-11-13 17:45:57.500] [cout] [info]   /forceset/bifemsh_r/activation. bounds: [0.01, 1]
[2023-11-13 17:45:57.500] [cout] [info]   /jointset/back/lumbar_extension/value. bounds: [-0.7854, 0.17453]
[2023-11-13 17:45:57.500] [cout] [info]   /jointset/back/lumbar_bending/value. bounds: [-0.34907, 0.34907]
[2023-11-13 17:45:57.500] [cout] [info]   /jointset/back/lumbar_rotation/value. bounds: [-0.5236, 0.5236]
[2023-11-13 17:45:57.500] [cout] [info]   /jointset/acromial_r/arm_flex_r/value. bounds: [-1.5708, 1.5708]
[2023-11-13 17:45:57.500] [cout] [info]   /jointset/acromial_r/arm_add_r/value. bounds: [-2.0944, 1.5708]
[2023-11-13 17:45:57.500] [cout] [info]   /jointset/acromial_r/arm_rot_r/value. bounds: [-1.5708, 1.5708]
[2023-11-13 17:45:57.500] [cout] [info]   /jointset/acromial_l/arm_flex_l/value. bounds: [-1.5708, 1.5708]
[2023-11-13 17:45:57.500] [cout] [info]   /jointset/acromial_l/arm_add_l/value. bounds: [-2.0944, 1.5708]
[2023-11-13 17:45:57.500] [cout] [info]   /jointset/acromial_l/arm_rot_l/value. bounds: [-1.5708, 1.5708]
[2023-11-13 17:45:57.500] [cout] [info]   /jointset/elbow_l/elbow_flex_l/value. bounds: [-0.17453, 2.618]
[2023-11-13 17:45:57.500] [cout] [info]   /jointset/radioulnar_l/pro_sup_l/value. bounds: [0, 3.1416]
[2023-11-13 17:45:57.500] [cout] [info]   /jointset/ground_pelvis/pelvis_tilt/speed. bounds: [-50, 50]
[2023-11-13 17:45:57.500] [cout] [info]   /jointset/ground_pelvis/pelvis_list/speed. bounds: [-50, 50]
[2023-11-13 17:45:57.500] [cout] [info]   /jointset/radioulnar_r/pro_sup_r/speed. bounds: [-50, 50]
[2023-11-13 17:45:57.500] [cout] [info]   /jointset/ground_pelvis/pelvis_rotation/speed. bounds: [-50, 50]
[2023-11-13 17:45:57.500] [cout] [info]   /jointset/ground_pelvis/pelvis_tx/speed. bounds: [-50, 50]
[2023-11-13 17:45:57.500] [cout] [info]   /jointset/elbow_r/elbow_flex_r/speed. bounds: [-50, 50]
[2023-11-13 17:45:57.500] [cout] [info]   /jointset/ground_pelvis/pelvis_ty/speed. bounds: [-50, 50]
[2023-11-13 17:45:57.500] [cout] [info]   /jointset/ground_pelvis/pelvis_tz/speed. bounds: [-50, 50]
[2023-11-13 17:45:57.500] [cout] [info]   /jointset/ankle_r/ankle_angle_r/speed. bounds: [-50, 50]
[2023-11-13 17:45:57.500] [cout] [info]   /jointset/hip_r/hip_flexion_r/speed. bounds: [-50, 50]
[2023-11-13 17:45:57.500] [cout] [info]   /jointset/hip_r/hip_rotation_r/speed. bounds: [-50, 50]
[2023-11-13 17:45:57.500] [cout] [info]   /jointset/hip_l/hip_flexion_l/speed. bounds: [-50, 50]
[2023-11-13 17:45:57.500] [cout] [info]   /jointset/subtalar_r/subtalar_angle_r/speed. bounds: [-50, 50]
[2023-11-13 17:45:57.500] [cout] [info]   /jointset/mtp_r/mtp_angle_r/speed. bounds: [-50, 50]
[2023-11-13 17:45:57.500] [cout] [info]   /jointset/hip_l/hip_adduction_l/speed. bounds: [-50, 50]
[2023-11-13 17:45:57.500] [cout] [info]   /jointset/hip_l/hip_rotation_l/speed. bounds: [-50, 50]
[2023-11-13 17:45:57.501] [cout] [info]   /jointset/knee_l/knee_angle_l/speed. bounds: [-50, 50]
[2023-11-13 17:45:57.501] [cout] [info]   /jointset/ankle_l/ankle_angle_l/speed. bounds: [-50, 50]
[2023-11-13 17:45:57.501] [cout] [info]   /jointset/subtalar_l/subtalar_angle_l/speed. bounds: [-50, 50]
[2023-11-13 17:45:57.501] [cout] [info]   /jointset/back/lumbar_extension/speed. bounds: [-50, 50]
[2023-11-13 17:45:57.501] [cout] [info]   /jointset/back/lumbar_bending/speed. bounds: [-50, 50]
[2023-11-13 17:45:57.501] [cout] [info]   /jointset/acromial_r/arm_flex_r/speed. bounds: [-50, 50]
[2023-11-13 17:45:57.501] [cout] [info]   /jointset/acromial_r/arm_add_r/speed. bounds: [-50, 50]
[2023-11-13 17:45:57.501] [cout] [info]   /jointset/acromial_r/arm_rot_r/speed. bounds: [-50, 50]
[2023-11-13 17:45:57.501] [cout] [info]   /jointset/acromial_l/arm_flex_l/speed. bounds: [-50, 50]
[2023-11-13 17:45:57.501] [cout] [info]   /jointset/acromial_l/arm_add_l/speed. bounds: [-50, 50]
[2023-11-13 17:45:57.501] [cout] [info]   /jointset/acromial_l/arm_rot_l/speed. bounds: [-50, 50]
[2023-11-13 17:45:57.501] [cout] [info]   /jointset/elbow_l/elbow_flex_l/speed. bounds: [-50, 50]
[2023-11-13 17:45:57.501] [cout] [info]   /jointset/radioulnar_l/pro_sup_l/speed. bounds: [-50, 50]
[2023-11-13 17:45:57.501] [cout] [info]   /forceset/glut_med1_r/activation. bounds: [0.01, 1]
[2023-11-13 17:45:57.501] [cout] [info]   /forceset/glut_med2_r/activation. bounds: [0.01, 1]
[2023-11-13 17:45:57.501] [cout] [info]   /forceset/glut_med3_r/activation. bounds: [0.01, 1]
[2023-11-13 17:45:57.501] [cout] [info]   /forceset/glut_min2_r/activation. bounds: [0.01, 1]
[2023-11-13 17:45:57.501] [cout] [info]   /forceset/glut_min3_r/activation. bounds: [0.01, 1]
[2023-11-13 17:45:57.501] [cout] [info]   /forceset/semimem_r/activation. bounds: [0.01, 1]
[2023-11-13 17:45:57.501] [cout] [info]   /forceset/semiten_r/activation. bounds: [0.01, 1]
[2023-11-13 17:45:57.501] [cout] [info]   /forceset/bifemlh_r/activation. bounds: [0.01, 1]
[2023-11-13 17:45:57.501] [cout] [info]   /forceset/sar_r/activation. bounds: [0.01, 1]
[2023-11-13 17:45:57.501] [cout] [info]   /forceset/add_long_r/activation. bounds: [0.01, 1]
[2023-11-13 17:45:57.501] [cout] [info]   /forceset/add_brev_r/activation. bounds: [0.01, 1]
[2023-11-13 17:45:57.501] [cout] [info]   /forceset/add_mag1_r/activation. bounds: [0.01, 1]
[2023-11-13 17:45:57.501] [cout] [info]   /forceset/add_mag2_r/activation. bounds: [0.01, 1]
[2023-11-13 17:45:57.501] [cout] [info]   /forceset/add_mag3_r/activation. bounds: [0.01, 1]
[2023-11-13 17:45:57.501] [cout] [info]   /forceset/tfl_r/activation. bounds: [0.01, 1]
[2023-11-13 17:45:57.501] [cout] [info]   /forceset/pect_r/activation. bounds: [0.01, 1]
[2023-11-13 17:45:57.501] [cout] [info]   /forceset/grac_r/activation. bounds: [0.01, 1]
[2023-11-13 17:45:57.501] [cout] [info]   /forceset/glut_max1_r/activation. bounds: [0.01, 1]
[2023-11-13 17:45:57.501] [cout] [info]   /forceset/glut_max2_r/activation. bounds: [0.01, 1]
[2023-11-13 17:45:57.501] [cout] [info]   /forceset/glut_max3_r/activation. bounds: [0.01, 1]
[2023-11-13 17:45:57.501] [cout] [info]   /forceset/iliacus_r/activation. bounds: [0.01, 1]
[2023-11-13 17:45:57.501] [cout] [info]   /forceset/psoas_r/activation. bounds: [0.01, 1]
[2023-11-13 17:45:57.501] [cout] [info]   /forceset/quad_fem_r/activation. bounds: [0.01, 1]
[2023-11-13 17:45:57.501] [cout] [info]   /forceset/gem_r/activation. bounds: [0.01, 1]
[2023-11-13 17:45:57.501] [cout] [info]   /forceset/peri_r/activation. bounds: [0.01, 1]
[2023-11-13 17:45:57.501] [cout] [info]   /forceset/rect_fem_r/activation. bounds: [0.01, 1]
[2023-11-13 17:45:57.501] [cout] [info]   /forceset/vas_med_r/activation. bounds: [0.01, 1]
[2023-11-13 17:45:57.501] [cout] [info]   /forceset/vas_int_r/activation. bounds: [0.01, 1]
[2023-11-13 17:45:57.501] [cout] [info]   /forceset/vas_lat_r/activation. bounds: [0.01, 1]
[2023-11-13 17:45:57.501] [cout] [info]   /forceset/med_gas_r/activation. bounds: [0.01, 1]
[2023-11-13 17:45:57.501] [cout] [info]   /forceset/lat_gas_r/activation. bounds: [0.01, 1]
[2023-11-13 17:45:57.501] [cout] [info]   /forceset/soleus_r/activation. bounds: [0.01, 1]
[2023-11-13 17:45:57.501] [cout] [info]   /forceset/tib_post_r/activation. bounds: [0.01, 1]
[2023-11-13 17:45:57.501] [cout] [info]   /forceset/flex_dig_r/activation. bounds: [0.01, 1]
[2023-11-13 17:45:57.501] [cout] [info]   /forceset/flex_hal_r/activation. bounds: [0.01, 1]
[2023-11-13 17:45:57.501] [cout] [info]   /forceset/tib_ant_r/activation. bounds: [0.01, 1]
[2023-11-13 17:45:57.501] [cout] [info]   /forceset/per_brev_r/activation. bounds: [0.01, 1]
[2023-11-13 17:45:57.501] [cout] [info]   /forceset/per_long_r/activation. bounds: [0.01, 1]
[2023-11-13 17:45:57.501] [cout] [info]   /forceset/per_tert_r/activation. bounds: [0.01, 1]
[2023-11-13 17:45:57.501] [cout] [info]   /forceset/ext_dig_r/activation. bounds: [0.01, 1]
[2023-11-13 17:45:57.501] [cout] [info]   /forceset/ext_hal_r/activation. bounds: [0.01, 1]
[2023-11-13 17:45:57.501] [cout] [info] Controls: (total: 76)
[2023-11-13 17:45:57.501] [cout] [info]   /forceset/glut_med1_r. bounds: [0.01, 1]
[2023-11-13 17:45:57.501] [cout] [info]   /forceset/glut_med2_r. bounds: [0.01, 1]
[2023-11-13 17:45:57.501] [cout] [info]   /forceset/glut_med3_r. bounds: [0.01, 1]
[2023-11-13 17:45:57.501] [cout] [info]   /forceset/glut_min1_r. bounds: [0.01, 1]
[2023-11-13 17:45:57.501] [cout] [info]   /forceset/glut_min2_r. bounds: [0.01, 1]
[2023-11-13 17:45:57.501] [cout] [info]   /forceset/glut_min3_r. bounds: [0.01, 1]
[2023-11-13 17:45:57.501] [cout] [info]   /forceset/mtp_angle_l_actuator. bounds: [-inf, inf]
[2023-11-13 17:45:57.501] [cout] [info]   /forceset/semimem_r. bounds: [0.01, 1]
[2023-11-13 17:45:57.501] [cout] [info]   /forceset/semiten_r. bounds: [0.01, 1]
[2023-11-13 17:45:57.501] [cout] [info]   /forceset/bifemlh_r. bounds: [0.01, 1]
[2023-11-13 17:45:57.501] [cout] [info]   /forceset/bifemsh_r. bounds: [0.01, 1]
[2023-11-13 17:45:57.501] [cout] [info]   /forceset/sar_r. bounds: [0.01, 1]
[2023-11-13 17:45:57.501] [cout] [info]   /forceset/add_long_r. bounds: [0.01, 1]
[2023-11-13 17:45:57.501] [cout] [info]   /forceset/add_brev_r. bounds: [0.01, 1]
[2023-11-13 17:45:57.501] [cout] [info]   /forceset/add_mag1_r. bounds: [0.01, 1]
[2023-11-13 17:45:57.501] [cout] [info]   /forceset/add_mag2_r. bounds: [0.01, 1]
[2023-11-13 17:45:57.501] [cout] [info]   /forceset/add_mag3_r. bounds: [0.01, 1]
[2023-11-13 17:45:57.501] [cout] [info]   /forceset/tfl_r. bounds: [0.01, 1]
[2023-11-13 17:45:57.501] [cout] [info]   /forceset/pect_r. bounds: [0.01, 1]
[2023-11-13 17:45:57.501] [cout] [info]   /forceset/grac_r. bounds: [0.01, 1]
[2023-11-13 17:45:57.501] [cout] [info]   /forceset/hip_flexion_r_reserve. bounds: [-inf, inf]
[2023-11-13 17:45:57.501] [cout] [info]   /forceset/glut_max1_r. bounds: [0.01, 1]
[2023-11-13 17:45:57.501] [cout] [info]   /forceset/glut_max2_r. bounds: [0.01, 1]
[2023-11-13 17:45:57.501] [cout] [info]   /forceset/glut_max3_r. bounds: [0.01, 1]
[2023-11-13 17:45:57.501] [cout] [info]   /forceset/iliacus_r. bounds: [0.01, 1]
[2023-11-13 17:45:57.501] [cout] [info]   /forceset/psoas_r. bounds: [0.01, 1]
[2023-11-13 17:45:57.501] [cout] [info]   /forceset/quad_fem_r. bounds: [0.01, 1]
[2023-11-13 17:45:57.501] [cout] [info]   /forceset/gem_r. bounds: [0.01, 1]
[2023-11-13 17:45:57.501] [cout] [info]   /forceset/peri_r. bounds: [0.01, 1]
[2023-11-13 17:45:57.501] [cout] [info]   /forceset/rect_fem_r. bounds: [0.01, 1]
[2023-11-13 17:45:57.501] [cout] [info]   /forceset/vas_med_r. bounds: [0.01, 1]
[2023-11-13 17:45:57.501] [cout] [info]   /forceset/vas_int_r. bounds: [0.01, 1]
[2023-11-13 17:45:57.502] [cout] [info]   /forceset/vas_lat_r. bounds: [0.01, 1]
[2023-11-13 17:45:57.502] [cout] [info]   /forceset/med_gas_r. bounds: [0.01, 1]
[2023-11-13 17:45:57.502] [cout] [info]   /forceset/lat_gas_r. bounds: [0.01, 1]
[2023-11-13 17:45:57.502] [cout] [info]   /forceset/soleus_r. bounds: [0.01, 1]
[2023-11-13 17:45:57.502] [cout] [info]   /forceset/tib_post_r. bounds: [0.01, 1]
[2023-11-13 17:45:57.502] [cout] [info]   /forceset/flex_dig_r. bounds: [0.01, 1]
[2023-11-13 17:45:57.502] [cout] [info]   /forceset/flex_hal_r. bounds: [0.01, 1]
[2023-11-13 17:45:57.502] [cout] [info]   /forceset/tib_ant_r. bounds: [0.01, 1]
[2023-11-13 17:45:57.502] [cout] [info]   /forceset/per_brev_r. bounds: [0.01, 1]
[2023-11-13 17:45:57.502] [cout] [info]   /forceset/per_long_r. bounds: [0.01, 1]
[2023-11-13 17:45:57.502] [cout] [info]   /forceset/per_tert_r. bounds: [0.01, 1]
[2023-11-13 17:45:57.502] [cout] [info]   /forceset/ext_dig_r. bounds: [0.01, 1]
[2023-11-13 17:45:57.502] [cout] [info]   /forceset/ext_hal_r. bounds: [0.01, 1]
[2023-11-13 17:45:57.502] [cout] [info]   /forceset/lumbar_extension_actuator. bounds: [-inf, inf]
[2023-11-13 17:45:57.502] [cout] [info]   /forceset/lumbar_bending_actuator. bounds: [-inf, inf]
[2023-11-13 17:45:57.502] [cout] [info]   /forceset/lumbar_rotation_actuator. bounds: [-inf, inf]
[2023-11-13 17:45:57.502] [cout] [info]   /forceset/arm_flex_r_actuator. bounds: [-inf, inf]
[2023-11-13 17:45:57.502] [cout] [info]   /forceset/arm_add_r_actuator. bounds: [-inf, inf]
[2023-11-13 17:45:57.502] [cout] [info]   /forceset/arm_rot_r_actuator. bounds: [-inf, inf]
[2023-11-13 17:45:57.502] [cout] [info]   /forceset/elbow_flex_r_actuator. bounds: [-inf, inf]
[2023-11-13 17:45:57.502] [cout] [info]   /forceset/pro_sup_r_actuator. bounds: [-inf, inf]
[2023-11-13 17:45:57.502] [cout] [info]   /forceset/hip_rotation_l_actuator. bounds: [-inf, inf]
[2023-11-13 17:45:57.502] [cout] [info]   /forceset/arm_flex_l_actuator. bounds: [-inf, inf]
[2023-11-13 17:45:57.502] [cout] [info]   /forceset/arm_add_l_actuator. bounds: [-inf, inf]
[2023-11-13 17:45:57.502] [cout] [info]   /forceset/arm_rot_l_actuator. bounds: [-inf, inf]
[2023-11-13 17:45:57.502] [cout] [info]   /forceset/elbow_flex_l_actuator. bounds: [-inf, inf]
[2023-11-13 17:45:57.502] [cout] [info]   /forceset/pro_sup_l_actuator. bounds: [-inf, inf]
[2023-11-13 17:45:57.502] [cout] [info]   /forceset/hip_flexion_l_actuator. bounds: [-inf, inf]
[2023-11-13 17:45:57.502] [cout] [info]   /forceset/hip_adduction_l_actuator. bounds: [-inf, inf]
[2023-11-13 17:45:57.502] [cout] [info]   /forceset/knee_angle_l_actuator. bounds: [-inf, inf]
[2023-11-13 17:45:57.502] [cout] [info]   /forceset/ankle_angle_l_actuator. bounds: [-inf, inf]
[2023-11-13 17:45:57.502] [cout] [info]   /forceset/subtalar_angle_l_actuator. bounds: [-inf, inf]
[2023-11-13 17:45:57.502] [cout] [info]   /forceset/hip_adduction_r_reserve. bounds: [-inf, inf]
[2023-11-13 17:45:57.502] [cout] [info]   /forceset/hip_rotation_r_reserve. bounds: [-inf, inf]
[2023-11-13 17:45:57.502] [cout] [info]   /forceset/knee_angle_r_reserve. bounds: [-inf, inf]
[2023-11-13 17:45:57.502] [cout] [info]   /forceset/ankle_angle_r_reserve. bounds: [-inf, inf]
[2023-11-13 17:45:57.502] [cout] [info]   /forceset/subtalar_angle_r_reserve. bounds: [-inf, inf]
[2023-11-13 17:45:57.502] [cout] [info]   /forceset/mtp_angle_r_reserve. bounds: [-inf, inf]
[2023-11-13 17:45:57.502] [cout] [info]   /forceset/pelvis_tx_residual. bounds: [-inf, inf]
[2023-11-13 17:45:57.502] [cout] [info]   /forceset/pelvis_ty_residual. bounds: [-inf, inf]
[2023-11-13 17:45:57.502] [cout] [info]   /forceset/pelvis_tz_residual. bounds: [-inf, inf]
[2023-11-13 17:45:57.502] [cout] [info]   /forceset/pelvis_tilt_residual. bounds: [-inf, inf]
[2023-11-13 17:45:57.502] [cout] [info]   /forceset/pelvis_list_residual. bounds: [-inf, inf]
[2023-11-13 17:45:57.502] [cout] [info]   /forceset/pelvis_rotation_residual. bounds: [-inf, inf]
[2023-11-13 17:45:57.502] [cout] [info] Parameters: none
[2023-11-13 17:45:58.947] [info] Number of threads: 8
[2023-11-13 17:51:29.884] [info] Set log level to Info.
[2023-11-13 17:51:29.905] [info] ------------------------------------------------------------------------
[2023-11-13 17:51:29.905] [info] Elapsed real time: 332 second(s) (5 minute(s), 32 second(s)).
[2023-11-13 17:51:29.905] [info] Mon Nov 13 17:51:29 2023
[2023-11-13 17:51:29.905] [warning] MocoCasADiSolver did NOT succeed:
[2023-11-13 17:51:29.905] [warning]   User_Requested_Stop
[2023-11-13 17:51:29.905] [info] ========================================================================
[2023-11-13 17:53:59.008] [info] Loaded model JA1_SCALED from file ..\model\JA1_SCALED_Osim4_Muscles.osim
[2023-11-13 17:54:37.208] [info] ========================================================================
[2023-11-13 17:54:37.208] [info] MocoCasADiSolver starting.
[2023-11-13 17:54:37.208] [info] Mon Nov 13 17:54:37 2023
[2023-11-13 17:54:37.208] [info] ------------------------------------------------------------------------
[2023-11-13 17:54:37.208] [cout] [info] Costs: (total: 5)
[2023-11-13 17:54:37.208] [cout] [info]   state_tracking. MocoStateTrackingGoal, enabled: true, mode: cost, weight: 1.0
[2023-11-13 17:54:37.208] [cout] [info]         state: /jointset/ground_pelvis/pelvis_tilt/value, weight: 10.0
[2023-11-13 17:54:37.208] [cout] [info]         state: /jointset/ground_pelvis/pelvis_list/value, weight: 10.0
[2023-11-13 17:54:37.208] [cout] [info]         state: /jointset/ground_pelvis/pelvis_rotation/value, weight: 10.0
[2023-11-13 17:54:37.210] [cout] [info]         state: /jointset/ground_pelvis/pelvis_tx/value, weight: 5.0
[2023-11-13 17:54:37.210] [cout] [info]         state: /jointset/ground_pelvis/pelvis_ty/value, weight: 0.1
[2023-11-13 17:54:37.210] [cout] [info]         state: /jointset/ground_pelvis/pelvis_tz/value, weight: 2.5
[2023-11-13 17:54:37.210] [cout] [info]         state: /jointset/hip_r/hip_flexion_r/value, weight: 10.0
[2023-11-13 17:54:37.210] [cout] [info]         state: /jointset/hip_r/hip_adduction_r/value, weight: 5.0
[2023-11-13 17:54:37.210] [cout] [info]         state: /jointset/hip_r/hip_rotation_r/value, weight: 2.5
[2023-11-13 17:54:37.210] [cout] [info]         state: /jointset/hip_l/hip_flexion_l/value, weight: 10.0
[2023-11-13 17:54:37.210] [cout] [info]         state: /jointset/hip_l/hip_adduction_l/value, weight: 5.0
[2023-11-13 17:54:37.210] [cout] [info]         state: /jointset/hip_l/hip_rotation_l/value, weight: 2.5
[2023-11-13 17:54:37.210] [cout] [info]         state: /jointset/back/lumbar_extension/value, weight: 15.0
[2023-11-13 17:54:37.210] [cout] [info]         state: /jointset/back/lumbar_bending/value, weight: 10.0
[2023-11-13 17:54:37.210] [cout] [info]         state: /jointset/back/lumbar_rotation/value, weight: 5.0
[2023-11-13 17:54:37.210] [cout] [info]         state: /jointset/knee_r/knee_angle_r/value, weight: 10.0
[2023-11-13 17:54:37.210] [cout] [info]         state: /jointset/knee_l/knee_angle_l/value, weight: 10.0
[2023-11-13 17:54:37.210] [cout] [info]         state: /jointset/acromial_r/arm_flex_r/value, weight: 2.5
[2023-11-13 17:54:37.210] [cout] [info]         state: /jointset/acromial_r/arm_add_r/value, weight: 1.0
[2023-11-13 17:54:37.210] [cout] [info]         state: /jointset/acromial_r/arm_rot_r/value, weight: 1.0
[2023-11-13 17:54:37.210] [cout] [info]         state: /jointset/acromial_l/arm_flex_l/value, weight: 2.5
[2023-11-13 17:54:37.210] [cout] [info]         state: /jointset/acromial_l/arm_add_l/value, weight: 1.0
[2023-11-13 17:54:37.210] [cout] [info]         state: /jointset/acromial_l/arm_rot_l/value, weight: 1.0
[2023-11-13 17:54:37.210] [cout] [info]         state: /jointset/ankle_r/ankle_angle_r/value, weight: 2.5
[2023-11-13 17:54:37.210] [cout] [info]         state: /jointset/ankle_l/ankle_angle_l/value, weight: 2.5
[2023-11-13 17:54:37.210] [cout] [info]         state: /jointset/elbow_r/elbow_flex_r/value, weight: 5.0
[2023-11-13 17:54:37.210] [cout] [info]         state: /jointset/elbow_l/elbow_flex_l/value, weight: 5.0
[2023-11-13 17:54:37.210] [cout] [info]         state: /jointset/subtalar_r/subtalar_angle_r/value, weight: 1.0
[2023-11-13 17:54:37.210] [cout] [info]         state: /jointset/subtalar_l/subtalar_angle_l/value, weight: 1.0
[2023-11-13 17:54:37.210] [cout] [info]         state: /jointset/radioulnar_r/pro_sup_r/value, weight: 1.0
[2023-11-13 17:54:37.210] [cout] [info]         state: /jointset/radioulnar_l/pro_sup_l/value, weight: 1.0
[2023-11-13 17:54:37.210] [cout] [info]         state: /jointset/mtp_r/mtp_angle_r/value, weight: 0.5
[2023-11-13 17:54:37.210] [cout] [info]         state: /jointset/mtp_l/mtp_angle_l/value, weight: 0.5
[2023-11-13 17:54:37.210] [cout] [info]         state: /jointset/ground_pelvis/pelvis_tilt/speed, weight: 0.01
[2023-11-13 17:54:37.210] [cout] [info]         state: /jointset/ground_pelvis/pelvis_list/speed, weight: 0.01
[2023-11-13 17:54:37.210] [cout] [info]         state: /jointset/ground_pelvis/pelvis_rotation/speed, weight: 0.01
[2023-11-13 17:54:37.210] [cout] [info]         state: /jointset/ground_pelvis/pelvis_tx/speed, weight: 0.00500000
[2023-11-13 17:54:37.210] [cout] [info]         state: /jointset/ground_pelvis/pelvis_ty/speed, weight: 0.000100000
[2023-11-13 17:54:37.210] [cout] [info]         state: /jointset/ground_pelvis/pelvis_tz/speed, weight: 0.00250000
[2023-11-13 17:54:37.210] [cout] [info]         state: /jointset/hip_r/hip_flexion_r/speed, weight: 0.01
[2023-11-13 17:54:37.210] [cout] [info]         state: /jointset/hip_r/hip_adduction_r/speed, weight: 0.00500000
[2023-11-13 17:54:37.210] [cout] [info]         state: /jointset/hip_r/hip_rotation_r/speed, weight: 0.00250000
[2023-11-13 17:54:37.210] [cout] [info]         state: /jointset/hip_l/hip_flexion_l/speed, weight: 0.01
[2023-11-13 17:54:37.210] [cout] [info]         state: /jointset/hip_l/hip_adduction_l/speed, weight: 0.00500000
[2023-11-13 17:54:37.210] [cout] [info]         state: /jointset/hip_l/hip_rotation_l/speed, weight: 0.00250000
[2023-11-13 17:54:37.210] [cout] [info]         state: /jointset/back/lumbar_extension/speed, weight: 0.015
[2023-11-13 17:54:37.210] [cout] [info]         state: /jointset/back/lumbar_bending/speed, weight: 0.01
[2023-11-13 17:54:37.210] [cout] [info]         state: /jointset/back/lumbar_rotation/speed, weight: 0.00500000
[2023-11-13 17:54:37.210] [cout] [info]         state: /jointset/knee_r/knee_angle_r/speed, weight: 0.01
[2023-11-13 17:54:37.210] [cout] [info]         state: /jointset/knee_l/knee_angle_l/speed, weight: 0.01
[2023-11-13 17:54:37.210] [cout] [info]         state: /jointset/acromial_r/arm_flex_r/speed, weight: 0.00250000
[2023-11-13 17:54:37.210] [cout] [info]         state: /jointset/acromial_r/arm_add_r/speed, weight: 0.00100000
[2023-11-13 17:54:37.210] [cout] [info]         state: /jointset/acromial_r/arm_rot_r/speed, weight: 0.00100000
[2023-11-13 17:54:37.210] [cout] [info]         state: /jointset/acromial_l/arm_flex_l/speed, weight: 0.00250000
[2023-11-13 17:54:37.210] [cout] [info]         state: /jointset/acromial_l/arm_add_l/speed, weight: 0.00100000
[2023-11-13 17:54:37.210] [cout] [info]         state: /jointset/acromial_l/arm_rot_l/speed, weight: 0.00100000
[2023-11-13 17:54:37.210] [cout] [info]         state: /jointset/ankle_r/ankle_angle_r/speed, weight: 0.00250000
[2023-11-13 17:54:37.210] [cout] [info]         state: /jointset/ankle_l/ankle_angle_l/speed, weight: 0.00250000
[2023-11-13 17:54:37.210] [cout] [info]         state: /jointset/elbow_r/elbow_flex_r/speed, weight: 0.00500000
[2023-11-13 17:54:37.210] [cout] [info]         state: /jointset/elbow_l/elbow_flex_l/speed, weight: 0.00500000
[2023-11-13 17:54:37.210] [cout] [info]         state: /jointset/subtalar_r/subtalar_angle_r/speed, weight: 0.00100000
[2023-11-13 17:54:37.210] [cout] [info]         state: /jointset/subtalar_l/subtalar_angle_l/speed, weight: 0.00100000
[2023-11-13 17:54:37.210] [cout] [info]         state: /jointset/radioulnar_r/pro_sup_r/speed, weight: 0.00100000
[2023-11-13 17:54:37.210] [cout] [info]         state: /jointset/radioulnar_l/pro_sup_l/speed, weight: 0.00100000
[2023-11-13 17:54:37.210] [cout] [info]         state: /jointset/mtp_r/mtp_angle_r/speed, weight: 0.000500000
[2023-11-13 17:54:37.210] [cout] [info]         state: /jointset/mtp_l/mtp_angle_l/speed, weight: 0.000500000
[2023-11-13 17:54:37.210] [cout] [info]   control_effort. MocoControlGoal, enabled: true, mode: cost, weight: 0.00100000
[2023-11-13 17:54:37.210] [cout] [info]         control: /forceset/glut_med1_r, weight: 1.0
[2023-11-13 17:54:37.210] [cout] [info]         control: /forceset/glut_med2_r, weight: 1.0
[2023-11-13 17:54:37.210] [cout] [info]         control: /forceset/glut_med3_r, weight: 1.0
[2023-11-13 17:54:37.210] [cout] [info]         control: /forceset/glut_min1_r, weight: 1.0
[2023-11-13 17:54:37.210] [cout] [info]         control: /forceset/glut_min2_r, weight: 1.0
[2023-11-13 17:54:37.210] [cout] [info]         control: /forceset/glut_min3_r, weight: 1.0
[2023-11-13 17:54:37.210] [cout] [info]         control: /forceset/semimem_r, weight: 1.0
[2023-11-13 17:54:37.210] [cout] [info]         control: /forceset/semiten_r, weight: 1.0
[2023-11-13 17:54:37.210] [cout] [info]         control: /forceset/bifemlh_r, weight: 1.0
[2023-11-13 17:54:37.210] [cout] [info]         control: /forceset/bifemsh_r, weight: 1.0
[2023-11-13 17:54:37.210] [cout] [info]         control: /forceset/sar_r, weight: 1.0
[2023-11-13 17:54:37.210] [cout] [info]         control: /forceset/add_long_r, weight: 1.0
[2023-11-13 17:54:37.210] [cout] [info]         control: /forceset/add_brev_r, weight: 1.0
[2023-11-13 17:54:37.210] [cout] [info]         control: /forceset/add_mag1_r, weight: 1.0
[2023-11-13 17:54:37.210] [cout] [info]         control: /forceset/add_mag2_r, weight: 1.0
[2023-11-13 17:54:37.210] [cout] [info]         control: /forceset/add_mag3_r, weight: 1.0
[2023-11-13 17:54:37.210] [cout] [info]         control: /forceset/tfl_r, weight: 1.0
[2023-11-13 17:54:37.210] [cout] [info]         control: /forceset/pect_r, weight: 1.0
[2023-11-13 17:54:37.210] [cout] [info]         control: /forceset/grac_r, weight: 1.0
[2023-11-13 17:54:37.210] [cout] [info]         control: /forceset/glut_max1_r, weight: 1.0
[2023-11-13 17:54:37.210] [cout] [info]         control: /forceset/glut_max2_r, weight: 1.0
[2023-11-13 17:54:37.210] [cout] [info]         control: /forceset/glut_max3_r, weight: 1.0
[2023-11-13 17:54:37.210] [cout] [info]         control: /forceset/iliacus_r, weight: 1.0
[2023-11-13 17:54:37.210] [cout] [info]         control: /forceset/psoas_r, weight: 1.0
[2023-11-13 17:54:37.210] [cout] [info]         control: /forceset/quad_fem_r, weight: 1.0
[2023-11-13 17:54:37.210] [cout] [info]         control: /forceset/gem_r, weight: 1.0
[2023-11-13 17:54:37.210] [cout] [info]         control: /forceset/peri_r, weight: 1.0
[2023-11-13 17:54:37.210] [cout] [info]         control: /forceset/rect_fem_r, weight: 1.0
[2023-11-13 17:54:37.210] [cout] [info]         control: /forceset/vas_med_r, weight: 1.0
[2023-11-13 17:54:37.210] [cout] [info]         control: /forceset/vas_int_r, weight: 1.0
[2023-11-13 17:54:37.210] [cout] [info]         control: /forceset/vas_lat_r, weight: 1.0
[2023-11-13 17:54:37.210] [cout] [info]         control: /forceset/med_gas_r, weight: 1.0
[2023-11-13 17:54:37.210] [cout] [info]         control: /forceset/lat_gas_r, weight: 1.0
[2023-11-13 17:54:37.210] [cout] [info]         control: /forceset/soleus_r, weight: 1.0
[2023-11-13 17:54:37.210] [cout] [info]         control: /forceset/tib_post_r, weight: 1.0
[2023-11-13 17:54:37.210] [cout] [info]         control: /forceset/flex_dig_r, weight: 1.0
[2023-11-13 17:54:37.210] [cout] [info]         control: /forceset/flex_hal_r, weight: 1.0
[2023-11-13 17:54:37.210] [cout] [info]         control: /forceset/tib_ant_r, weight: 1.0
[2023-11-13 17:54:37.210] [cout] [info]         control: /forceset/per_brev_r, weight: 1.0
[2023-11-13 17:54:37.210] [cout] [info]         control: /forceset/per_long_r, weight: 1.0
[2023-11-13 17:54:37.210] [cout] [info]         control: /forceset/per_tert_r, weight: 1.0
[2023-11-13 17:54:37.210] [cout] [info]         control: /forceset/ext_dig_r, weight: 1.0
[2023-11-13 17:54:37.210] [cout] [info]         control: /forceset/ext_hal_r, weight: 1.0
[2023-11-13 17:54:37.211] [cout] [info]         control: /forceset/lumbar_extension_actuator, weight: 0.1
[2023-11-13 17:54:37.211] [cout] [info]         control: /forceset/lumbar_bending_actuator, weight: 0.1
[2023-11-13 17:54:37.211] [cout] [info]         control: /forceset/lumbar_rotation_actuator, weight: 0.1
[2023-11-13 17:54:37.211] [cout] [info]         control: /forceset/arm_flex_r_actuator, weight: 0.1
[2023-11-13 17:54:37.211] [cout] [info]         control: /forceset/arm_add_r_actuator, weight: 0.1
[2023-11-13 17:54:37.211] [cout] [info]         control: /forceset/arm_rot_r_actuator, weight: 0.1
[2023-11-13 17:54:37.211] [cout] [info]         control: /forceset/elbow_flex_r_actuator, weight: 0.1
[2023-11-13 17:54:37.211] [cout] [info]         control: /forceset/pro_sup_r_actuator, weight: 0.1
[2023-11-13 17:54:37.211] [cout] [info]         control: /forceset/arm_flex_l_actuator, weight: 0.1
[2023-11-13 17:54:37.211] [cout] [info]         control: /forceset/arm_add_l_actuator, weight: 0.1
[2023-11-13 17:54:37.211] [cout] [info]         control: /forceset/arm_rot_l_actuator, weight: 0.1
[2023-11-13 17:54:37.211] [cout] [info]         control: /forceset/elbow_flex_l_actuator, weight: 0.1
[2023-11-13 17:54:37.211] [cout] [info]         control: /forceset/pro_sup_l_actuator, weight: 0.1
[2023-11-13 17:54:37.211] [cout] [info]         control: /forceset/hip_flexion_l_actuator, weight: 0.1
[2023-11-13 17:54:37.211] [cout] [info]         control: /forceset/hip_adduction_l_actuator, weight: 0.1
[2023-11-13 17:54:37.211] [cout] [info]         control: /forceset/hip_rotation_l_actuator, weight: 0.1
[2023-11-13 17:54:37.211] [cout] [info]         control: /forceset/knee_angle_l_actuator, weight: 0.1
[2023-11-13 17:54:37.211] [cout] [info]         control: /forceset/ankle_angle_l_actuator, weight: 0.1
[2023-11-13 17:54:37.211] [cout] [info]         control: /forceset/subtalar_angle_l_actuator, weight: 0.1
[2023-11-13 17:54:37.211] [cout] [info]         control: /forceset/mtp_angle_l_actuator, weight: 0.1
[2023-11-13 17:54:37.211] [cout] [info]         control: /forceset/hip_flexion_r_reserve, weight: 10.0
[2023-11-13 17:54:37.211] [cout] [info]         control: /forceset/hip_adduction_r_reserve, weight: 10.0
[2023-11-13 17:54:37.211] [cout] [info]         control: /forceset/hip_rotation_r_reserve, weight: 10.0
[2023-11-13 17:54:37.211] [cout] [info]         control: /forceset/knee_angle_r_reserve, weight: 10.0
[2023-11-13 17:54:37.211] [cout] [info]         control: /forceset/ankle_angle_r_reserve, weight: 10.0
[2023-11-13 17:54:37.211] [cout] [info]         control: /forceset/subtalar_angle_r_reserve, weight: 10.0
[2023-11-13 17:54:37.211] [cout] [info]         control: /forceset/mtp_angle_r_reserve, weight: 10.0
[2023-11-13 17:54:37.211] [cout] [info]         control: /forceset/pelvis_tx_residual, weight: 10.0
[2023-11-13 17:54:37.211] [cout] [info]         control: /forceset/pelvis_ty_residual, weight: 10.0
[2023-11-13 17:54:37.211] [cout] [info]         control: /forceset/pelvis_tz_residual, weight: 10.0
[2023-11-13 17:54:37.211] [cout] [info]         control: /forceset/pelvis_tilt_residual, weight: 10.0
[2023-11-13 17:54:37.211] [cout] [info]         control: /forceset/pelvis_list_residual, weight: 10.0
[2023-11-13 17:54:37.211] [cout] [info]         control: /forceset/pelvis_rotation_residual, weight: 10.0
[2023-11-13 17:54:37.211] [cout] [info]   contact0. MocoContactTrackingGoal, enabled: true, mode: cost, weight: 0.1
[2023-11-13 17:54:37.211] [cout] [info]         projection type: vector
[2023-11-13 17:54:37.211] [cout] [info]         projection vector: ~[1,0,0]
[2023-11-13 17:54:37.211] [cout] [info]         group 0: ExternalForce: LeftGRF1
[2023-11-13 17:54:37.211] [cout] [info]             forces:
[2023-11-13 17:54:37.211] [cout] [info]                 /forceset/contactForce_s1_l
[2023-11-13 17:54:37.211] [cout] [info]                 /forceset/contactForce_s2_l
[2023-11-13 17:54:37.211] [cout] [info]                 /forceset/contactForce_s3_l
[2023-11-13 17:54:37.211] [cout] [info]                 /forceset/contactForce_s5_l
[2023-11-13 17:54:37.211] [cout] [info]         group 1: ExternalForce: RightGRF1
[2023-11-13 17:54:37.211] [cout] [info]             forces:
[2023-11-13 17:54:37.211] [cout] [info]                 /forceset/contactForce_s1_r
[2023-11-13 17:54:37.211] [cout] [info]                 /forceset/contactForce_s2_r
[2023-11-13 17:54:37.211] [cout] [info]                 /forceset/contactForce_s3_r
[2023-11-13 17:54:37.211] [cout] [info]                 /forceset/contactForce_s5_r
[2023-11-13 17:54:37.211] [cout] [info]   contact1. MocoContactTrackingGoal, enabled: true, mode: cost, weight: 0.1
[2023-11-13 17:54:37.211] [cout] [info]         projection type: vector
[2023-11-13 17:54:37.211] [cout] [info]         projection vector: ~[0,1,0]
[2023-11-13 17:54:37.211] [cout] [info]         group 0: ExternalForce: LeftGRF1
[2023-11-13 17:54:37.211] [cout] [info]             forces:
[2023-11-13 17:54:37.211] [cout] [info]                 /forceset/contactForce_s1_l
[2023-11-13 17:54:37.211] [cout] [info]                 /forceset/contactForce_s2_l
[2023-11-13 17:54:37.211] [cout] [info]                 /forceset/contactForce_s3_l
[2023-11-13 17:54:37.211] [cout] [info]                 /forceset/contactForce_s5_l
[2023-11-13 17:54:37.211] [cout] [info]         group 1: ExternalForce: RightGRF1
[2023-11-13 17:54:37.211] [cout] [info]             forces:
[2023-11-13 17:54:37.211] [cout] [info]                 /forceset/contactForce_s1_r
[2023-11-13 17:54:37.211] [cout] [info]                 /forceset/contactForce_s2_r
[2023-11-13 17:54:37.211] [cout] [info]                 /forceset/contactForce_s3_r
[2023-11-13 17:54:37.211] [cout] [info]                 /forceset/contactForce_s5_r
[2023-11-13 17:54:37.211] [cout] [info]   contact2. MocoContactTrackingGoal, enabled: true, mode: cost, weight: 0.1
[2023-11-13 17:54:37.211] [cout] [info]         projection type: vector
[2023-11-13 17:54:37.211] [cout] [info]         projection vector: ~[0,0,1]
[2023-11-13 17:54:37.211] [cout] [info]         group 0: ExternalForce: LeftGRF1
[2023-11-13 17:54:37.211] [cout] [info]             forces:
[2023-11-13 17:54:37.211] [cout] [info]                 /forceset/contactForce_s1_l
[2023-11-13 17:54:37.211] [cout] [info]                 /forceset/contactForce_s2_l
[2023-11-13 17:54:37.211] [cout] [info]                 /forceset/contactForce_s3_l
[2023-11-13 17:54:37.211] [cout] [info]                 /forceset/contactForce_s5_l
[2023-11-13 17:54:37.211] [cout] [info]         group 1: ExternalForce: RightGRF1
[2023-11-13 17:54:37.211] [cout] [info]             forces:
[2023-11-13 17:54:37.211] [cout] [info]                 /forceset/contactForce_s1_r
[2023-11-13 17:54:37.211] [cout] [info]                 /forceset/contactForce_s2_r
[2023-11-13 17:54:37.211] [cout] [info]                 /forceset/contactForce_s3_r
[2023-11-13 17:54:37.211] [cout] [info]                 /forceset/contactForce_s5_r
[2023-11-13 17:54:37.211] [cout] [info] Endpoint constraints: none
[2023-11-13 17:54:37.211] [cout] [info] Kinematic constraints: none
[2023-11-13 17:54:37.211] [cout] [info] Path constraints: (total: 10)
[2023-11-13 17:54:37.211] [cout] [info]   . MocoConstraintInfo. number of scalar equations: 1. bounds: [0, 1]
[2023-11-13 17:54:37.211] [cout] [info]         output: /markerset/r_fp_heel1|location, type: SimTK::Vec3, index: 1, exponent: 1
[2023-11-13 17:54:37.211] [cout] [info]   . MocoConstraintInfo. number of scalar equations: 1. bounds: [0, 1]
[2023-11-13 17:54:37.211] [cout] [info]         output: /markerset/r_fp_heel2|location, type: SimTK::Vec3, index: 1, exponent: 1
[2023-11-13 17:54:37.211] [cout] [info]   . MocoConstraintInfo. number of scalar equations: 1. bounds: [0, 1]
[2023-11-13 17:54:37.211] [cout] [info]         output: /markerset/r_fp_mt1|location, type: SimTK::Vec3, index: 1, exponent: 1
[2023-11-13 17:54:37.211] [cout] [info]   . MocoConstraintInfo. number of scalar equations: 1. bounds: [0, 1]
[2023-11-13 17:54:37.211] [cout] [info]         output: /markerset/r_fp_mt2|location, type: SimTK::Vec3, index: 1, exponent: 1
[2023-11-13 17:54:37.211] [cout] [info]   . MocoConstraintInfo. number of scalar equations: 1. bounds: [0, 1]
[2023-11-13 17:54:37.211] [cout] [info]         output: /markerset/r_fp_toe|location, type: SimTK::Vec3, index: 1, exponent: 1
[2023-11-13 17:54:37.211] [cout] [info]   . MocoConstraintInfo. number of scalar equations: 1. bounds: [0, 1]
[2023-11-13 17:54:37.211] [cout] [info]         output: /markerset/l_fp_heel1|location, type: SimTK::Vec3, index: 1, exponent: 1
[2023-11-13 17:54:37.211] [cout] [info]   . MocoConstraintInfo. number of scalar equations: 1. bounds: [0, 1]
[2023-11-13 17:54:37.211] [cout] [info]         output: /markerset/l_fp_heel2|location, type: SimTK::Vec3, index: 1, exponent: 1
[2023-11-13 17:54:37.211] [cout] [info]   . MocoConstraintInfo. number of scalar equations: 1. bounds: [0, 1]
[2023-11-13 17:54:37.211] [cout] [info]         output: /markerset/l_fp_mt1|location, type: SimTK::Vec3, index: 1, exponent: 1
[2023-11-13 17:54:37.211] [cout] [info]   . MocoConstraintInfo. number of scalar equations: 1. bounds: [0, 1]
[2023-11-13 17:54:37.211] [cout] [info]         output: /markerset/l_fp_mt2|location, type: SimTK::Vec3, index: 1, exponent: 1
[2023-11-13 17:54:37.211] [cout] [info]   . MocoConstraintInfo. number of scalar equations: 1. bounds: [0, 1]
[2023-11-13 17:54:37.211] [cout] [info]         output: /markerset/l_fp_toe|location, type: SimTK::Vec3, index: 1, exponent: 1
[2023-11-13 17:54:37.211] [cout] [info] States: (total: 109)
[2023-11-13 17:54:37.211] [cout] [info]   /jointset/ground_pelvis/pelvis_tilt/value. bounds: [-1.5708, 1.5708]
[2023-11-13 17:54:37.211] [cout] [info]   /jointset/ground_pelvis/pelvis_list/value. bounds: [-1.5708, 1.5708]
[2023-11-13 17:54:37.211] [cout] [info]   /jointset/radioulnar_r/pro_sup_r/value. bounds: [0, 3.1416]
[2023-11-13 17:54:37.211] [cout] [info]   /jointset/ground_pelvis/pelvis_rotation/value. bounds: [-1.5708, 1.5708]
[2023-11-13 17:54:37.211] [cout] [info]   /jointset/ground_pelvis/pelvis_tx/value. bounds: [-20, 20]
[2023-11-13 17:54:37.211] [cout] [info]   /jointset/elbow_r/elbow_flex_r/value. bounds: [-0.17453, 2.618]
[2023-11-13 17:54:37.211] [cout] [info]   /jointset/ground_pelvis/pelvis_ty/value. bounds: [-2, 4]
[2023-11-13 17:54:37.211] [cout] [info]   /jointset/ground_pelvis/pelvis_tz/value. bounds: [-5, 5]
[2023-11-13 17:54:37.211] [cout] [info]   /jointset/hip_r/hip_adduction_r/speed. bounds: [-50, 50]
[2023-11-13 17:54:37.211] [cout] [info]   /jointset/ankle_r/ankle_angle_r/value. bounds: [-1.0472, 0.69813]
[2023-11-13 17:54:37.211] [cout] [info]   /jointset/hip_r/hip_flexion_r/value. bounds: [-0.69813, 1.7453]
[2023-11-13 17:54:37.211] [cout] [info]   /jointset/hip_r/hip_adduction_r/value. bounds: [-0.5236, 0.5236]
[2023-11-13 17:54:37.211] [cout] [info]   /jointset/back/lumbar_rotation/speed. bounds: [-50, 50]
[2023-11-13 17:54:37.211] [cout] [info]   /jointset/hip_r/hip_rotation_r/value. bounds: [-0.5236, 0.5236]
[2023-11-13 17:54:37.211] [cout] [info]   /jointset/mtp_l/mtp_angle_l/speed. bounds: [-50, 50]
[2023-11-13 17:54:37.212] [cout] [info]   /jointset/knee_r/knee_angle_r/value. bounds: [-2.7925, 0.17453]
[2023-11-13 17:54:37.212] [cout] [info]   /jointset/hip_l/hip_flexion_l/value. bounds: [-0.69813, 1.7453]
[2023-11-13 17:54:37.212] [cout] [info]   /jointset/subtalar_r/subtalar_angle_r/value. bounds: [-0.87266, 0.87266]
[2023-11-13 17:54:37.212] [cout] [info]   /jointset/mtp_r/mtp_angle_r/value. bounds: [-1.0472, 1.0472]
[2023-11-13 17:54:37.212] [cout] [info]   /jointset/hip_l/hip_adduction_l/value. bounds: [-0.5236, 0.5236]
[2023-11-13 17:54:37.212] [cout] [info]   /jointset/hip_l/hip_rotation_l/value. bounds: [-0.5236, 0.5236]
[2023-11-13 17:54:37.212] [cout] [info]   /forceset/glut_min1_r/activation. bounds: [0.01, 1]
[2023-11-13 17:54:37.212] [cout] [info]   /jointset/knee_l/knee_angle_l/value. bounds: [-2.7925, 0.17453]
[2023-11-13 17:54:37.212] [cout] [info]   /jointset/knee_r/knee_angle_r/speed. bounds: [-50, 50]
[2023-11-13 17:54:37.212] [cout] [info]   /jointset/ankle_l/ankle_angle_l/value. bounds: [-1.0472, 0.69813]
[2023-11-13 17:54:37.212] [cout] [info]   /jointset/subtalar_l/subtalar_angle_l/value. bounds: [-0.87266, 0.87266]
[2023-11-13 17:54:37.212] [cout] [info]   /jointset/mtp_l/mtp_angle_l/value. bounds: [-1.0472, 1.0472]
[2023-11-13 17:54:37.212] [cout] [info]   /forceset/bifemsh_r/activation. bounds: [0.01, 1]
[2023-11-13 17:54:37.212] [cout] [info]   /jointset/back/lumbar_extension/value. bounds: [-0.7854, 0.17453]
[2023-11-13 17:54:37.212] [cout] [info]   /jointset/back/lumbar_bending/value. bounds: [-0.34907, 0.34907]
[2023-11-13 17:54:37.212] [cout] [info]   /jointset/back/lumbar_rotation/value. bounds: [-0.5236, 0.5236]
[2023-11-13 17:54:37.212] [cout] [info]   /jointset/acromial_r/arm_flex_r/value. bounds: [-1.5708, 1.5708]
[2023-11-13 17:54:37.212] [cout] [info]   /jointset/acromial_r/arm_add_r/value. bounds: [-2.0944, 1.5708]
[2023-11-13 17:54:37.212] [cout] [info]   /jointset/acromial_r/arm_rot_r/value. bounds: [-1.5708, 1.5708]
[2023-11-13 17:54:37.212] [cout] [info]   /jointset/acromial_l/arm_flex_l/value. bounds: [-1.5708, 1.5708]
[2023-11-13 17:54:37.212] [cout] [info]   /jointset/acromial_l/arm_add_l/value. bounds: [-2.0944, 1.5708]
[2023-11-13 17:54:37.212] [cout] [info]   /jointset/acromial_l/arm_rot_l/value. bounds: [-1.5708, 1.5708]
[2023-11-13 17:54:37.212] [cout] [info]   /jointset/elbow_l/elbow_flex_l/value. bounds: [-0.17453, 2.618]
[2023-11-13 17:54:37.212] [cout] [info]   /jointset/radioulnar_l/pro_sup_l/value. bounds: [0, 3.1416]
[2023-11-13 17:54:37.212] [cout] [info]   /jointset/ground_pelvis/pelvis_tilt/speed. bounds: [-50, 50]
[2023-11-13 17:54:37.212] [cout] [info]   /jointset/ground_pelvis/pelvis_list/speed. bounds: [-50, 50]
[2023-11-13 17:54:37.212] [cout] [info]   /jointset/radioulnar_r/pro_sup_r/speed. bounds: [-50, 50]
[2023-11-13 17:54:37.212] [cout] [info]   /jointset/ground_pelvis/pelvis_rotation/speed. bounds: [-50, 50]
[2023-11-13 17:54:37.212] [cout] [info]   /jointset/ground_pelvis/pelvis_tx/speed. bounds: [-50, 50]
[2023-11-13 17:54:37.212] [cout] [info]   /jointset/elbow_r/elbow_flex_r/speed. bounds: [-50, 50]
[2023-11-13 17:54:37.212] [cout] [info]   /jointset/ground_pelvis/pelvis_ty/speed. bounds: [-50, 50]
[2023-11-13 17:54:37.212] [cout] [info]   /jointset/ground_pelvis/pelvis_tz/speed. bounds: [-50, 50]
[2023-11-13 17:54:37.212] [cout] [info]   /jointset/ankle_r/ankle_angle_r/speed. bounds: [-50, 50]
[2023-11-13 17:54:37.212] [cout] [info]   /jointset/hip_r/hip_flexion_r/speed. bounds: [-50, 50]
[2023-11-13 17:54:37.212] [cout] [info]   /jointset/hip_r/hip_rotation_r/speed. bounds: [-50, 50]
[2023-11-13 17:54:37.212] [cout] [info]   /jointset/hip_l/hip_flexion_l/speed. bounds: [-50, 50]
[2023-11-13 17:54:37.212] [cout] [info]   /jointset/subtalar_r/subtalar_angle_r/speed. bounds: [-50, 50]
[2023-11-13 17:54:37.212] [cout] [info]   /jointset/mtp_r/mtp_angle_r/speed. bounds: [-50, 50]
[2023-11-13 17:54:37.212] [cout] [info]   /jointset/hip_l/hip_adduction_l/speed. bounds: [-50, 50]
[2023-11-13 17:54:37.212] [cout] [info]   /jointset/hip_l/hip_rotation_l/speed. bounds: [-50, 50]
[2023-11-13 17:54:37.212] [cout] [info]   /jointset/knee_l/knee_angle_l/speed. bounds: [-50, 50]
[2023-11-13 17:54:37.212] [cout] [info]   /jointset/ankle_l/ankle_angle_l/speed. bounds: [-50, 50]
[2023-11-13 17:54:37.212] [cout] [info]   /jointset/subtalar_l/subtalar_angle_l/speed. bounds: [-50, 50]
[2023-11-13 17:54:37.212] [cout] [info]   /jointset/back/lumbar_extension/speed. bounds: [-50, 50]
[2023-11-13 17:54:37.212] [cout] [info]   /jointset/back/lumbar_bending/speed. bounds: [-50, 50]
[2023-11-13 17:54:37.212] [cout] [info]   /jointset/acromial_r/arm_flex_r/speed. bounds: [-50, 50]
[2023-11-13 17:54:37.212] [cout] [info]   /jointset/acromial_r/arm_add_r/speed. bounds: [-50, 50]
[2023-11-13 17:54:37.212] [cout] [info]   /jointset/acromial_r/arm_rot_r/speed. bounds: [-50, 50]
[2023-11-13 17:54:37.212] [cout] [info]   /jointset/acromial_l/arm_flex_l/speed. bounds: [-50, 50]
[2023-11-13 17:54:37.212] [cout] [info]   /jointset/acromial_l/arm_add_l/speed. bounds: [-50, 50]
[2023-11-13 17:54:37.212] [cout] [info]   /jointset/acromial_l/arm_rot_l/speed. bounds: [-50, 50]
[2023-11-13 17:54:37.212] [cout] [info]   /jointset/elbow_l/elbow_flex_l/speed. bounds: [-50, 50]
[2023-11-13 17:54:37.212] [cout] [info]   /jointset/radioulnar_l/pro_sup_l/speed. bounds: [-50, 50]
[2023-11-13 17:54:37.212] [cout] [info]   /forceset/glut_med1_r/activation. bounds: [0.01, 1]
[2023-11-13 17:54:37.212] [cout] [info]   /forceset/glut_med2_r/activation. bounds: [0.01, 1]
[2023-11-13 17:54:37.212] [cout] [info]   /forceset/glut_med3_r/activation. bounds: [0.01, 1]
[2023-11-13 17:54:37.212] [cout] [info]   /forceset/glut_min2_r/activation. bounds: [0.01, 1]
[2023-11-13 17:54:37.212] [cout] [info]   /forceset/glut_min3_r/activation. bounds: [0.01, 1]
[2023-11-13 17:54:37.212] [cout] [info]   /forceset/semimem_r/activation. bounds: [0.01, 1]
[2023-11-13 17:54:37.212] [cout] [info]   /forceset/semiten_r/activation. bounds: [0.01, 1]
[2023-11-13 17:54:37.212] [cout] [info]   /forceset/bifemlh_r/activation. bounds: [0.01, 1]
[2023-11-13 17:54:37.212] [cout] [info]   /forceset/sar_r/activation. bounds: [0.01, 1]
[2023-11-13 17:54:37.212] [cout] [info]   /forceset/add_long_r/activation. bounds: [0.01, 1]
[2023-11-13 17:54:37.212] [cout] [info]   /forceset/add_brev_r/activation. bounds: [0.01, 1]
[2023-11-13 17:54:37.212] [cout] [info]   /forceset/add_mag1_r/activation. bounds: [0.01, 1]
[2023-11-13 17:54:37.212] [cout] [info]   /forceset/add_mag2_r/activation. bounds: [0.01, 1]
[2023-11-13 17:54:37.212] [cout] [info]   /forceset/add_mag3_r/activation. bounds: [0.01, 1]
[2023-11-13 17:54:37.212] [cout] [info]   /forceset/tfl_r/activation. bounds: [0.01, 1]
[2023-11-13 17:54:37.212] [cout] [info]   /forceset/pect_r/activation. bounds: [0.01, 1]
[2023-11-13 17:54:37.212] [cout] [info]   /forceset/grac_r/activation. bounds: [0.01, 1]
[2023-11-13 17:54:37.212] [cout] [info]   /forceset/glut_max1_r/activation. bounds: [0.01, 1]
[2023-11-13 17:54:37.212] [cout] [info]   /forceset/glut_max2_r/activation. bounds: [0.01, 1]
[2023-11-13 17:54:37.212] [cout] [info]   /forceset/glut_max3_r/activation. bounds: [0.01, 1]
[2023-11-13 17:54:37.212] [cout] [info]   /forceset/iliacus_r/activation. bounds: [0.01, 1]
[2023-11-13 17:54:37.212] [cout] [info]   /forceset/psoas_r/activation. bounds: [0.01, 1]
[2023-11-13 17:54:37.212] [cout] [info]   /forceset/quad_fem_r/activation. bounds: [0.01, 1]
[2023-11-13 17:54:37.212] [cout] [info]   /forceset/gem_r/activation. bounds: [0.01, 1]
[2023-11-13 17:54:37.212] [cout] [info]   /forceset/peri_r/activation. bounds: [0.01, 1]
[2023-11-13 17:54:37.212] [cout] [info]   /forceset/rect_fem_r/activation. bounds: [0.01, 1]
[2023-11-13 17:54:37.212] [cout] [info]   /forceset/vas_med_r/activation. bounds: [0.01, 1]
[2023-11-13 17:54:37.212] [cout] [info]   /forceset/vas_int_r/activation. bounds: [0.01, 1]
[2023-11-13 17:54:37.212] [cout] [info]   /forceset/vas_lat_r/activation. bounds: [0.01, 1]
[2023-11-13 17:54:37.212] [cout] [info]   /forceset/med_gas_r/activation. bounds: [0.01, 1]
[2023-11-13 17:54:37.212] [cout] [info]   /forceset/lat_gas_r/activation. bounds: [0.01, 1]
[2023-11-13 17:54:37.212] [cout] [info]   /forceset/soleus_r/activation. bounds: [0.01, 1]
[2023-11-13 17:54:37.212] [cout] [info]   /forceset/tib_post_r/activation. bounds: [0.01, 1]
[2023-11-13 17:54:37.212] [cout] [info]   /forceset/flex_dig_r/activation. bounds: [0.01, 1]
[2023-11-13 17:54:37.212] [cout] [info]   /forceset/flex_hal_r/activation. bounds: [0.01, 1]
[2023-11-13 17:54:37.212] [cout] [info]   /forceset/tib_ant_r/activation. bounds: [0.01, 1]
[2023-11-13 17:54:37.212] [cout] [info]   /forceset/per_brev_r/activation. bounds: [0.01, 1]
[2023-11-13 17:54:37.212] [cout] [info]   /forceset/per_long_r/activation. bounds: [0.01, 1]
[2023-11-13 17:54:37.212] [cout] [info]   /forceset/per_tert_r/activation. bounds: [0.01, 1]
[2023-11-13 17:54:37.212] [cout] [info]   /forceset/ext_dig_r/activation. bounds: [0.01, 1]
[2023-11-13 17:54:37.212] [cout] [info]   /forceset/ext_hal_r/activation. bounds: [0.01, 1]
[2023-11-13 17:54:37.212] [cout] [info] Controls: (total: 76)
[2023-11-13 17:54:37.212] [cout] [info]   /forceset/glut_med1_r. bounds: [0.01, 1]
[2023-11-13 17:54:37.213] [cout] [info]   /forceset/glut_med2_r. bounds: [0.01, 1]
[2023-11-13 17:54:37.213] [cout] [info]   /forceset/glut_med3_r. bounds: [0.01, 1]
[2023-11-13 17:54:37.213] [cout] [info]   /forceset/glut_min1_r. bounds: [0.01, 1]
[2023-11-13 17:54:37.213] [cout] [info]   /forceset/glut_min2_r. bounds: [0.01, 1]
[2023-11-13 17:54:37.213] [cout] [info]   /forceset/glut_min3_r. bounds: [0.01, 1]
[2023-11-13 17:54:37.213] [cout] [info]   /forceset/mtp_angle_l_actuator. bounds: [-inf, inf]
[2023-11-13 17:54:37.213] [cout] [info]   /forceset/semimem_r. bounds: [0.01, 1]
[2023-11-13 17:54:37.213] [cout] [info]   /forceset/semiten_r. bounds: [0.01, 1]
[2023-11-13 17:54:37.213] [cout] [info]   /forceset/bifemlh_r. bounds: [0.01, 1]
[2023-11-13 17:54:37.213] [cout] [info]   /forceset/bifemsh_r. bounds: [0.01, 1]
[2023-11-13 17:54:37.213] [cout] [info]   /forceset/sar_r. bounds: [0.01, 1]
[2023-11-13 17:54:37.213] [cout] [info]   /forceset/add_long_r. bounds: [0.01, 1]
[2023-11-13 17:54:37.213] [cout] [info]   /forceset/add_brev_r. bounds: [0.01, 1]
[2023-11-13 17:54:37.213] [cout] [info]   /forceset/add_mag1_r. bounds: [0.01, 1]
[2023-11-13 17:54:37.213] [cout] [info]   /forceset/add_mag2_r. bounds: [0.01, 1]
[2023-11-13 17:54:37.213] [cout] [info]   /forceset/add_mag3_r. bounds: [0.01, 1]
[2023-11-13 17:54:37.213] [cout] [info]   /forceset/tfl_r. bounds: [0.01, 1]
[2023-11-13 17:54:37.213] [cout] [info]   /forceset/pect_r. bounds: [0.01, 1]
[2023-11-13 17:54:37.213] [cout] [info]   /forceset/grac_r. bounds: [0.01, 1]
[2023-11-13 17:54:37.213] [cout] [info]   /forceset/hip_flexion_r_reserve. bounds: [-inf, inf]
[2023-11-13 17:54:37.213] [cout] [info]   /forceset/glut_max1_r. bounds: [0.01, 1]
[2023-11-13 17:54:37.213] [cout] [info]   /forceset/glut_max2_r. bounds: [0.01, 1]
[2023-11-13 17:54:37.213] [cout] [info]   /forceset/glut_max3_r. bounds: [0.01, 1]
[2023-11-13 17:54:37.213] [cout] [info]   /forceset/iliacus_r. bounds: [0.01, 1]
[2023-11-13 17:54:37.213] [cout] [info]   /forceset/psoas_r. bounds: [0.01, 1]
[2023-11-13 17:54:37.213] [cout] [info]   /forceset/quad_fem_r. bounds: [0.01, 1]
[2023-11-13 17:54:37.213] [cout] [info]   /forceset/gem_r. bounds: [0.01, 1]
[2023-11-13 17:54:37.213] [cout] [info]   /forceset/peri_r. bounds: [0.01, 1]
[2023-11-13 17:54:37.213] [cout] [info]   /forceset/rect_fem_r. bounds: [0.01, 1]
[2023-11-13 17:54:37.213] [cout] [info]   /forceset/vas_med_r. bounds: [0.01, 1]
[2023-11-13 17:54:37.213] [cout] [info]   /forceset/vas_int_r. bounds: [0.01, 1]
[2023-11-13 17:54:37.213] [cout] [info]   /forceset/vas_lat_r. bounds: [0.01, 1]
[2023-11-13 17:54:37.213] [cout] [info]   /forceset/med_gas_r. bounds: [0.01, 1]
[2023-11-13 17:54:37.213] [cout] [info]   /forceset/lat_gas_r. bounds: [0.01, 1]
[2023-11-13 17:54:37.213] [cout] [info]   /forceset/soleus_r. bounds: [0.01, 1]
[2023-11-13 17:54:37.213] [cout] [info]   /forceset/tib_post_r. bounds: [0.01, 1]
[2023-11-13 17:54:37.213] [cout] [info]   /forceset/flex_dig_r. bounds: [0.01, 1]
[2023-11-13 17:54:37.213] [cout] [info]   /forceset/flex_hal_r. bounds: [0.01, 1]
[2023-11-13 17:54:37.213] [cout] [info]   /forceset/tib_ant_r. bounds: [0.01, 1]
[2023-11-13 17:54:37.213] [cout] [info]   /forceset/per_brev_r. bounds: [0.01, 1]
[2023-11-13 17:54:37.213] [cout] [info]   /forceset/per_long_r. bounds: [0.01, 1]
[2023-11-13 17:54:37.213] [cout] [info]   /forceset/per_tert_r. bounds: [0.01, 1]
[2023-11-13 17:54:37.213] [cout] [info]   /forceset/ext_dig_r. bounds: [0.01, 1]
[2023-11-13 17:54:37.213] [cout] [info]   /forceset/ext_hal_r. bounds: [0.01, 1]
[2023-11-13 17:54:37.213] [cout] [info]   /forceset/lumbar_extension_actuator. bounds: [-inf, inf]
[2023-11-13 17:54:37.213] [cout] [info]   /forceset/lumbar_bending_actuator. bounds: [-inf, inf]
[2023-11-13 17:54:37.213] [cout] [info]   /forceset/lumbar_rotation_actuator. bounds: [-inf, inf]
[2023-11-13 17:54:37.213] [cout] [info]   /forceset/arm_flex_r_actuator. bounds: [-inf, inf]
[2023-11-13 17:54:37.213] [cout] [info]   /forceset/arm_add_r_actuator. bounds: [-inf, inf]
[2023-11-13 17:54:37.213] [cout] [info]   /forceset/arm_rot_r_actuator. bounds: [-inf, inf]
[2023-11-13 17:54:37.213] [cout] [info]   /forceset/elbow_flex_r_actuator. bounds: [-inf, inf]
[2023-11-13 17:54:37.213] [cout] [info]   /forceset/pro_sup_r_actuator. bounds: [-inf, inf]
[2023-11-13 17:54:37.213] [cout] [info]   /forceset/hip_rotation_l_actuator. bounds: [-inf, inf]
[2023-11-13 17:54:37.213] [cout] [info]   /forceset/arm_flex_l_actuator. bounds: [-inf, inf]
[2023-11-13 17:54:37.213] [cout] [info]   /forceset/arm_add_l_actuator. bounds: [-inf, inf]
[2023-11-13 17:54:37.213] [cout] [info]   /forceset/arm_rot_l_actuator. bounds: [-inf, inf]
[2023-11-13 17:54:37.213] [cout] [info]   /forceset/elbow_flex_l_actuator. bounds: [-inf, inf]
[2023-11-13 17:54:37.213] [cout] [info]   /forceset/pro_sup_l_actuator. bounds: [-inf, inf]
[2023-11-13 17:54:37.213] [cout] [info]   /forceset/hip_flexion_l_actuator. bounds: [-inf, inf]
[2023-11-13 17:54:37.213] [cout] [info]   /forceset/hip_adduction_l_actuator. bounds: [-inf, inf]
[2023-11-13 17:54:37.213] [cout] [info]   /forceset/knee_angle_l_actuator. bounds: [-inf, inf]
[2023-11-13 17:54:37.213] [cout] [info]   /forceset/ankle_angle_l_actuator. bounds: [-inf, inf]
[2023-11-13 17:54:37.213] [cout] [info]   /forceset/subtalar_angle_l_actuator. bounds: [-inf, inf]
[2023-11-13 17:54:37.213] [cout] [info]   /forceset/hip_adduction_r_reserve. bounds: [-inf, inf]
[2023-11-13 17:54:37.213] [cout] [info]   /forceset/hip_rotation_r_reserve. bounds: [-inf, inf]
[2023-11-13 17:54:37.213] [cout] [info]   /forceset/knee_angle_r_reserve. bounds: [-inf, inf]
[2023-11-13 17:54:37.213] [cout] [info]   /forceset/ankle_angle_r_reserve. bounds: [-inf, inf]
[2023-11-13 17:54:37.213] [cout] [info]   /forceset/subtalar_angle_r_reserve. bounds: [-inf, inf]
[2023-11-13 17:54:37.213] [cout] [info]   /forceset/mtp_angle_r_reserve. bounds: [-inf, inf]
[2023-11-13 17:54:37.213] [cout] [info]   /forceset/pelvis_tx_residual. bounds: [-inf, inf]
[2023-11-13 17:54:37.213] [cout] [info]   /forceset/pelvis_ty_residual. bounds: [-inf, inf]
[2023-11-13 17:54:37.213] [cout] [info]   /forceset/pelvis_tz_residual. bounds: [-inf, inf]
[2023-11-13 17:54:37.213] [cout] [info]   /forceset/pelvis_tilt_residual. bounds: [-inf, inf]
[2023-11-13 17:54:37.213] [cout] [info]   /forceset/pelvis_list_residual. bounds: [-inf, inf]
[2023-11-13 17:54:37.213] [cout] [info]   /forceset/pelvis_rotation_residual. bounds: [-inf, inf]
[2023-11-13 17:54:37.213] [cout] [info] Parameters: none
[2023-11-13 17:54:38.781] [info] Number of threads: 8
[2023-11-13 18:27:39.782] [info] Set log level to Info.
[2023-11-13 18:27:39.784] [info] ------------------------------------------------------------------------
[2023-11-13 18:27:39.784] [info] Elapsed real time: 1983 second(s) (33 minute(s), 3 second(s)).
[2023-11-13 18:27:39.784] [info] Mon Nov 13 18:27:39 2023
[2023-11-13 18:27:39.784] [warning] MocoCasADiSolver did NOT succeed:
[2023-11-13 18:27:39.784] [warning]   User_Requested_Stop
[2023-11-13 18:27:39.784] [info] ========================================================================
[2023-11-13 18:27:59.102] [cout] [info] Exiting visualization.
[2023-11-13 18:28:21.246] [info] ========================================================================
[2023-11-13 18:28:21.246] [info] MocoCasADiSolver starting.
[2023-11-13 18:28:21.246] [info] Mon Nov 13 18:28:21 2023
[2023-11-13 18:28:21.246] [info] ------------------------------------------------------------------------
[2023-11-13 18:28:21.246] [cout] [info] Costs: (total: 5)
[2023-11-13 18:28:21.246] [cout] [info]   state_tracking. MocoStateTrackingGoal, enabled: true, mode: cost, weight: 1.0
[2023-11-13 18:28:21.246] [cout] [info]         state: /jointset/ground_pelvis/pelvis_tilt/value, weight: 10.0
[2023-11-13 18:28:21.246] [cout] [info]         state: /jointset/ground_pelvis/pelvis_list/value, weight: 10.0
[2023-11-13 18:28:21.246] [cout] [info]         state: /jointset/ground_pelvis/pelvis_rotation/value, weight: 10.0
[2023-11-13 18:28:21.246] [cout] [info]         state: /jointset/ground_pelvis/pelvis_tx/value, weight: 5.0
[2023-11-13 18:28:21.246] [cout] [info]         state: /jointset/ground_pelvis/pelvis_ty/value, weight: 0.1
[2023-11-13 18:28:21.246] [cout] [info]         state: /jointset/ground_pelvis/pelvis_tz/value, weight: 2.5
[2023-11-13 18:28:21.246] [cout] [info]         state: /jointset/hip_r/hip_flexion_r/value, weight: 10.0
[2023-11-13 18:28:21.246] [cout] [info]         state: /jointset/hip_r/hip_adduction_r/value, weight: 5.0
[2023-11-13 18:28:21.246] [cout] [info]         state: /jointset/hip_r/hip_rotation_r/value, weight: 2.5
[2023-11-13 18:28:21.246] [cout] [info]         state: /jointset/hip_l/hip_flexion_l/value, weight: 10.0
[2023-11-13 18:28:21.246] [cout] [info]         state: /jointset/hip_l/hip_adduction_l/value, weight: 5.0
[2023-11-13 18:28:21.246] [cout] [info]         state: /jointset/hip_l/hip_rotation_l/value, weight: 2.5
[2023-11-13 18:28:21.246] [cout] [info]         state: /jointset/back/lumbar_extension/value, weight: 15.0
[2023-11-13 18:28:21.247] [cout] [info]         state: /jointset/back/lumbar_bending/value, weight: 10.0
[2023-11-13 18:28:21.247] [cout] [info]         state: /jointset/back/lumbar_rotation/value, weight: 5.0
[2023-11-13 18:28:21.247] [cout] [info]         state: /jointset/knee_r/knee_angle_r/value, weight: 10.0
[2023-11-13 18:28:21.247] [cout] [info]         state: /jointset/knee_l/knee_angle_l/value, weight: 10.0
[2023-11-13 18:28:21.247] [cout] [info]         state: /jointset/acromial_r/arm_flex_r/value, weight: 2.5
[2023-11-13 18:28:21.247] [cout] [info]         state: /jointset/acromial_r/arm_add_r/value, weight: 1.0
[2023-11-13 18:28:21.247] [cout] [info]         state: /jointset/acromial_r/arm_rot_r/value, weight: 1.0
[2023-11-13 18:28:21.247] [cout] [info]         state: /jointset/acromial_l/arm_flex_l/value, weight: 2.5
[2023-11-13 18:28:21.247] [cout] [info]         state: /jointset/acromial_l/arm_add_l/value, weight: 1.0
[2023-11-13 18:28:21.247] [cout] [info]         state: /jointset/acromial_l/arm_rot_l/value, weight: 1.0
[2023-11-13 18:28:21.247] [cout] [info]         state: /jointset/ankle_r/ankle_angle_r/value, weight: 2.5
[2023-11-13 18:28:21.247] [cout] [info]         state: /jointset/ankle_l/ankle_angle_l/value, weight: 2.5
[2023-11-13 18:28:21.247] [cout] [info]         state: /jointset/elbow_r/elbow_flex_r/value, weight: 5.0
[2023-11-13 18:28:21.247] [cout] [info]         state: /jointset/elbow_l/elbow_flex_l/value, weight: 5.0
[2023-11-13 18:28:21.247] [cout] [info]         state: /jointset/subtalar_r/subtalar_angle_r/value, weight: 1.0
[2023-11-13 18:28:21.247] [cout] [info]         state: /jointset/subtalar_l/subtalar_angle_l/value, weight: 1.0
[2023-11-13 18:28:21.247] [cout] [info]         state: /jointset/radioulnar_r/pro_sup_r/value, weight: 1.0
[2023-11-13 18:28:21.247] [cout] [info]         state: /jointset/radioulnar_l/pro_sup_l/value, weight: 1.0
[2023-11-13 18:28:21.247] [cout] [info]         state: /jointset/mtp_r/mtp_angle_r/value, weight: 0.5
[2023-11-13 18:28:21.247] [cout] [info]         state: /jointset/mtp_l/mtp_angle_l/value, weight: 0.5
[2023-11-13 18:28:21.247] [cout] [info]         state: /jointset/ground_pelvis/pelvis_tilt/speed, weight: 0.01
[2023-11-13 18:28:21.247] [cout] [info]         state: /jointset/ground_pelvis/pelvis_list/speed, weight: 0.01
[2023-11-13 18:28:21.247] [cout] [info]         state: /jointset/ground_pelvis/pelvis_rotation/speed, weight: 0.01
[2023-11-13 18:28:21.247] [cout] [info]         state: /jointset/ground_pelvis/pelvis_tx/speed, weight: 0.00500000
[2023-11-13 18:28:21.247] [cout] [info]         state: /jointset/ground_pelvis/pelvis_ty/speed, weight: 0.000100000
[2023-11-13 18:28:21.247] [cout] [info]         state: /jointset/ground_pelvis/pelvis_tz/speed, weight: 0.00250000
[2023-11-13 18:28:21.247] [cout] [info]         state: /jointset/hip_r/hip_flexion_r/speed, weight: 0.01
[2023-11-13 18:28:21.247] [cout] [info]         state: /jointset/hip_r/hip_adduction_r/speed, weight: 0.00500000
[2023-11-13 18:28:21.247] [cout] [info]         state: /jointset/hip_r/hip_rotation_r/speed, weight: 0.00250000
[2023-11-13 18:28:21.247] [cout] [info]         state: /jointset/hip_l/hip_flexion_l/speed, weight: 0.01
[2023-11-13 18:28:21.247] [cout] [info]         state: /jointset/hip_l/hip_adduction_l/speed, weight: 0.00500000
[2023-11-13 18:28:21.247] [cout] [info]         state: /jointset/hip_l/hip_rotation_l/speed, weight: 0.00250000
[2023-11-13 18:28:21.247] [cout] [info]         state: /jointset/back/lumbar_extension/speed, weight: 0.015
[2023-11-13 18:28:21.247] [cout] [info]         state: /jointset/back/lumbar_bending/speed, weight: 0.01
[2023-11-13 18:28:21.247] [cout] [info]         state: /jointset/back/lumbar_rotation/speed, weight: 0.00500000
[2023-11-13 18:28:21.247] [cout] [info]         state: /jointset/knee_r/knee_angle_r/speed, weight: 0.01
[2023-11-13 18:28:21.247] [cout] [info]         state: /jointset/knee_l/knee_angle_l/speed, weight: 0.01
[2023-11-13 18:28:21.247] [cout] [info]         state: /jointset/acromial_r/arm_flex_r/speed, weight: 0.00250000
[2023-11-13 18:28:21.247] [cout] [info]         state: /jointset/acromial_r/arm_add_r/speed, weight: 0.00100000
[2023-11-13 18:28:21.247] [cout] [info]         state: /jointset/acromial_r/arm_rot_r/speed, weight: 0.00100000
[2023-11-13 18:28:21.247] [cout] [info]         state: /jointset/acromial_l/arm_flex_l/speed, weight: 0.00250000
[2023-11-13 18:28:21.247] [cout] [info]         state: /jointset/acromial_l/arm_add_l/speed, weight: 0.00100000
[2023-11-13 18:28:21.247] [cout] [info]         state: /jointset/acromial_l/arm_rot_l/speed, weight: 0.00100000
[2023-11-13 18:28:21.247] [cout] [info]         state: /jointset/ankle_r/ankle_angle_r/speed, weight: 0.00250000
[2023-11-13 18:28:21.247] [cout] [info]         state: /jointset/ankle_l/ankle_angle_l/speed, weight: 0.00250000
[2023-11-13 18:28:21.247] [cout] [info]         state: /jointset/elbow_r/elbow_flex_r/speed, weight: 0.00500000
[2023-11-13 18:28:21.247] [cout] [info]         state: /jointset/elbow_l/elbow_flex_l/speed, weight: 0.00500000
[2023-11-13 18:28:21.247] [cout] [info]         state: /jointset/subtalar_r/subtalar_angle_r/speed, weight: 0.00100000
[2023-11-13 18:28:21.247] [cout] [info]         state: /jointset/subtalar_l/subtalar_angle_l/speed, weight: 0.00100000
[2023-11-13 18:28:21.247] [cout] [info]         state: /jointset/radioulnar_r/pro_sup_r/speed, weight: 0.00100000
[2023-11-13 18:28:21.247] [cout] [info]         state: /jointset/radioulnar_l/pro_sup_l/speed, weight: 0.00100000
[2023-11-13 18:28:21.247] [cout] [info]         state: /jointset/mtp_r/mtp_angle_r/speed, weight: 0.000500000
[2023-11-13 18:28:21.247] [cout] [info]         state: /jointset/mtp_l/mtp_angle_l/speed, weight: 0.000500000
[2023-11-13 18:28:21.247] [cout] [info]   control_effort. MocoControlGoal, enabled: true, mode: cost, weight: 0.00100000
[2023-11-13 18:28:21.247] [cout] [info]         control: /forceset/glut_med1_r, weight: 1.0
[2023-11-13 18:28:21.247] [cout] [info]         control: /forceset/glut_med2_r, weight: 1.0
[2023-11-13 18:28:21.247] [cout] [info]         control: /forceset/glut_med3_r, weight: 1.0
[2023-11-13 18:28:21.247] [cout] [info]         control: /forceset/glut_min1_r, weight: 1.0
[2023-11-13 18:28:21.247] [cout] [info]         control: /forceset/glut_min2_r, weight: 1.0
[2023-11-13 18:28:21.247] [cout] [info]         control: /forceset/glut_min3_r, weight: 1.0
[2023-11-13 18:28:21.247] [cout] [info]         control: /forceset/semimem_r, weight: 1.0
[2023-11-13 18:28:21.247] [cout] [info]         control: /forceset/semiten_r, weight: 1.0
[2023-11-13 18:28:21.247] [cout] [info]         control: /forceset/bifemlh_r, weight: 1.0
[2023-11-13 18:28:21.247] [cout] [info]         control: /forceset/bifemsh_r, weight: 1.0
[2023-11-13 18:28:21.247] [cout] [info]         control: /forceset/sar_r, weight: 1.0
[2023-11-13 18:28:21.247] [cout] [info]         control: /forceset/add_long_r, weight: 1.0
[2023-11-13 18:28:21.247] [cout] [info]         control: /forceset/add_brev_r, weight: 1.0
[2023-11-13 18:28:21.247] [cout] [info]         control: /forceset/add_mag1_r, weight: 1.0
[2023-11-13 18:28:21.247] [cout] [info]         control: /forceset/add_mag2_r, weight: 1.0
[2023-11-13 18:28:21.247] [cout] [info]         control: /forceset/add_mag3_r, weight: 1.0
[2023-11-13 18:28:21.247] [cout] [info]         control: /forceset/tfl_r, weight: 1.0
[2023-11-13 18:28:21.247] [cout] [info]         control: /forceset/pect_r, weight: 1.0
[2023-11-13 18:28:21.247] [cout] [info]         control: /forceset/grac_r, weight: 1.0
[2023-11-13 18:28:21.247] [cout] [info]         control: /forceset/glut_max1_r, weight: 1.0
[2023-11-13 18:28:21.247] [cout] [info]         control: /forceset/glut_max2_r, weight: 1.0
[2023-11-13 18:28:21.247] [cout] [info]         control: /forceset/glut_max3_r, weight: 1.0
[2023-11-13 18:28:21.247] [cout] [info]         control: /forceset/iliacus_r, weight: 1.0
[2023-11-13 18:28:21.247] [cout] [info]         control: /forceset/psoas_r, weight: 1.0
[2023-11-13 18:28:21.247] [cout] [info]         control: /forceset/quad_fem_r, weight: 1.0
[2023-11-13 18:28:21.247] [cout] [info]         control: /forceset/gem_r, weight: 1.0
[2023-11-13 18:28:21.247] [cout] [info]         control: /forceset/peri_r, weight: 1.0
[2023-11-13 18:28:21.247] [cout] [info]         control: /forceset/rect_fem_r, weight: 1.0
[2023-11-13 18:28:21.247] [cout] [info]         control: /forceset/vas_med_r, weight: 1.0
[2023-11-13 18:28:21.247] [cout] [info]         control: /forceset/vas_int_r, weight: 1.0
[2023-11-13 18:28:21.247] [cout] [info]         control: /forceset/vas_lat_r, weight: 1.0
[2023-11-13 18:28:21.247] [cout] [info]         control: /forceset/med_gas_r, weight: 1.0
[2023-11-13 18:28:21.247] [cout] [info]         control: /forceset/lat_gas_r, weight: 1.0
[2023-11-13 18:28:21.247] [cout] [info]         control: /forceset/soleus_r, weight: 1.0
[2023-11-13 18:28:21.247] [cout] [info]         control: /forceset/tib_post_r, weight: 1.0
[2023-11-13 18:28:21.247] [cout] [info]         control: /forceset/flex_dig_r, weight: 1.0
[2023-11-13 18:28:21.247] [cout] [info]         control: /forceset/flex_hal_r, weight: 1.0
[2023-11-13 18:28:21.247] [cout] [info]         control: /forceset/tib_ant_r, weight: 1.0
[2023-11-13 18:28:21.247] [cout] [info]         control: /forceset/per_brev_r, weight: 1.0
[2023-11-13 18:28:21.247] [cout] [info]         control: /forceset/per_long_r, weight: 1.0
[2023-11-13 18:28:21.247] [cout] [info]         control: /forceset/per_tert_r, weight: 1.0
[2023-11-13 18:28:21.247] [cout] [info]         control: /forceset/ext_dig_r, weight: 1.0
[2023-11-13 18:28:21.247] [cout] [info]         control: /forceset/ext_hal_r, weight: 1.0
[2023-11-13 18:28:21.248] [cout] [info]         control: /forceset/lumbar_extension_actuator, weight: 1.0
[2023-11-13 18:28:21.248] [cout] [info]         control: /forceset/lumbar_bending_actuator, weight: 1.0
[2023-11-13 18:28:21.248] [cout] [info]         control: /forceset/lumbar_rotation_actuator, weight: 1.0
[2023-11-13 18:28:21.248] [cout] [info]         control: /forceset/arm_flex_r_actuator, weight: 1.0
[2023-11-13 18:28:21.248] [cout] [info]         control: /forceset/arm_add_r_actuator, weight: 1.0
[2023-11-13 18:28:21.248] [cout] [info]         control: /forceset/arm_rot_r_actuator, weight: 1.0
[2023-11-13 18:28:21.248] [cout] [info]         control: /forceset/elbow_flex_r_actuator, weight: 1.0
[2023-11-13 18:28:21.248] [cout] [info]         control: /forceset/pro_sup_r_actuator, weight: 1.0
[2023-11-13 18:28:21.248] [cout] [info]         control: /forceset/arm_flex_l_actuator, weight: 1.0
[2023-11-13 18:28:21.248] [cout] [info]         control: /forceset/arm_add_l_actuator, weight: 1.0
[2023-11-13 18:28:21.248] [cout] [info]         control: /forceset/arm_rot_l_actuator, weight: 1.0
[2023-11-13 18:28:21.248] [cout] [info]         control: /forceset/elbow_flex_l_actuator, weight: 1.0
[2023-11-13 18:28:21.248] [cout] [info]         control: /forceset/pro_sup_l_actuator, weight: 1.0
[2023-11-13 18:28:21.248] [cout] [info]         control: /forceset/hip_flexion_l_actuator, weight: 1.0
[2023-11-13 18:28:21.248] [cout] [info]         control: /forceset/hip_adduction_l_actuator, weight: 1.0
[2023-11-13 18:28:21.248] [cout] [info]         control: /forceset/hip_rotation_l_actuator, weight: 1.0
[2023-11-13 18:28:21.248] [cout] [info]         control: /forceset/knee_angle_l_actuator, weight: 1.0
[2023-11-13 18:28:21.248] [cout] [info]         control: /forceset/ankle_angle_l_actuator, weight: 1.0
[2023-11-13 18:28:21.248] [cout] [info]         control: /forceset/subtalar_angle_l_actuator, weight: 1.0
[2023-11-13 18:28:21.248] [cout] [info]         control: /forceset/mtp_angle_l_actuator, weight: 1.0
[2023-11-13 18:28:21.248] [cout] [info]         control: /forceset/hip_flexion_r_reserve, weight: 1.0
[2023-11-13 18:28:21.248] [cout] [info]         control: /forceset/hip_adduction_r_reserve, weight: 1.0
[2023-11-13 18:28:21.248] [cout] [info]         control: /forceset/hip_rotation_r_reserve, weight: 1.0
[2023-11-13 18:28:21.248] [cout] [info]         control: /forceset/knee_angle_r_reserve, weight: 1.0
[2023-11-13 18:28:21.248] [cout] [info]         control: /forceset/ankle_angle_r_reserve, weight: 1.0
[2023-11-13 18:28:21.248] [cout] [info]         control: /forceset/subtalar_angle_r_reserve, weight: 1.0
[2023-11-13 18:28:21.248] [cout] [info]         control: /forceset/mtp_angle_r_reserve, weight: 1.0
[2023-11-13 18:28:21.248] [cout] [info]         control: /forceset/pelvis_tx_residual, weight: 1.0
[2023-11-13 18:28:21.248] [cout] [info]         control: /forceset/pelvis_ty_residual, weight: 1.0
[2023-11-13 18:28:21.248] [cout] [info]         control: /forceset/pelvis_tz_residual, weight: 1.0
[2023-11-13 18:28:21.248] [cout] [info]         control: /forceset/pelvis_tilt_residual, weight: 1.0
[2023-11-13 18:28:21.248] [cout] [info]         control: /forceset/pelvis_list_residual, weight: 1.0
[2023-11-13 18:28:21.248] [cout] [info]         control: /forceset/pelvis_rotation_residual, weight: 1.0
[2023-11-13 18:28:21.248] [cout] [info]   contact0. MocoContactTrackingGoal, enabled: true, mode: cost, weight: 0.1
[2023-11-13 18:28:21.248] [cout] [info]         projection type: vector
[2023-11-13 18:28:21.248] [cout] [info]         projection vector: ~[1,0,0]
[2023-11-13 18:28:21.248] [cout] [info]         group 0: ExternalForce: LeftGRF1
[2023-11-13 18:28:21.248] [cout] [info]             forces:
[2023-11-13 18:28:21.248] [cout] [info]                 /forceset/contactForce_s1_l
[2023-11-13 18:28:21.248] [cout] [info]                 /forceset/contactForce_s2_l
[2023-11-13 18:28:21.248] [cout] [info]                 /forceset/contactForce_s3_l
[2023-11-13 18:28:21.248] [cout] [info]                 /forceset/contactForce_s5_l
[2023-11-13 18:28:21.248] [cout] [info]         group 1: ExternalForce: RightGRF1
[2023-11-13 18:28:21.248] [cout] [info]             forces:
[2023-11-13 18:28:21.248] [cout] [info]                 /forceset/contactForce_s1_r
[2023-11-13 18:28:21.248] [cout] [info]                 /forceset/contactForce_s2_r
[2023-11-13 18:28:21.248] [cout] [info]                 /forceset/contactForce_s3_r
[2023-11-13 18:28:21.248] [cout] [info]                 /forceset/contactForce_s5_r
[2023-11-13 18:28:21.248] [cout] [info]   contact1. MocoContactTrackingGoal, enabled: true, mode: cost, weight: 0.1
[2023-11-13 18:28:21.248] [cout] [info]         projection type: vector
[2023-11-13 18:28:21.248] [cout] [info]         projection vector: ~[0,1,0]
[2023-11-13 18:28:21.248] [cout] [info]         group 0: ExternalForce: LeftGRF1
[2023-11-13 18:28:21.248] [cout] [info]             forces:
[2023-11-13 18:28:21.248] [cout] [info]                 /forceset/contactForce_s1_l
[2023-11-13 18:28:21.248] [cout] [info]                 /forceset/contactForce_s2_l
[2023-11-13 18:28:21.248] [cout] [info]                 /forceset/contactForce_s3_l
[2023-11-13 18:28:21.248] [cout] [info]                 /forceset/contactForce_s5_l
[2023-11-13 18:28:21.248] [cout] [info]         group 1: ExternalForce: RightGRF1
[2023-11-13 18:28:21.248] [cout] [info]             forces:
[2023-11-13 18:28:21.248] [cout] [info]                 /forceset/contactForce_s1_r
[2023-11-13 18:28:21.248] [cout] [info]                 /forceset/contactForce_s2_r
[2023-11-13 18:28:21.248] [cout] [info]                 /forceset/contactForce_s3_r
[2023-11-13 18:28:21.248] [cout] [info]                 /forceset/contactForce_s5_r
[2023-11-13 18:28:21.248] [cout] [info]   contact2. MocoContactTrackingGoal, enabled: true, mode: cost, weight: 0.1
[2023-11-13 18:28:21.248] [cout] [info]         projection type: vector
[2023-11-13 18:28:21.248] [cout] [info]         projection vector: ~[0,0,1]
[2023-11-13 18:28:21.248] [cout] [info]         group 0: ExternalForce: LeftGRF1
[2023-11-13 18:28:21.248] [cout] [info]             forces:
[2023-11-13 18:28:21.248] [cout] [info]                 /forceset/contactForce_s1_l
[2023-11-13 18:28:21.248] [cout] [info]                 /forceset/contactForce_s2_l
[2023-11-13 18:28:21.248] [cout] [info]                 /forceset/contactForce_s3_l
[2023-11-13 18:28:21.249] [cout] [info]                 /forceset/contactForce_s5_l
[2023-11-13 18:28:21.249] [cout] [info]         group 1: ExternalForce: RightGRF1
[2023-11-13 18:28:21.249] [cout] [info]             forces:
[2023-11-13 18:28:21.249] [cout] [info]                 /forceset/contactForce_s1_r
[2023-11-13 18:28:21.249] [cout] [info]                 /forceset/contactForce_s2_r
[2023-11-13 18:28:21.249] [cout] [info]                 /forceset/contactForce_s3_r
[2023-11-13 18:28:21.249] [cout] [info]                 /forceset/contactForce_s5_r
[2023-11-13 18:28:21.249] [cout] [info] Endpoint constraints: none
[2023-11-13 18:28:21.249] [cout] [info] Kinematic constraints: none
[2023-11-13 18:28:21.249] [cout] [info] Path constraints: (total: 10)
[2023-11-13 18:28:21.249] [cout] [info]   . MocoConstraintInfo. number of scalar equations: 1. bounds: [0, 1]
[2023-11-13 18:28:21.249] [cout] [info]         output: /markerset/r_fp_heel1|location, type: SimTK::Vec3, index: 1, exponent: 1
[2023-11-13 18:28:21.249] [cout] [info]   . MocoConstraintInfo. number of scalar equations: 1. bounds: [0, 1]
[2023-11-13 18:28:21.249] [cout] [info]         output: /markerset/r_fp_heel2|location, type: SimTK::Vec3, index: 1, exponent: 1
[2023-11-13 18:28:21.249] [cout] [info]   . MocoConstraintInfo. number of scalar equations: 1. bounds: [0, 1]
[2023-11-13 18:28:21.249] [cout] [info]         output: /markerset/r_fp_mt1|location, type: SimTK::Vec3, index: 1, exponent: 1
[2023-11-13 18:28:21.249] [cout] [info]   . MocoConstraintInfo. number of scalar equations: 1. bounds: [0, 1]
[2023-11-13 18:28:21.249] [cout] [info]         output: /markerset/r_fp_mt2|location, type: SimTK::Vec3, index: 1, exponent: 1
[2023-11-13 18:28:21.249] [cout] [info]   . MocoConstraintInfo. number of scalar equations: 1. bounds: [0, 1]
[2023-11-13 18:28:21.249] [cout] [info]         output: /markerset/r_fp_toe|location, type: SimTK::Vec3, index: 1, exponent: 1
[2023-11-13 18:28:21.249] [cout] [info]   . MocoConstraintInfo. number of scalar equations: 1. bounds: [0, 1]
[2023-11-13 18:28:21.249] [cout] [info]         output: /markerset/l_fp_heel1|location, type: SimTK::Vec3, index: 1, exponent: 1
[2023-11-13 18:28:21.249] [cout] [info]   . MocoConstraintInfo. number of scalar equations: 1. bounds: [0, 1]
[2023-11-13 18:28:21.249] [cout] [info]         output: /markerset/l_fp_heel2|location, type: SimTK::Vec3, index: 1, exponent: 1
[2023-11-13 18:28:21.249] [cout] [info]   . MocoConstraintInfo. number of scalar equations: 1. bounds: [0, 1]
[2023-11-13 18:28:21.249] [cout] [info]         output: /markerset/l_fp_mt1|location, type: SimTK::Vec3, index: 1, exponent: 1
[2023-11-13 18:28:21.249] [cout] [info]   . MocoConstraintInfo. number of scalar equations: 1. bounds: [0, 1]
[2023-11-13 18:28:21.249] [cout] [info]         output: /markerset/l_fp_mt2|location, type: SimTK::Vec3, index: 1, exponent: 1
[2023-11-13 18:28:21.249] [cout] [info]   . MocoConstraintInfo. number of scalar equations: 1. bounds: [0, 1]
[2023-11-13 18:28:21.249] [cout] [info]         output: /markerset/l_fp_toe|location, type: SimTK::Vec3, index: 1, exponent: 1
[2023-11-13 18:28:21.249] [cout] [info] States: (total: 109)
[2023-11-13 18:28:21.249] [cout] [info]   /jointset/ground_pelvis/pelvis_tilt/value. bounds: [-1.5708, 1.5708]
[2023-11-13 18:28:21.249] [cout] [info]   /jointset/ground_pelvis/pelvis_list/value. bounds: [-1.5708, 1.5708]
[2023-11-13 18:28:21.249] [cout] [info]   /jointset/radioulnar_r/pro_sup_r/value. bounds: [0, 3.1416]
[2023-11-13 18:28:21.249] [cout] [info]   /jointset/ground_pelvis/pelvis_rotation/value. bounds: [-1.5708, 1.5708]
[2023-11-13 18:28:21.249] [cout] [info]   /jointset/ground_pelvis/pelvis_tx/value. bounds: [-20, 20]
[2023-11-13 18:28:21.249] [cout] [info]   /jointset/elbow_r/elbow_flex_r/value. bounds: [-0.17453, 2.618]
[2023-11-13 18:28:21.249] [cout] [info]   /jointset/ground_pelvis/pelvis_ty/value. bounds: [-2, 4]
[2023-11-13 18:28:21.249] [cout] [info]   /jointset/ground_pelvis/pelvis_tz/value. bounds: [-5, 5]
[2023-11-13 18:28:21.249] [cout] [info]   /jointset/hip_r/hip_adduction_r/speed. bounds: [-50, 50]
[2023-11-13 18:28:21.249] [cout] [info]   /jointset/ankle_r/ankle_angle_r/value. bounds: [-1.0472, 0.69813]
[2023-11-13 18:28:21.249] [cout] [info]   /jointset/hip_r/hip_flexion_r/value. bounds: [-0.69813, 1.7453]
[2023-11-13 18:28:21.249] [cout] [info]   /jointset/hip_r/hip_adduction_r/value. bounds: [-0.5236, 0.5236]
[2023-11-13 18:28:21.249] [cout] [info]   /jointset/back/lumbar_rotation/speed. bounds: [-50, 50]
[2023-11-13 18:28:21.249] [cout] [info]   /jointset/hip_r/hip_rotation_r/value. bounds: [-0.5236, 0.5236]
[2023-11-13 18:28:21.249] [cout] [info]   /jointset/mtp_l/mtp_angle_l/speed. bounds: [-50, 50]
[2023-11-13 18:28:21.249] [cout] [info]   /jointset/knee_r/knee_angle_r/value. bounds: [-2.7925, 0.17453]
[2023-11-13 18:28:21.249] [cout] [info]   /jointset/hip_l/hip_flexion_l/value. bounds: [-0.69813, 1.7453]
[2023-11-13 18:28:21.249] [cout] [info]   /jointset/subtalar_r/subtalar_angle_r/value. bounds: [-0.87266, 0.87266]
[2023-11-13 18:28:21.249] [cout] [info]   /jointset/mtp_r/mtp_angle_r/value. bounds: [-1.0472, 1.0472]
[2023-11-13 18:28:21.249] [cout] [info]   /jointset/hip_l/hip_adduction_l/value. bounds: [-0.5236, 0.5236]
[2023-11-13 18:28:21.249] [cout] [info]   /jointset/hip_l/hip_rotation_l/value. bounds: [-0.5236, 0.5236]
[2023-11-13 18:28:21.249] [cout] [info]   /forceset/glut_min1_r/activation. bounds: [0.01, 1]
[2023-11-13 18:28:21.249] [cout] [info]   /jointset/knee_l/knee_angle_l/value. bounds: [-2.7925, 0.17453]
[2023-11-13 18:28:21.249] [cout] [info]   /jointset/knee_r/knee_angle_r/speed. bounds: [-50, 50]
[2023-11-13 18:28:21.249] [cout] [info]   /jointset/ankle_l/ankle_angle_l/value. bounds: [-1.0472, 0.69813]
[2023-11-13 18:28:21.249] [cout] [info]   /jointset/subtalar_l/subtalar_angle_l/value. bounds: [-0.87266, 0.87266]
[2023-11-13 18:28:21.249] [cout] [info]   /jointset/mtp_l/mtp_angle_l/value. bounds: [-1.0472, 1.0472]
[2023-11-13 18:28:21.249] [cout] [info]   /forceset/bifemsh_r/activation. bounds: [0.01, 1]
[2023-11-13 18:28:21.249] [cout] [info]   /jointset/back/lumbar_extension/value. bounds: [-0.7854, 0.17453]
[2023-11-13 18:28:21.249] [cout] [info]   /jointset/back/lumbar_bending/value. bounds: [-0.34907, 0.34907]
[2023-11-13 18:28:21.249] [cout] [info]   /jointset/back/lumbar_rotation/value. bounds: [-0.5236, 0.5236]
[2023-11-13 18:28:21.249] [cout] [info]   /jointset/acromial_r/arm_flex_r/value. bounds: [-1.5708, 1.5708]
[2023-11-13 18:28:21.249] [cout] [info]   /jointset/acromial_r/arm_add_r/value. bounds: [-2.0944, 1.5708]
[2023-11-13 18:28:21.249] [cout] [info]   /jointset/acromial_r/arm_rot_r/value. bounds: [-1.5708, 1.5708]
[2023-11-13 18:28:21.249] [cout] [info]   /jointset/acromial_l/arm_flex_l/value. bounds: [-1.5708, 1.5708]
[2023-11-13 18:28:21.249] [cout] [info]   /jointset/acromial_l/arm_add_l/value. bounds: [-2.0944, 1.5708]
[2023-11-13 18:28:21.249] [cout] [info]   /jointset/acromial_l/arm_rot_l/value. bounds: [-1.5708, 1.5708]
[2023-11-13 18:28:21.249] [cout] [info]   /jointset/elbow_l/elbow_flex_l/value. bounds: [-0.17453, 2.618]
[2023-11-13 18:28:21.249] [cout] [info]   /jointset/radioulnar_l/pro_sup_l/value. bounds: [0, 3.1416]
[2023-11-13 18:28:21.250] [cout] [info]   /jointset/ground_pelvis/pelvis_tilt/speed. bounds: [-50, 50]
[2023-11-13 18:28:21.250] [cout] [info]   /jointset/ground_pelvis/pelvis_list/speed. bounds: [-50, 50]
[2023-11-13 18:28:21.250] [cout] [info]   /jointset/radioulnar_r/pro_sup_r/speed. bounds: [-50, 50]
[2023-11-13 18:28:21.250] [cout] [info]   /jointset/ground_pelvis/pelvis_rotation/speed. bounds: [-50, 50]
[2023-11-13 18:28:21.250] [cout] [info]   /jointset/ground_pelvis/pelvis_tx/speed. bounds: [-50, 50]
[2023-11-13 18:28:21.250] [cout] [info]   /jointset/elbow_r/elbow_flex_r/speed. bounds: [-50, 50]
[2023-11-13 18:28:21.250] [cout] [info]   /jointset/ground_pelvis/pelvis_ty/speed. bounds: [-50, 50]
[2023-11-13 18:28:21.250] [cout] [info]   /jointset/ground_pelvis/pelvis_tz/speed. bounds: [-50, 50]
[2023-11-13 18:28:21.250] [cout] [info]   /jointset/ankle_r/ankle_angle_r/speed. bounds: [-50, 50]
[2023-11-13 18:28:21.250] [cout] [info]   /jointset/hip_r/hip_flexion_r/speed. bounds: [-50, 50]
[2023-11-13 18:28:21.250] [cout] [info]   /jointset/hip_r/hip_rotation_r/speed. bounds: [-50, 50]
[2023-11-13 18:28:21.250] [cout] [info]   /jointset/hip_l/hip_flexion_l/speed. bounds: [-50, 50]
[2023-11-13 18:28:21.250] [cout] [info]   /jointset/subtalar_r/subtalar_angle_r/speed. bounds: [-50, 50]
[2023-11-13 18:28:21.250] [cout] [info]   /jointset/mtp_r/mtp_angle_r/speed. bounds: [-50, 50]
[2023-11-13 18:28:21.250] [cout] [info]   /jointset/hip_l/hip_adduction_l/speed. bounds: [-50, 50]
[2023-11-13 18:28:21.250] [cout] [info]   /jointset/hip_l/hip_rotation_l/speed. bounds: [-50, 50]
[2023-11-13 18:28:21.250] [cout] [info]   /jointset/knee_l/knee_angle_l/speed. bounds: [-50, 50]
[2023-11-13 18:28:21.250] [cout] [info]   /jointset/ankle_l/ankle_angle_l/speed. bounds: [-50, 50]
[2023-11-13 18:28:21.250] [cout] [info]   /jointset/subtalar_l/subtalar_angle_l/speed. bounds: [-50, 50]
[2023-11-13 18:28:21.250] [cout] [info]   /jointset/back/lumbar_extension/speed. bounds: [-50, 50]
[2023-11-13 18:28:21.250] [cout] [info]   /jointset/back/lumbar_bending/speed. bounds: [-50, 50]
[2023-11-13 18:28:21.250] [cout] [info]   /jointset/acromial_r/arm_flex_r/speed. bounds: [-50, 50]
[2023-11-13 18:28:21.250] [cout] [info]   /jointset/acromial_r/arm_add_r/speed. bounds: [-50, 50]
[2023-11-13 18:28:21.250] [cout] [info]   /jointset/acromial_r/arm_rot_r/speed. bounds: [-50, 50]
[2023-11-13 18:28:21.250] [cout] [info]   /jointset/acromial_l/arm_flex_l/speed. bounds: [-50, 50]
[2023-11-13 18:28:21.250] [cout] [info]   /jointset/acromial_l/arm_add_l/speed. bounds: [-50, 50]
[2023-11-13 18:28:21.250] [cout] [info]   /jointset/acromial_l/arm_rot_l/speed. bounds: [-50, 50]
[2023-11-13 18:28:21.250] [cout] [info]   /jointset/elbow_l/elbow_flex_l/speed. bounds: [-50, 50]
[2023-11-13 18:28:21.250] [cout] [info]   /jointset/radioulnar_l/pro_sup_l/speed. bounds: [-50, 50]
[2023-11-13 18:28:21.250] [cout] [info]   /forceset/glut_med1_r/activation. bounds: [0.01, 1]
[2023-11-13 18:28:21.250] [cout] [info]   /forceset/glut_med2_r/activation. bounds: [0.01, 1]
[2023-11-13 18:28:21.250] [cout] [info]   /forceset/glut_med3_r/activation. bounds: [0.01, 1]
[2023-11-13 18:28:21.250] [cout] [info]   /forceset/glut_min2_r/activation. bounds: [0.01, 1]
[2023-11-13 18:28:21.250] [cout] [info]   /forceset/glut_min3_r/activation. bounds: [0.01, 1]
[2023-11-13 18:28:21.250] [cout] [info]   /forceset/semimem_r/activation. bounds: [0.01, 1]
[2023-11-13 18:28:21.250] [cout] [info]   /forceset/semiten_r/activation. bounds: [0.01, 1]
[2023-11-13 18:28:21.250] [cout] [info]   /forceset/bifemlh_r/activation. bounds: [0.01, 1]
[2023-11-13 18:28:21.250] [cout] [info]   /forceset/sar_r/activation. bounds: [0.01, 1]
[2023-11-13 18:28:21.250] [cout] [info]   /forceset/add_long_r/activation. bounds: [0.01, 1]
[2023-11-13 18:28:21.250] [cout] [info]   /forceset/add_brev_r/activation. bounds: [0.01, 1]
[2023-11-13 18:28:21.250] [cout] [info]   /forceset/add_mag1_r/activation. bounds: [0.01, 1]
[2023-11-13 18:28:21.250] [cout] [info]   /forceset/add_mag2_r/activation. bounds: [0.01, 1]
[2023-11-13 18:28:21.250] [cout] [info]   /forceset/add_mag3_r/activation. bounds: [0.01, 1]
[2023-11-13 18:28:21.250] [cout] [info]   /forceset/tfl_r/activation. bounds: [0.01, 1]
[2023-11-13 18:28:21.250] [cout] [info]   /forceset/pect_r/activation. bounds: [0.01, 1]
[2023-11-13 18:28:21.250] [cout] [info]   /forceset/grac_r/activation. bounds: [0.01, 1]
[2023-11-13 18:28:21.250] [cout] [info]   /forceset/glut_max1_r/activation. bounds: [0.01, 1]
[2023-11-13 18:28:21.250] [cout] [info]   /forceset/glut_max2_r/activation. bounds: [0.01, 1]
[2023-11-13 18:28:21.250] [cout] [info]   /forceset/glut_max3_r/activation. bounds: [0.01, 1]
[2023-11-13 18:28:21.250] [cout] [info]   /forceset/iliacus_r/activation. bounds: [0.01, 1]
[2023-11-13 18:28:21.250] [cout] [info]   /forceset/psoas_r/activation. bounds: [0.01, 1]
[2023-11-13 18:28:21.250] [cout] [info]   /forceset/quad_fem_r/activation. bounds: [0.01, 1]
[2023-11-13 18:28:21.250] [cout] [info]   /forceset/gem_r/activation. bounds: [0.01, 1]
[2023-11-13 18:28:21.250] [cout] [info]   /forceset/peri_r/activation. bounds: [0.01, 1]
[2023-11-13 18:28:21.250] [cout] [info]   /forceset/rect_fem_r/activation. bounds: [0.01, 1]
[2023-11-13 18:28:21.250] [cout] [info]   /forceset/vas_med_r/activation. bounds: [0.01, 1]
[2023-11-13 18:28:21.250] [cout] [info]   /forceset/vas_int_r/activation. bounds: [0.01, 1]
[2023-11-13 18:28:21.250] [cout] [info]   /forceset/vas_lat_r/activation. bounds: [0.01, 1]
[2023-11-13 18:28:21.250] [cout] [info]   /forceset/med_gas_r/activation. bounds: [0.01, 1]
[2023-11-13 18:28:21.250] [cout] [info]   /forceset/lat_gas_r/activation. bounds: [0.01, 1]
[2023-11-13 18:28:21.250] [cout] [info]   /forceset/soleus_r/activation. bounds: [0.01, 1]
[2023-11-13 18:28:21.250] [cout] [info]   /forceset/tib_post_r/activation. bounds: [0.01, 1]
[2023-11-13 18:28:21.250] [cout] [info]   /forceset/flex_dig_r/activation. bounds: [0.01, 1]
[2023-11-13 18:28:21.250] [cout] [info]   /forceset/flex_hal_r/activation. bounds: [0.01, 1]
[2023-11-13 18:28:21.250] [cout] [info]   /forceset/tib_ant_r/activation. bounds: [0.01, 1]
[2023-11-13 18:28:21.250] [cout] [info]   /forceset/per_brev_r/activation. bounds: [0.01, 1]
[2023-11-13 18:28:21.250] [cout] [info]   /forceset/per_long_r/activation. bounds: [0.01, 1]
[2023-11-13 18:28:21.250] [cout] [info]   /forceset/per_tert_r/activation. bounds: [0.01, 1]
[2023-11-13 18:28:21.250] [cout] [info]   /forceset/ext_dig_r/activation. bounds: [0.01, 1]
[2023-11-13 18:28:21.250] [cout] [info]   /forceset/ext_hal_r/activation. bounds: [0.01, 1]
[2023-11-13 18:28:21.250] [cout] [info] Controls: (total: 76)
[2023-11-13 18:28:21.251] [cout] [info]   /forceset/glut_med1_r. bounds: [0.01, 1]
[2023-11-13 18:28:21.251] [cout] [info]   /forceset/glut_med2_r. bounds: [0.01, 1]
[2023-11-13 18:28:21.251] [cout] [info]   /forceset/glut_med3_r. bounds: [0.01, 1]
[2023-11-13 18:28:21.251] [cout] [info]   /forceset/glut_min1_r. bounds: [0.01, 1]
[2023-11-13 18:28:21.251] [cout] [info]   /forceset/glut_min2_r. bounds: [0.01, 1]
[2023-11-13 18:28:21.251] [cout] [info]   /forceset/glut_min3_r. bounds: [0.01, 1]
[2023-11-13 18:28:21.251] [cout] [info]   /forceset/mtp_angle_l_actuator. bounds: [-inf, inf]
[2023-11-13 18:28:21.251] [cout] [info]   /forceset/semimem_r. bounds: [0.01, 1]
[2023-11-13 18:28:21.251] [cout] [info]   /forceset/semiten_r. bounds: [0.01, 1]
[2023-11-13 18:28:21.251] [cout] [info]   /forceset/bifemlh_r. bounds: [0.01, 1]
[2023-11-13 18:28:21.251] [cout] [info]   /forceset/bifemsh_r. bounds: [0.01, 1]
[2023-11-13 18:28:21.251] [cout] [info]   /forceset/sar_r. bounds: [0.01, 1]
[2023-11-13 18:28:21.251] [cout] [info]   /forceset/add_long_r. bounds: [0.01, 1]
[2023-11-13 18:28:21.251] [cout] [info]   /forceset/add_brev_r. bounds: [0.01, 1]
[2023-11-13 18:28:21.251] [cout] [info]   /forceset/add_mag1_r. bounds: [0.01, 1]
[2023-11-13 18:28:21.251] [cout] [info]   /forceset/add_mag2_r. bounds: [0.01, 1]
[2023-11-13 18:28:21.251] [cout] [info]   /forceset/add_mag3_r. bounds: [0.01, 1]
[2023-11-13 18:28:21.251] [cout] [info]   /forceset/tfl_r. bounds: [0.01, 1]
[2023-11-13 18:28:21.251] [cout] [info]   /forceset/pect_r. bounds: [0.01, 1]
[2023-11-13 18:28:21.251] [cout] [info]   /forceset/grac_r. bounds: [0.01, 1]
[2023-11-13 18:28:21.251] [cout] [info]   /forceset/hip_flexion_r_reserve. bounds: [-inf, inf]
[2023-11-13 18:28:21.251] [cout] [info]   /forceset/glut_max1_r. bounds: [0.01, 1]
[2023-11-13 18:28:21.251] [cout] [info]   /forceset/glut_max2_r. bounds: [0.01, 1]
[2023-11-13 18:28:21.251] [cout] [info]   /forceset/glut_max3_r. bounds: [0.01, 1]
[2023-11-13 18:28:21.251] [cout] [info]   /forceset/iliacus_r. bounds: [0.01, 1]
[2023-11-13 18:28:21.251] [cout] [info]   /forceset/psoas_r. bounds: [0.01, 1]
[2023-11-13 18:28:21.251] [cout] [info]   /forceset/quad_fem_r. bounds: [0.01, 1]
[2023-11-13 18:28:21.251] [cout] [info]   /forceset/gem_r. bounds: [0.01, 1]
[2023-11-13 18:28:21.251] [cout] [info]   /forceset/peri_r. bounds: [0.01, 1]
[2023-11-13 18:28:21.251] [cout] [info]   /forceset/rect_fem_r. bounds: [0.01, 1]
[2023-11-13 18:28:21.251] [cout] [info]   /forceset/vas_med_r. bounds: [0.01, 1]
[2023-11-13 18:28:21.251] [cout] [info]   /forceset/vas_int_r. bounds: [0.01, 1]
[2023-11-13 18:28:21.251] [cout] [info]   /forceset/vas_lat_r. bounds: [0.01, 1]
[2023-11-13 18:28:21.251] [cout] [info]   /forceset/med_gas_r. bounds: [0.01, 1]
[2023-11-13 18:28:21.251] [cout] [info]   /forceset/lat_gas_r. bounds: [0.01, 1]
[2023-11-13 18:28:21.251] [cout] [info]   /forceset/soleus_r. bounds: [0.01, 1]
[2023-11-13 18:28:21.251] [cout] [info]   /forceset/tib_post_r. bounds: [0.01, 1]
[2023-11-13 18:28:21.251] [cout] [info]   /forceset/flex_dig_r. bounds: [0.01, 1]
[2023-11-13 18:28:21.251] [cout] [info]   /forceset/flex_hal_r. bounds: [0.01, 1]
[2023-11-13 18:28:21.251] [cout] [info]   /forceset/tib_ant_r. bounds: [0.01, 1]
[2023-11-13 18:28:21.251] [cout] [info]   /forceset/per_brev_r. bounds: [0.01, 1]
[2023-11-13 18:28:21.251] [cout] [info]   /forceset/per_long_r. bounds: [0.01, 1]
[2023-11-13 18:28:21.251] [cout] [info]   /forceset/per_tert_r. bounds: [0.01, 1]
[2023-11-13 18:28:21.251] [cout] [info]   /forceset/ext_dig_r. bounds: [0.01, 1]
[2023-11-13 18:28:21.251] [cout] [info]   /forceset/ext_hal_r. bounds: [0.01, 1]
[2023-11-13 18:28:21.251] [cout] [info]   /forceset/lumbar_extension_actuator. bounds: [-inf, inf]
[2023-11-13 18:28:21.251] [cout] [info]   /forceset/lumbar_bending_actuator. bounds: [-inf, inf]
[2023-11-13 18:28:21.251] [cout] [info]   /forceset/lumbar_rotation_actuator. bounds: [-inf, inf]
[2023-11-13 18:28:21.251] [cout] [info]   /forceset/arm_flex_r_actuator. bounds: [-inf, inf]
[2023-11-13 18:28:21.251] [cout] [info]   /forceset/arm_add_r_actuator. bounds: [-inf, inf]
[2023-11-13 18:28:21.251] [cout] [info]   /forceset/arm_rot_r_actuator. bounds: [-inf, inf]
[2023-11-13 18:28:21.251] [cout] [info]   /forceset/elbow_flex_r_actuator. bounds: [-inf, inf]
[2023-11-13 18:28:21.251] [cout] [info]   /forceset/pro_sup_r_actuator. bounds: [-inf, inf]
[2023-11-13 18:28:21.251] [cout] [info]   /forceset/hip_rotation_l_actuator. bounds: [-inf, inf]
[2023-11-13 18:28:21.251] [cout] [info]   /forceset/arm_flex_l_actuator. bounds: [-inf, inf]
[2023-11-13 18:28:21.251] [cout] [info]   /forceset/arm_add_l_actuator. bounds: [-inf, inf]
[2023-11-13 18:28:21.251] [cout] [info]   /forceset/arm_rot_l_actuator. bounds: [-inf, inf]
[2023-11-13 18:28:21.251] [cout] [info]   /forceset/elbow_flex_l_actuator. bounds: [-inf, inf]
[2023-11-13 18:28:21.251] [cout] [info]   /forceset/pro_sup_l_actuator. bounds: [-inf, inf]
[2023-11-13 18:28:21.251] [cout] [info]   /forceset/hip_flexion_l_actuator. bounds: [-inf, inf]
[2023-11-13 18:28:21.251] [cout] [info]   /forceset/hip_adduction_l_actuator. bounds: [-inf, inf]
[2023-11-13 18:28:21.251] [cout] [info]   /forceset/knee_angle_l_actuator. bounds: [-inf, inf]
[2023-11-13 18:28:21.251] [cout] [info]   /forceset/ankle_angle_l_actuator. bounds: [-inf, inf]
[2023-11-13 18:28:21.251] [cout] [info]   /forceset/subtalar_angle_l_actuator. bounds: [-inf, inf]
[2023-11-13 18:28:21.252] [cout] [info]   /forceset/hip_adduction_r_reserve. bounds: [-inf, inf]
[2023-11-13 18:28:21.252] [cout] [info]   /forceset/hip_rotation_r_reserve. bounds: [-inf, inf]
[2023-11-13 18:28:21.252] [cout] [info]   /forceset/knee_angle_r_reserve. bounds: [-inf, inf]
[2023-11-13 18:28:21.252] [cout] [info]   /forceset/ankle_angle_r_reserve. bounds: [-inf, inf]
[2023-11-13 18:28:21.252] [cout] [info]   /forceset/subtalar_angle_r_reserve. bounds: [-inf, inf]
[2023-11-13 18:28:21.252] [cout] [info]   /forceset/mtp_angle_r_reserve. bounds: [-inf, inf]
[2023-11-13 18:28:21.252] [cout] [info]   /forceset/pelvis_tx_residual. bounds: [-inf, inf]
[2023-11-13 18:28:21.252] [cout] [info]   /forceset/pelvis_ty_residual. bounds: [-inf, inf]
[2023-11-13 18:28:21.252] [cout] [info]   /forceset/pelvis_tz_residual. bounds: [-inf, inf]
[2023-11-13 18:28:21.252] [cout] [info]   /forceset/pelvis_tilt_residual. bounds: [-inf, inf]
[2023-11-13 18:28:21.252] [cout] [info]   /forceset/pelvis_list_residual. bounds: [-inf, inf]
[2023-11-13 18:28:21.252] [cout] [info]   /forceset/pelvis_rotation_residual. bounds: [-inf, inf]
[2023-11-13 18:28:21.252] [cout] [info] Parameters: none
[2023-11-13 18:28:24.412] [info] Number of threads: 8
[2023-11-13 19:20:00.903] [info] Set log level to Info.
[2023-11-13 19:20:00.908] [info] ------------------------------------------------------------------------
[2023-11-13 19:20:00.908] [info] Elapsed real time: 3100 second(s) (51 minute(s), 40 second(s)).
[2023-11-13 19:20:00.908] [info] Mon Nov 13 19:20:00 2023
[2023-11-13 19:20:00.908] [warning] MocoCasADiSolver did NOT succeed:
[2023-11-13 19:20:00.908] [warning]   User_Requested_Stop
[2023-11-13 19:20:00.908] [info] ========================================================================
[2023-11-13 19:20:33.443] [cout] [info] Exiting visualization.
[2023-11-13 19:21:17.576] [info] Loaded model JA1_SCALED from file ..\model\JA1_SCALED_Osim4_Muscles.osim
[2023-11-13 19:21:32.139] [info] ========================================================================
[2023-11-13 19:21:32.139] [info] MocoCasADiSolver starting.
[2023-11-13 19:21:32.139] [info] Mon Nov 13 19:21:32 2023
[2023-11-13 19:21:32.139] [info] ------------------------------------------------------------------------
[2023-11-13 19:21:32.139] [cout] [info] Costs: (total: 5)
[2023-11-13 19:21:32.139] [cout] [info]   state_tracking. MocoStateTrackingGoal, enabled: true, mode: cost, weight: 1.0
[2023-11-13 19:21:32.139] [cout] [info]         state: /jointset/ground_pelvis/pelvis_tilt/value, weight: 10.0
[2023-11-13 19:21:32.139] [cout] [info]         state: /jointset/ground_pelvis/pelvis_list/value, weight: 10.0
[2023-11-13 19:21:32.139] [cout] [info]         state: /jointset/ground_pelvis/pelvis_rotation/value, weight: 10.0
[2023-11-13 19:21:32.149] [cout] [info]         state: /jointset/ground_pelvis/pelvis_tx/value, weight: 5.0
[2023-11-13 19:21:32.149] [cout] [info]         state: /jointset/ground_pelvis/pelvis_ty/value, weight: 0.1
[2023-11-13 19:21:32.149] [cout] [info]         state: /jointset/ground_pelvis/pelvis_tz/value, weight: 2.5
[2023-11-13 19:21:32.149] [cout] [info]         state: /jointset/hip_r/hip_flexion_r/value, weight: 10.0
[2023-11-13 19:21:32.149] [cout] [info]         state: /jointset/hip_r/hip_adduction_r/value, weight: 5.0
[2023-11-13 19:21:32.149] [cout] [info]         state: /jointset/hip_r/hip_rotation_r/value, weight: 2.5
[2023-11-13 19:21:32.149] [cout] [info]         state: /jointset/hip_l/hip_flexion_l/value, weight: 10.0
[2023-11-13 19:21:32.149] [cout] [info]         state: /jointset/hip_l/hip_adduction_l/value, weight: 5.0
[2023-11-13 19:21:32.149] [cout] [info]         state: /jointset/hip_l/hip_rotation_l/value, weight: 2.5
[2023-11-13 19:21:32.149] [cout] [info]         state: /jointset/back/lumbar_extension/value, weight: 15.0
[2023-11-13 19:21:32.149] [cout] [info]         state: /jointset/back/lumbar_bending/value, weight: 10.0
[2023-11-13 19:21:32.149] [cout] [info]         state: /jointset/back/lumbar_rotation/value, weight: 5.0
[2023-11-13 19:21:32.149] [cout] [info]         state: /jointset/knee_r/knee_angle_r/value, weight: 10.0
[2023-11-13 19:21:32.149] [cout] [info]         state: /jointset/knee_l/knee_angle_l/value, weight: 10.0
[2023-11-13 19:21:32.149] [cout] [info]         state: /jointset/acromial_r/arm_flex_r/value, weight: 2.5
[2023-11-13 19:21:32.149] [cout] [info]         state: /jointset/acromial_r/arm_add_r/value, weight: 1.0
[2023-11-13 19:21:32.149] [cout] [info]         state: /jointset/acromial_r/arm_rot_r/value, weight: 1.0
[2023-11-13 19:21:32.149] [cout] [info]         state: /jointset/acromial_l/arm_flex_l/value, weight: 2.5
[2023-11-13 19:21:32.149] [cout] [info]         state: /jointset/acromial_l/arm_add_l/value, weight: 1.0
[2023-11-13 19:21:32.149] [cout] [info]         state: /jointset/acromial_l/arm_rot_l/value, weight: 1.0
[2023-11-13 19:21:32.149] [cout] [info]         state: /jointset/ankle_r/ankle_angle_r/value, weight: 2.5
[2023-11-13 19:21:32.149] [cout] [info]         state: /jointset/ankle_l/ankle_angle_l/value, weight: 2.5
[2023-11-13 19:21:32.149] [cout] [info]         state: /jointset/elbow_r/elbow_flex_r/value, weight: 5.0
[2023-11-13 19:21:32.149] [cout] [info]         state: /jointset/elbow_l/elbow_flex_l/value, weight: 5.0
[2023-11-13 19:21:32.149] [cout] [info]         state: /jointset/subtalar_r/subtalar_angle_r/value, weight: 1.0
[2023-11-13 19:21:32.149] [cout] [info]         state: /jointset/subtalar_l/subtalar_angle_l/value, weight: 1.0
[2023-11-13 19:21:32.149] [cout] [info]         state: /jointset/radioulnar_r/pro_sup_r/value, weight: 1.0
[2023-11-13 19:21:32.149] [cout] [info]         state: /jointset/radioulnar_l/pro_sup_l/value, weight: 1.0
[2023-11-13 19:21:32.149] [cout] [info]         state: /jointset/mtp_r/mtp_angle_r/value, weight: 0.5
[2023-11-13 19:21:32.149] [cout] [info]         state: /jointset/mtp_l/mtp_angle_l/value, weight: 0.5
[2023-11-13 19:21:32.149] [cout] [info]         state: /jointset/ground_pelvis/pelvis_tilt/speed, weight: 0.01
[2023-11-13 19:21:32.149] [cout] [info]         state: /jointset/ground_pelvis/pelvis_list/speed, weight: 0.01
[2023-11-13 19:21:32.149] [cout] [info]         state: /jointset/ground_pelvis/pelvis_rotation/speed, weight: 0.01
[2023-11-13 19:21:32.149] [cout] [info]         state: /jointset/ground_pelvis/pelvis_tx/speed, weight: 0.00500000
[2023-11-13 19:21:32.149] [cout] [info]         state: /jointset/ground_pelvis/pelvis_ty/speed, weight: 0.000100000
[2023-11-13 19:21:32.149] [cout] [info]         state: /jointset/ground_pelvis/pelvis_tz/speed, weight: 0.00250000
[2023-11-13 19:21:32.149] [cout] [info]         state: /jointset/hip_r/hip_flexion_r/speed, weight: 0.01
[2023-11-13 19:21:32.149] [cout] [info]         state: /jointset/hip_r/hip_adduction_r/speed, weight: 0.00500000
[2023-11-13 19:21:32.149] [cout] [info]         state: /jointset/hip_r/hip_rotation_r/speed, weight: 0.00250000
[2023-11-13 19:21:32.149] [cout] [info]         state: /jointset/hip_l/hip_flexion_l/speed, weight: 0.01
[2023-11-13 19:21:32.149] [cout] [info]         state: /jointset/hip_l/hip_adduction_l/speed, weight: 0.00500000
[2023-11-13 19:21:32.149] [cout] [info]         state: /jointset/hip_l/hip_rotation_l/speed, weight: 0.00250000
[2023-11-13 19:21:32.149] [cout] [info]         state: /jointset/back/lumbar_extension/speed, weight: 0.015
[2023-11-13 19:21:32.149] [cout] [info]         state: /jointset/back/lumbar_bending/speed, weight: 0.01
[2023-11-13 19:21:32.149] [cout] [info]         state: /jointset/back/lumbar_rotation/speed, weight: 0.00500000
[2023-11-13 19:21:32.149] [cout] [info]         state: /jointset/knee_r/knee_angle_r/speed, weight: 0.01
[2023-11-13 19:21:32.149] [cout] [info]         state: /jointset/knee_l/knee_angle_l/speed, weight: 0.01
[2023-11-13 19:21:32.149] [cout] [info]         state: /jointset/acromial_r/arm_flex_r/speed, weight: 0.00250000
[2023-11-13 19:21:32.149] [cout] [info]         state: /jointset/acromial_r/arm_add_r/speed, weight: 0.00100000
[2023-11-13 19:21:32.149] [cout] [info]         state: /jointset/acromial_r/arm_rot_r/speed, weight: 0.00100000
[2023-11-13 19:21:32.149] [cout] [info]         state: /jointset/acromial_l/arm_flex_l/speed, weight: 0.00250000
[2023-11-13 19:21:32.149] [cout] [info]         state: /jointset/acromial_l/arm_add_l/speed, weight: 0.00100000
[2023-11-13 19:21:32.149] [cout] [info]         state: /jointset/acromial_l/arm_rot_l/speed, weight: 0.00100000
[2023-11-13 19:21:32.149] [cout] [info]         state: /jointset/ankle_r/ankle_angle_r/speed, weight: 0.00250000
[2023-11-13 19:21:32.149] [cout] [info]         state: /jointset/ankle_l/ankle_angle_l/speed, weight: 0.00250000
[2023-11-13 19:21:32.149] [cout] [info]         state: /jointset/elbow_r/elbow_flex_r/speed, weight: 0.00500000
[2023-11-13 19:21:32.149] [cout] [info]         state: /jointset/elbow_l/elbow_flex_l/speed, weight: 0.00500000
[2023-11-13 19:21:32.149] [cout] [info]         state: /jointset/subtalar_r/subtalar_angle_r/speed, weight: 0.00100000
[2023-11-13 19:21:32.149] [cout] [info]         state: /jointset/subtalar_l/subtalar_angle_l/speed, weight: 0.00100000
[2023-11-13 19:21:32.149] [cout] [info]         state: /jointset/radioulnar_r/pro_sup_r/speed, weight: 0.00100000
[2023-11-13 19:21:32.149] [cout] [info]         state: /jointset/radioulnar_l/pro_sup_l/speed, weight: 0.00100000
[2023-11-13 19:21:32.149] [cout] [info]         state: /jointset/mtp_r/mtp_angle_r/speed, weight: 0.000500000
[2023-11-13 19:21:32.149] [cout] [info]         state: /jointset/mtp_l/mtp_angle_l/speed, weight: 0.000500000
[2023-11-13 19:21:32.149] [cout] [info]   control_effort. MocoControlGoal, enabled: true, mode: cost, weight: 0.00100000
[2023-11-13 19:21:32.149] [cout] [info]         control: /forceset/glut_med1_r, weight: 1.0
[2023-11-13 19:21:32.149] [cout] [info]         control: /forceset/glut_med2_r, weight: 1.0
[2023-11-13 19:21:32.149] [cout] [info]         control: /forceset/glut_med3_r, weight: 1.0
[2023-11-13 19:21:32.149] [cout] [info]         control: /forceset/glut_min1_r, weight: 1.0
[2023-11-13 19:21:32.149] [cout] [info]         control: /forceset/glut_min2_r, weight: 1.0
[2023-11-13 19:21:32.149] [cout] [info]         control: /forceset/glut_min3_r, weight: 1.0
[2023-11-13 19:21:32.149] [cout] [info]         control: /forceset/semimem_r, weight: 1.0
[2023-11-13 19:21:32.149] [cout] [info]         control: /forceset/semiten_r, weight: 1.0
[2023-11-13 19:21:32.149] [cout] [info]         control: /forceset/bifemlh_r, weight: 1.0
[2023-11-13 19:21:32.149] [cout] [info]         control: /forceset/bifemsh_r, weight: 1.0
[2023-11-13 19:21:32.149] [cout] [info]         control: /forceset/sar_r, weight: 1.0
[2023-11-13 19:21:32.149] [cout] [info]         control: /forceset/add_long_r, weight: 1.0
[2023-11-13 19:21:32.149] [cout] [info]         control: /forceset/add_brev_r, weight: 1.0
[2023-11-13 19:21:32.149] [cout] [info]         control: /forceset/add_mag1_r, weight: 1.0
[2023-11-13 19:21:32.149] [cout] [info]         control: /forceset/add_mag2_r, weight: 1.0
[2023-11-13 19:21:32.149] [cout] [info]         control: /forceset/add_mag3_r, weight: 1.0
[2023-11-13 19:21:32.149] [cout] [info]         control: /forceset/tfl_r, weight: 1.0
[2023-11-13 19:21:32.150] [cout] [info]         control: /forceset/pect_r, weight: 1.0
[2023-11-13 19:21:32.150] [cout] [info]         control: /forceset/grac_r, weight: 1.0
[2023-11-13 19:21:32.150] [cout] [info]         control: /forceset/glut_max1_r, weight: 1.0
[2023-11-13 19:21:32.150] [cout] [info]         control: /forceset/glut_max2_r, weight: 1.0
[2023-11-13 19:21:32.150] [cout] [info]         control: /forceset/glut_max3_r, weight: 1.0
[2023-11-13 19:21:32.150] [cout] [info]         control: /forceset/iliacus_r, weight: 1.0
[2023-11-13 19:21:32.150] [cout] [info]         control: /forceset/psoas_r, weight: 1.0
[2023-11-13 19:21:32.150] [cout] [info]         control: /forceset/quad_fem_r, weight: 1.0
[2023-11-13 19:21:32.150] [cout] [info]         control: /forceset/gem_r, weight: 1.0
[2023-11-13 19:21:32.150] [cout] [info]         control: /forceset/peri_r, weight: 1.0
[2023-11-13 19:21:32.150] [cout] [info]         control: /forceset/rect_fem_r, weight: 1.0
[2023-11-13 19:21:32.150] [cout] [info]         control: /forceset/vas_med_r, weight: 1.0
[2023-11-13 19:21:32.150] [cout] [info]         control: /forceset/vas_int_r, weight: 1.0
[2023-11-13 19:21:32.150] [cout] [info]         control: /forceset/vas_lat_r, weight: 1.0
[2023-11-13 19:21:32.150] [cout] [info]         control: /forceset/med_gas_r, weight: 1.0
[2023-11-13 19:21:32.150] [cout] [info]         control: /forceset/lat_gas_r, weight: 1.0
[2023-11-13 19:21:32.150] [cout] [info]         control: /forceset/soleus_r, weight: 1.0
[2023-11-13 19:21:32.150] [cout] [info]         control: /forceset/tib_post_r, weight: 1.0
[2023-11-13 19:21:32.150] [cout] [info]         control: /forceset/flex_dig_r, weight: 1.0
[2023-11-13 19:21:32.150] [cout] [info]         control: /forceset/flex_hal_r, weight: 1.0
[2023-11-13 19:21:32.150] [cout] [info]         control: /forceset/tib_ant_r, weight: 1.0
[2023-11-13 19:21:32.150] [cout] [info]         control: /forceset/per_brev_r, weight: 1.0
[2023-11-13 19:21:32.150] [cout] [info]         control: /forceset/per_long_r, weight: 1.0
[2023-11-13 19:21:32.150] [cout] [info]         control: /forceset/per_tert_r, weight: 1.0
[2023-11-13 19:21:32.150] [cout] [info]         control: /forceset/ext_dig_r, weight: 1.0
[2023-11-13 19:21:32.150] [cout] [info]         control: /forceset/ext_hal_r, weight: 1.0
[2023-11-13 19:21:32.150] [cout] [info]         control: /forceset/lumbar_extension_actuator, weight: 1.0
[2023-11-13 19:21:32.150] [cout] [info]         control: /forceset/lumbar_bending_actuator, weight: 1.0
[2023-11-13 19:21:32.150] [cout] [info]         control: /forceset/lumbar_rotation_actuator, weight: 1.0
[2023-11-13 19:21:32.150] [cout] [info]         control: /forceset/arm_flex_r_actuator, weight: 1.0
[2023-11-13 19:21:32.150] [cout] [info]         control: /forceset/arm_add_r_actuator, weight: 1.0
[2023-11-13 19:21:32.150] [cout] [info]         control: /forceset/arm_rot_r_actuator, weight: 1.0
[2023-11-13 19:21:32.150] [cout] [info]         control: /forceset/elbow_flex_r_actuator, weight: 1.0
[2023-11-13 19:21:32.150] [cout] [info]         control: /forceset/pro_sup_r_actuator, weight: 1.0
[2023-11-13 19:21:32.150] [cout] [info]         control: /forceset/arm_flex_l_actuator, weight: 1.0
[2023-11-13 19:21:32.150] [cout] [info]         control: /forceset/arm_add_l_actuator, weight: 1.0
[2023-11-13 19:21:32.150] [cout] [info]         control: /forceset/arm_rot_l_actuator, weight: 1.0
[2023-11-13 19:21:32.150] [cout] [info]         control: /forceset/elbow_flex_l_actuator, weight: 1.0
[2023-11-13 19:21:32.150] [cout] [info]         control: /forceset/pro_sup_l_actuator, weight: 1.0
[2023-11-13 19:21:32.150] [cout] [info]         control: /forceset/hip_flexion_l_actuator, weight: 1.0
[2023-11-13 19:21:32.150] [cout] [info]         control: /forceset/hip_adduction_l_actuator, weight: 1.0
[2023-11-13 19:21:32.150] [cout] [info]         control: /forceset/hip_rotation_l_actuator, weight: 1.0
[2023-11-13 19:21:32.150] [cout] [info]         control: /forceset/knee_angle_l_actuator, weight: 1.0
[2023-11-13 19:21:32.150] [cout] [info]         control: /forceset/ankle_angle_l_actuator, weight: 1.0
[2023-11-13 19:21:32.150] [cout] [info]         control: /forceset/subtalar_angle_l_actuator, weight: 1.0
[2023-11-13 19:21:32.150] [cout] [info]         control: /forceset/mtp_angle_l_actuator, weight: 1.0
[2023-11-13 19:21:32.150] [cout] [info]         control: /forceset/hip_flexion_r_reserve, weight: 1.0
[2023-11-13 19:21:32.150] [cout] [info]         control: /forceset/hip_adduction_r_reserve, weight: 1.0
[2023-11-13 19:21:32.150] [cout] [info]         control: /forceset/hip_rotation_r_reserve, weight: 1.0
[2023-11-13 19:21:32.150] [cout] [info]         control: /forceset/knee_angle_r_reserve, weight: 1.0
[2023-11-13 19:21:32.150] [cout] [info]         control: /forceset/ankle_angle_r_reserve, weight: 1.0
[2023-11-13 19:21:32.150] [cout] [info]         control: /forceset/subtalar_angle_r_reserve, weight: 1.0
[2023-11-13 19:21:32.150] [cout] [info]         control: /forceset/mtp_angle_r_reserve, weight: 1.0
[2023-11-13 19:21:32.150] [cout] [info]         control: /forceset/pelvis_tx_residual, weight: 1.0
[2023-11-13 19:21:32.150] [cout] [info]         control: /forceset/pelvis_ty_residual, weight: 1.0
[2023-11-13 19:21:32.150] [cout] [info]         control: /forceset/pelvis_tz_residual, weight: 1.0
[2023-11-13 19:21:32.150] [cout] [info]         control: /forceset/pelvis_tilt_residual, weight: 1.0
[2023-11-13 19:21:32.150] [cout] [info]         control: /forceset/pelvis_list_residual, weight: 1.0
[2023-11-13 19:21:32.150] [cout] [info]         control: /forceset/pelvis_rotation_residual, weight: 1.0
[2023-11-13 19:21:32.150] [cout] [info]   contact0. MocoContactTrackingGoal, enabled: true, mode: cost, weight: 0.1
[2023-11-13 19:21:32.150] [cout] [info]         projection type: vector
[2023-11-13 19:21:32.150] [cout] [info]         projection vector: ~[1,0,0]
[2023-11-13 19:21:32.150] [cout] [info]         group 0: ExternalForce: LeftGRF1
[2023-11-13 19:21:32.150] [cout] [info]             forces:
[2023-11-13 19:21:32.150] [cout] [info]                 /forceset/contactForce_s1_l
[2023-11-13 19:21:32.150] [cout] [info]                 /forceset/contactForce_s2_l
[2023-11-13 19:21:32.150] [cout] [info]                 /forceset/contactForce_s3_l
[2023-11-13 19:21:32.150] [cout] [info]                 /forceset/contactForce_s5_l
[2023-11-13 19:21:32.150] [cout] [info]         group 1: ExternalForce: RightGRF1
[2023-11-13 19:21:32.150] [cout] [info]             forces:
[2023-11-13 19:21:32.150] [cout] [info]                 /forceset/contactForce_s1_r
[2023-11-13 19:21:32.150] [cout] [info]                 /forceset/contactForce_s2_r
[2023-11-13 19:21:32.150] [cout] [info]                 /forceset/contactForce_s3_r
[2023-11-13 19:21:32.150] [cout] [info]                 /forceset/contactForce_s5_r
[2023-11-13 19:21:32.150] [cout] [info]   contact1. MocoContactTrackingGoal, enabled: true, mode: cost, weight: 0.1
[2023-11-13 19:21:32.150] [cout] [info]         projection type: vector
[2023-11-13 19:21:32.150] [cout] [info]         projection vector: ~[0,1,0]
[2023-11-13 19:21:32.150] [cout] [info]         group 0: ExternalForce: LeftGRF1
[2023-11-13 19:21:32.150] [cout] [info]             forces:
[2023-11-13 19:21:32.150] [cout] [info]                 /forceset/contactForce_s1_l
[2023-11-13 19:21:32.150] [cout] [info]                 /forceset/contactForce_s2_l
[2023-11-13 19:21:32.150] [cout] [info]                 /forceset/contactForce_s3_l
[2023-11-13 19:21:32.150] [cout] [info]                 /forceset/contactForce_s5_l
[2023-11-13 19:21:32.150] [cout] [info]         group 1: ExternalForce: RightGRF1
[2023-11-13 19:21:32.150] [cout] [info]             forces:
[2023-11-13 19:21:32.150] [cout] [info]                 /forceset/contactForce_s1_r
[2023-11-13 19:21:32.150] [cout] [info]                 /forceset/contactForce_s2_r
[2023-11-13 19:21:32.150] [cout] [info]                 /forceset/contactForce_s3_r
[2023-11-13 19:21:32.150] [cout] [info]                 /forceset/contactForce_s5_r
[2023-11-13 19:21:32.150] [cout] [info]   contact2. MocoContactTrackingGoal, enabled: true, mode: cost, weight: 0.1
[2023-11-13 19:21:32.150] [cout] [info]         projection type: vector
[2023-11-13 19:21:32.150] [cout] [info]         projection vector: ~[0,0,1]
[2023-11-13 19:21:32.150] [cout] [info]         group 0: ExternalForce: LeftGRF1
[2023-11-13 19:21:32.150] [cout] [info]             forces:
[2023-11-13 19:21:32.150] [cout] [info]                 /forceset/contactForce_s1_l
[2023-11-13 19:21:32.150] [cout] [info]                 /forceset/contactForce_s2_l
[2023-11-13 19:21:32.150] [cout] [info]                 /forceset/contactForce_s3_l
[2023-11-13 19:21:32.150] [cout] [info]                 /forceset/contactForce_s5_l
[2023-11-13 19:21:32.150] [cout] [info]         group 1: ExternalForce: RightGRF1
[2023-11-13 19:21:32.150] [cout] [info]             forces:
[2023-11-13 19:21:32.150] [cout] [info]                 /forceset/contactForce_s1_r
[2023-11-13 19:21:32.150] [cout] [info]                 /forceset/contactForce_s2_r
[2023-11-13 19:21:32.150] [cout] [info]                 /forceset/contactForce_s3_r
[2023-11-13 19:21:32.150] [cout] [info]                 /forceset/contactForce_s5_r
[2023-11-13 19:21:32.150] [cout] [info] Endpoint constraints: none
[2023-11-13 19:21:32.150] [cout] [info] Kinematic constraints: none
[2023-11-13 19:21:32.150] [cout] [info] Path constraints: (total: 10)
[2023-11-13 19:21:32.150] [cout] [info]   . MocoConstraintInfo. number of scalar equations: 1. bounds: [0, 1]
[2023-11-13 19:21:32.150] [cout] [info]         output: /markerset/r_fp_heel1|location, type: SimTK::Vec3, index: 1, exponent: 1
[2023-11-13 19:21:32.150] [cout] [info]   . MocoConstraintInfo. number of scalar equations: 1. bounds: [0, 1]
[2023-11-13 19:21:32.150] [cout] [info]         output: /markerset/r_fp_heel2|location, type: SimTK::Vec3, index: 1, exponent: 1
[2023-11-13 19:21:32.150] [cout] [info]   . MocoConstraintInfo. number of scalar equations: 1. bounds: [0, 1]
[2023-11-13 19:21:32.150] [cout] [info]         output: /markerset/r_fp_mt1|location, type: SimTK::Vec3, index: 1, exponent: 1
[2023-11-13 19:21:32.150] [cout] [info]   . MocoConstraintInfo. number of scalar equations: 1. bounds: [0, 1]
[2023-11-13 19:21:32.150] [cout] [info]         output: /markerset/r_fp_mt2|location, type: SimTK::Vec3, index: 1, exponent: 1
[2023-11-13 19:21:32.150] [cout] [info]   . MocoConstraintInfo. number of scalar equations: 1. bounds: [0, 1]
[2023-11-13 19:21:32.150] [cout] [info]         output: /markerset/r_fp_toe|location, type: SimTK::Vec3, index: 1, exponent: 1
[2023-11-13 19:21:32.150] [cout] [info]   . MocoConstraintInfo. number of scalar equations: 1. bounds: [0, 1]
[2023-11-13 19:21:32.150] [cout] [info]         output: /markerset/l_fp_heel1|location, type: SimTK::Vec3, index: 1, exponent: 1
[2023-11-13 19:21:32.150] [cout] [info]   . MocoConstraintInfo. number of scalar equations: 1. bounds: [0, 1]
[2023-11-13 19:21:32.150] [cout] [info]         output: /markerset/l_fp_heel2|location, type: SimTK::Vec3, index: 1, exponent: 1
[2023-11-13 19:21:32.150] [cout] [info]   . MocoConstraintInfo. number of scalar equations: 1. bounds: [0, 1]
[2023-11-13 19:21:32.150] [cout] [info]         output: /markerset/l_fp_mt1|location, type: SimTK::Vec3, index: 1, exponent: 1
[2023-11-13 19:21:32.150] [cout] [info]   . MocoConstraintInfo. number of scalar equations: 1. bounds: [0, 1]
[2023-11-13 19:21:32.151] [cout] [info]         output: /markerset/l_fp_mt2|location, type: SimTK::Vec3, index: 1, exponent: 1
[2023-11-13 19:21:32.151] [cout] [info]   . MocoConstraintInfo. number of scalar equations: 1. bounds: [0, 1]
[2023-11-13 19:21:32.151] [cout] [info]         output: /markerset/l_fp_toe|location, type: SimTK::Vec3, index: 1, exponent: 1
[2023-11-13 19:21:32.151] [cout] [info] States: (total: 109)
[2023-11-13 19:21:32.151] [cout] [info]   /jointset/ground_pelvis/pelvis_tilt/value. bounds: [-1.5708, 1.5708]
[2023-11-13 19:21:32.151] [cout] [info]   /jointset/ground_pelvis/pelvis_list/value. bounds: [-1.5708, 1.5708]
[2023-11-13 19:21:32.151] [cout] [info]   /jointset/radioulnar_r/pro_sup_r/value. bounds: [0, 3.1416]
[2023-11-13 19:21:32.151] [cout] [info]   /jointset/ground_pelvis/pelvis_rotation/value. bounds: [-1.5708, 1.5708]
[2023-11-13 19:21:32.151] [cout] [info]   /jointset/ground_pelvis/pelvis_tx/value. bounds: [-20, 20]
[2023-11-13 19:21:32.151] [cout] [info]   /jointset/elbow_r/elbow_flex_r/value. bounds: [-0.17453, 2.618]
[2023-11-13 19:21:32.151] [cout] [info]   /jointset/ground_pelvis/pelvis_ty/value. bounds: [-2, 4]
[2023-11-13 19:21:32.151] [cout] [info]   /jointset/ground_pelvis/pelvis_tz/value. bounds: [-5, 5]
[2023-11-13 19:21:32.151] [cout] [info]   /jointset/hip_r/hip_adduction_r/speed. bounds: [-50, 50]
[2023-11-13 19:21:32.151] [cout] [info]   /jointset/ankle_r/ankle_angle_r/value. bounds: [-1.0472, 0.69813]
[2023-11-13 19:21:32.151] [cout] [info]   /jointset/hip_r/hip_flexion_r/value. bounds: [-0.69813, 1.7453]
[2023-11-13 19:21:32.151] [cout] [info]   /jointset/hip_r/hip_adduction_r/value. bounds: [-0.5236, 0.5236]
[2023-11-13 19:21:32.151] [cout] [info]   /jointset/back/lumbar_rotation/speed. bounds: [-50, 50]
[2023-11-13 19:21:32.151] [cout] [info]   /jointset/hip_r/hip_rotation_r/value. bounds: [-0.5236, 0.5236]
[2023-11-13 19:21:32.151] [cout] [info]   /jointset/mtp_l/mtp_angle_l/speed. bounds: [-50, 50]
[2023-11-13 19:21:32.151] [cout] [info]   /jointset/knee_r/knee_angle_r/value. bounds: [-2.7925, 0.17453]
[2023-11-13 19:21:32.151] [cout] [info]   /jointset/hip_l/hip_flexion_l/value. bounds: [-0.69813, 1.7453]
[2023-11-13 19:21:32.151] [cout] [info]   /jointset/subtalar_r/subtalar_angle_r/value. bounds: [-0.87266, 0.87266]
[2023-11-13 19:21:32.151] [cout] [info]   /jointset/mtp_r/mtp_angle_r/value. bounds: [-1.0472, 1.0472]
[2023-11-13 19:21:32.151] [cout] [info]   /jointset/hip_l/hip_adduction_l/value. bounds: [-0.5236, 0.5236]
[2023-11-13 19:21:32.151] [cout] [info]   /jointset/hip_l/hip_rotation_l/value. bounds: [-0.5236, 0.5236]
[2023-11-13 19:21:32.151] [cout] [info]   /forceset/glut_min1_r/activation. bounds: [0.01, 1]
[2023-11-13 19:21:32.151] [cout] [info]   /jointset/knee_l/knee_angle_l/value. bounds: [-2.7925, 0.17453]
[2023-11-13 19:21:32.151] [cout] [info]   /jointset/knee_r/knee_angle_r/speed. bounds: [-50, 50]
[2023-11-13 19:21:32.151] [cout] [info]   /jointset/ankle_l/ankle_angle_l/value. bounds: [-1.0472, 0.69813]
[2023-11-13 19:21:32.151] [cout] [info]   /jointset/subtalar_l/subtalar_angle_l/value. bounds: [-0.87266, 0.87266]
[2023-11-13 19:21:32.151] [cout] [info]   /jointset/mtp_l/mtp_angle_l/value. bounds: [-1.0472, 1.0472]
[2023-11-13 19:21:32.151] [cout] [info]   /forceset/bifemsh_r/activation. bounds: [0.01, 1]
[2023-11-13 19:21:32.151] [cout] [info]   /jointset/back/lumbar_extension/value. bounds: [-0.7854, 0.17453]
[2023-11-13 19:21:32.151] [cout] [info]   /jointset/back/lumbar_bending/value. bounds: [-0.34907, 0.34907]
[2023-11-13 19:21:32.151] [cout] [info]   /jointset/back/lumbar_rotation/value. bounds: [-0.5236, 0.5236]
[2023-11-13 19:21:32.151] [cout] [info]   /jointset/acromial_r/arm_flex_r/value. bounds: [-1.5708, 1.5708]
[2023-11-13 19:21:32.151] [cout] [info]   /jointset/acromial_r/arm_add_r/value. bounds: [-2.0944, 1.5708]
[2023-11-13 19:21:32.151] [cout] [info]   /jointset/acromial_r/arm_rot_r/value. bounds: [-1.5708, 1.5708]
[2023-11-13 19:21:32.151] [cout] [info]   /jointset/acromial_l/arm_flex_l/value. bounds: [-1.5708, 1.5708]
[2023-11-13 19:21:32.151] [cout] [info]   /jointset/acromial_l/arm_add_l/value. bounds: [-2.0944, 1.5708]
[2023-11-13 19:21:32.151] [cout] [info]   /jointset/acromial_l/arm_rot_l/value. bounds: [-1.5708, 1.5708]
[2023-11-13 19:21:32.151] [cout] [info]   /jointset/elbow_l/elbow_flex_l/value. bounds: [-0.17453, 2.618]
[2023-11-13 19:21:32.151] [cout] [info]   /jointset/radioulnar_l/pro_sup_l/value. bounds: [0, 3.1416]
[2023-11-13 19:21:32.151] [cout] [info]   /jointset/ground_pelvis/pelvis_tilt/speed. bounds: [-50, 50]
[2023-11-13 19:21:32.151] [cout] [info]   /jointset/ground_pelvis/pelvis_list/speed. bounds: [-50, 50]
[2023-11-13 19:21:32.151] [cout] [info]   /jointset/radioulnar_r/pro_sup_r/speed. bounds: [-50, 50]
[2023-11-13 19:21:32.151] [cout] [info]   /jointset/ground_pelvis/pelvis_rotation/speed. bounds: [-50, 50]
[2023-11-13 19:21:32.151] [cout] [info]   /jointset/ground_pelvis/pelvis_tx/speed. bounds: [-50, 50]
[2023-11-13 19:21:32.151] [cout] [info]   /jointset/elbow_r/elbow_flex_r/speed. bounds: [-50, 50]
[2023-11-13 19:21:32.151] [cout] [info]   /jointset/ground_pelvis/pelvis_ty/speed. bounds: [-50, 50]
[2023-11-13 19:21:32.151] [cout] [info]   /jointset/ground_pelvis/pelvis_tz/speed. bounds: [-50, 50]
[2023-11-13 19:21:32.151] [cout] [info]   /jointset/ankle_r/ankle_angle_r/speed. bounds: [-50, 50]
[2023-11-13 19:21:32.151] [cout] [info]   /jointset/hip_r/hip_flexion_r/speed. bounds: [-50, 50]
[2023-11-13 19:21:32.151] [cout] [info]   /jointset/hip_r/hip_rotation_r/speed. bounds: [-50, 50]
[2023-11-13 19:21:32.151] [cout] [info]   /jointset/hip_l/hip_flexion_l/speed. bounds: [-50, 50]
[2023-11-13 19:21:32.151] [cout] [info]   /jointset/subtalar_r/subtalar_angle_r/speed. bounds: [-50, 50]
[2023-11-13 19:21:32.151] [cout] [info]   /jointset/mtp_r/mtp_angle_r/speed. bounds: [-50, 50]
[2023-11-13 19:21:32.151] [cout] [info]   /jointset/hip_l/hip_adduction_l/speed. bounds: [-50, 50]
[2023-11-13 19:21:32.151] [cout] [info]   /jointset/hip_l/hip_rotation_l/speed. bounds: [-50, 50]
[2023-11-13 19:21:32.151] [cout] [info]   /jointset/knee_l/knee_angle_l/speed. bounds: [-50, 50]
[2023-11-13 19:21:32.151] [cout] [info]   /jointset/ankle_l/ankle_angle_l/speed. bounds: [-50, 50]
[2023-11-13 19:21:32.151] [cout] [info]   /jointset/subtalar_l/subtalar_angle_l/speed. bounds: [-50, 50]
[2023-11-13 19:21:32.151] [cout] [info]   /jointset/back/lumbar_extension/speed. bounds: [-50, 50]
[2023-11-13 19:21:32.151] [cout] [info]   /jointset/back/lumbar_bending/speed. bounds: [-50, 50]
[2023-11-13 19:21:32.151] [cout] [info]   /jointset/acromial_r/arm_flex_r/speed. bounds: [-50, 50]
[2023-11-13 19:21:32.151] [cout] [info]   /jointset/acromial_r/arm_add_r/speed. bounds: [-50, 50]
[2023-11-13 19:21:32.151] [cout] [info]   /jointset/acromial_r/arm_rot_r/speed. bounds: [-50, 50]
[2023-11-13 19:21:32.151] [cout] [info]   /jointset/acromial_l/arm_flex_l/speed. bounds: [-50, 50]
[2023-11-13 19:21:32.151] [cout] [info]   /jointset/acromial_l/arm_add_l/speed. bounds: [-50, 50]
[2023-11-13 19:21:32.151] [cout] [info]   /jointset/acromial_l/arm_rot_l/speed. bounds: [-50, 50]
[2023-11-13 19:21:32.151] [cout] [info]   /jointset/elbow_l/elbow_flex_l/speed. bounds: [-50, 50]
[2023-11-13 19:21:32.151] [cout] [info]   /jointset/radioulnar_l/pro_sup_l/speed. bounds: [-50, 50]
[2023-11-13 19:21:32.151] [cout] [info]   /forceset/glut_med1_r/activation. bounds: [0.01, 1]
[2023-11-13 19:21:32.151] [cout] [info]   /forceset/glut_med2_r/activation. bounds: [0.01, 1]
[2023-11-13 19:21:32.151] [cout] [info]   /forceset/glut_med3_r/activation. bounds: [0.01, 1]
[2023-11-13 19:21:32.151] [cout] [info]   /forceset/glut_min2_r/activation. bounds: [0.01, 1]
[2023-11-13 19:21:32.151] [cout] [info]   /forceset/glut_min3_r/activation. bounds: [0.01, 1]
[2023-11-13 19:21:32.151] [cout] [info]   /forceset/semimem_r/activation. bounds: [0.01, 1]
[2023-11-13 19:21:32.151] [cout] [info]   /forceset/semiten_r/activation. bounds: [0.01, 1]
[2023-11-13 19:21:32.151] [cout] [info]   /forceset/bifemlh_r/activation. bounds: [0.01, 1]
[2023-11-13 19:21:32.151] [cout] [info]   /forceset/sar_r/activation. bounds: [0.01, 1]
[2023-11-13 19:21:32.151] [cout] [info]   /forceset/add_long_r/activation. bounds: [0.01, 1]
[2023-11-13 19:21:32.151] [cout] [info]   /forceset/add_brev_r/activation. bounds: [0.01, 1]
[2023-11-13 19:21:32.151] [cout] [info]   /forceset/add_mag1_r/activation. bounds: [0.01, 1]
[2023-11-13 19:21:32.151] [cout] [info]   /forceset/add_mag2_r/activation. bounds: [0.01, 1]
[2023-11-13 19:21:32.151] [cout] [info]   /forceset/add_mag3_r/activation. bounds: [0.01, 1]
[2023-11-13 19:21:32.151] [cout] [info]   /forceset/tfl_r/activation. bounds: [0.01, 1]
[2023-11-13 19:21:32.151] [cout] [info]   /forceset/pect_r/activation. bounds: [0.01, 1]
[2023-11-13 19:21:32.151] [cout] [info]   /forceset/grac_r/activation. bounds: [0.01, 1]
[2023-11-13 19:21:32.151] [cout] [info]   /forceset/glut_max1_r/activation. bounds: [0.01, 1]
[2023-11-13 19:21:32.151] [cout] [info]   /forceset/glut_max2_r/activation. bounds: [0.01, 1]
[2023-11-13 19:21:32.151] [cout] [info]   /forceset/glut_max3_r/activation. bounds: [0.01, 1]
[2023-11-13 19:21:32.152] [cout] [info]   /forceset/iliacus_r/activation. bounds: [0.01, 1]
[2023-11-13 19:21:32.152] [cout] [info]   /forceset/psoas_r/activation. bounds: [0.01, 1]
[2023-11-13 19:21:32.152] [cout] [info]   /forceset/quad_fem_r/activation. bounds: [0.01, 1]
[2023-11-13 19:21:32.152] [cout] [info]   /forceset/gem_r/activation. bounds: [0.01, 1]
[2023-11-13 19:21:32.152] [cout] [info]   /forceset/peri_r/activation. bounds: [0.01, 1]
[2023-11-13 19:21:32.152] [cout] [info]   /forceset/rect_fem_r/activation. bounds: [0.01, 1]
[2023-11-13 19:21:32.152] [cout] [info]   /forceset/vas_med_r/activation. bounds: [0.01, 1]
[2023-11-13 19:21:32.152] [cout] [info]   /forceset/vas_int_r/activation. bounds: [0.01, 1]
[2023-11-13 19:21:32.152] [cout] [info]   /forceset/vas_lat_r/activation. bounds: [0.01, 1]
[2023-11-13 19:21:32.152] [cout] [info]   /forceset/med_gas_r/activation. bounds: [0.01, 1]
[2023-11-13 19:21:32.152] [cout] [info]   /forceset/lat_gas_r/activation. bounds: [0.01, 1]
[2023-11-13 19:21:32.152] [cout] [info]   /forceset/soleus_r/activation. bounds: [0.01, 1]
[2023-11-13 19:21:32.152] [cout] [info]   /forceset/tib_post_r/activation. bounds: [0.01, 1]
[2023-11-13 19:21:32.152] [cout] [info]   /forceset/flex_dig_r/activation. bounds: [0.01, 1]
[2023-11-13 19:21:32.152] [cout] [info]   /forceset/flex_hal_r/activation. bounds: [0.01, 1]
[2023-11-13 19:21:32.152] [cout] [info]   /forceset/tib_ant_r/activation. bounds: [0.01, 1]
[2023-11-13 19:21:32.152] [cout] [info]   /forceset/per_brev_r/activation. bounds: [0.01, 1]
[2023-11-13 19:21:32.152] [cout] [info]   /forceset/per_long_r/activation. bounds: [0.01, 1]
[2023-11-13 19:21:32.152] [cout] [info]   /forceset/per_tert_r/activation. bounds: [0.01, 1]
[2023-11-13 19:21:32.152] [cout] [info]   /forceset/ext_dig_r/activation. bounds: [0.01, 1]
[2023-11-13 19:21:32.152] [cout] [info]   /forceset/ext_hal_r/activation. bounds: [0.01, 1]
[2023-11-13 19:21:32.152] [cout] [info] Controls: (total: 76)
[2023-11-13 19:21:32.152] [cout] [info]   /forceset/glut_med1_r. bounds: [0.01, 1]
[2023-11-13 19:21:32.152] [cout] [info]   /forceset/glut_med2_r. bounds: [0.01, 1]
[2023-11-13 19:21:32.152] [cout] [info]   /forceset/glut_med3_r. bounds: [0.01, 1]
[2023-11-13 19:21:32.152] [cout] [info]   /forceset/glut_min1_r. bounds: [0.01, 1]
[2023-11-13 19:21:32.152] [cout] [info]   /forceset/glut_min2_r. bounds: [0.01, 1]
[2023-11-13 19:21:32.152] [cout] [info]   /forceset/glut_min3_r. bounds: [0.01, 1]
[2023-11-13 19:21:32.152] [cout] [info]   /forceset/mtp_angle_l_actuator. bounds: [-inf, inf]
[2023-11-13 19:21:32.152] [cout] [info]   /forceset/semimem_r. bounds: [0.01, 1]
[2023-11-13 19:21:32.152] [cout] [info]   /forceset/semiten_r. bounds: [0.01, 1]
[2023-11-13 19:21:32.152] [cout] [info]   /forceset/bifemlh_r. bounds: [0.01, 1]
[2023-11-13 19:21:32.152] [cout] [info]   /forceset/bifemsh_r. bounds: [0.01, 1]
[2023-11-13 19:21:32.152] [cout] [info]   /forceset/sar_r. bounds: [0.01, 1]
[2023-11-13 19:21:32.152] [cout] [info]   /forceset/add_long_r. bounds: [0.01, 1]
[2023-11-13 19:21:32.152] [cout] [info]   /forceset/add_brev_r. bounds: [0.01, 1]
[2023-11-13 19:21:32.152] [cout] [info]   /forceset/add_mag1_r. bounds: [0.01, 1]
[2023-11-13 19:21:32.152] [cout] [info]   /forceset/add_mag2_r. bounds: [0.01, 1]
[2023-11-13 19:21:32.152] [cout] [info]   /forceset/add_mag3_r. bounds: [0.01, 1]
[2023-11-13 19:21:32.152] [cout] [info]   /forceset/tfl_r. bounds: [0.01, 1]
[2023-11-13 19:21:32.152] [cout] [info]   /forceset/pect_r. bounds: [0.01, 1]
[2023-11-13 19:21:32.152] [cout] [info]   /forceset/grac_r. bounds: [0.01, 1]
[2023-11-13 19:21:32.152] [cout] [info]   /forceset/hip_flexion_r_reserve. bounds: [-inf, inf]
[2023-11-13 19:21:32.152] [cout] [info]   /forceset/glut_max1_r. bounds: [0.01, 1]
[2023-11-13 19:21:32.152] [cout] [info]   /forceset/glut_max2_r. bounds: [0.01, 1]
[2023-11-13 19:21:32.152] [cout] [info]   /forceset/glut_max3_r. bounds: [0.01, 1]
[2023-11-13 19:21:32.152] [cout] [info]   /forceset/iliacus_r. bounds: [0.01, 1]
[2023-11-13 19:21:32.152] [cout] [info]   /forceset/psoas_r. bounds: [0.01, 1]
[2023-11-13 19:21:32.152] [cout] [info]   /forceset/quad_fem_r. bounds: [0.01, 1]
[2023-11-13 19:21:32.152] [cout] [info]   /forceset/gem_r. bounds: [0.01, 1]
[2023-11-13 19:21:32.152] [cout] [info]   /forceset/peri_r. bounds: [0.01, 1]
[2023-11-13 19:21:32.152] [cout] [info]   /forceset/rect_fem_r. bounds: [0.01, 1]
[2023-11-13 19:21:32.152] [cout] [info]   /forceset/vas_med_r. bounds: [0.01, 1]
[2023-11-13 19:21:32.152] [cout] [info]   /forceset/vas_int_r. bounds: [0.01, 1]
[2023-11-13 19:21:32.152] [cout] [info]   /forceset/vas_lat_r. bounds: [0.01, 1]
[2023-11-13 19:21:32.152] [cout] [info]   /forceset/med_gas_r. bounds: [0.01, 1]
[2023-11-13 19:21:32.152] [cout] [info]   /forceset/lat_gas_r. bounds: [0.01, 1]
[2023-11-13 19:21:32.152] [cout] [info]   /forceset/soleus_r. bounds: [0.01, 1]
[2023-11-13 19:21:32.152] [cout] [info]   /forceset/tib_post_r. bounds: [0.01, 1]
[2023-11-13 19:21:32.152] [cout] [info]   /forceset/flex_dig_r. bounds: [0.01, 1]
[2023-11-13 19:21:32.152] [cout] [info]   /forceset/flex_hal_r. bounds: [0.01, 1]
[2023-11-13 19:21:32.152] [cout] [info]   /forceset/tib_ant_r. bounds: [0.01, 1]
[2023-11-13 19:21:32.152] [cout] [info]   /forceset/per_brev_r. bounds: [0.01, 1]
[2023-11-13 19:21:32.152] [cout] [info]   /forceset/per_long_r. bounds: [0.01, 1]
[2023-11-13 19:21:32.152] [cout] [info]   /forceset/per_tert_r. bounds: [0.01, 1]
[2023-11-13 19:21:32.152] [cout] [info]   /forceset/ext_dig_r. bounds: [0.01, 1]
[2023-11-13 19:21:32.152] [cout] [info]   /forceset/ext_hal_r. bounds: [0.01, 1]
[2023-11-13 19:21:32.152] [cout] [info]   /forceset/lumbar_extension_actuator. bounds: [-inf, inf]
[2023-11-13 19:21:32.152] [cout] [info]   /forceset/lumbar_bending_actuator. bounds: [-inf, inf]
[2023-11-13 19:21:32.152] [cout] [info]   /forceset/lumbar_rotation_actuator. bounds: [-inf, inf]
[2023-11-13 19:21:32.152] [cout] [info]   /forceset/arm_flex_r_actuator. bounds: [-inf, inf]
[2023-11-13 19:21:32.152] [cout] [info]   /forceset/arm_add_r_actuator. bounds: [-inf, inf]
[2023-11-13 19:21:32.152] [cout] [info]   /forceset/arm_rot_r_actuator. bounds: [-inf, inf]
[2023-11-13 19:21:32.152] [cout] [info]   /forceset/elbow_flex_r_actuator. bounds: [-inf, inf]
[2023-11-13 19:21:32.152] [cout] [info]   /forceset/pro_sup_r_actuator. bounds: [-inf, inf]
[2023-11-13 19:21:32.152] [cout] [info]   /forceset/hip_rotation_l_actuator. bounds: [-inf, inf]
[2023-11-13 19:21:32.152] [cout] [info]   /forceset/arm_flex_l_actuator. bounds: [-inf, inf]
[2023-11-13 19:21:32.152] [cout] [info]   /forceset/arm_add_l_actuator. bounds: [-inf, inf]
[2023-11-13 19:21:32.152] [cout] [info]   /forceset/arm_rot_l_actuator. bounds: [-inf, inf]
[2023-11-13 19:21:32.152] [cout] [info]   /forceset/elbow_flex_l_actuator. bounds: [-inf, inf]
[2023-11-13 19:21:32.152] [cout] [info]   /forceset/pro_sup_l_actuator. bounds: [-inf, inf]
[2023-11-13 19:21:32.152] [cout] [info]   /forceset/hip_flexion_l_actuator. bounds: [-inf, inf]
[2023-11-13 19:21:32.152] [cout] [info]   /forceset/hip_adduction_l_actuator. bounds: [-inf, inf]
[2023-11-13 19:21:32.152] [cout] [info]   /forceset/knee_angle_l_actuator. bounds: [-inf, inf]
[2023-11-13 19:21:32.152] [cout] [info]   /forceset/ankle_angle_l_actuator. bounds: [-inf, inf]
[2023-11-13 19:21:32.152] [cout] [info]   /forceset/subtalar_angle_l_actuator. bounds: [-inf, inf]
[2023-11-13 19:21:32.152] [cout] [info]   /forceset/hip_adduction_r_reserve. bounds: [-inf, inf]
[2023-11-13 19:21:32.152] [cout] [info]   /forceset/hip_rotation_r_reserve. bounds: [-inf, inf]
[2023-11-13 19:21:32.152] [cout] [info]   /forceset/knee_angle_r_reserve. bounds: [-inf, inf]
[2023-11-13 19:21:32.152] [cout] [info]   /forceset/ankle_angle_r_reserve. bounds: [-inf, inf]
[2023-11-13 19:21:32.152] [cout] [info]   /forceset/subtalar_angle_r_reserve. bounds: [-inf, inf]
[2023-11-13 19:21:32.152] [cout] [info]   /forceset/mtp_angle_r_reserve. bounds: [-inf, inf]
[2023-11-13 19:21:32.152] [cout] [info]   /forceset/pelvis_tx_residual. bounds: [-inf, inf]
[2023-11-13 19:21:32.153] [cout] [info]   /forceset/pelvis_ty_residual. bounds: [-inf, inf]
[2023-11-13 19:21:32.153] [cout] [info]   /forceset/pelvis_tz_residual. bounds: [-inf, inf]
[2023-11-13 19:21:32.153] [cout] [info]   /forceset/pelvis_tilt_residual. bounds: [-inf, inf]
[2023-11-13 19:21:32.153] [cout] [info]   /forceset/pelvis_list_residual. bounds: [-inf, inf]
[2023-11-13 19:21:32.153] [cout] [info]   /forceset/pelvis_rotation_residual. bounds: [-inf, inf]
[2023-11-13 19:21:32.153] [cout] [info] Parameters: none
[2023-11-13 19:21:33.664] [info] Number of threads: 8
[2023-11-13 21:03:05.405] [info] Set log level to Info.
[2023-11-13 21:03:05.409] [info] ------------------------------------------------------------------------
[2023-11-13 21:03:05.410] [info] Elapsed real time: 6093 second(s) (1 hour(s), 41 minute(s), 33 second(s)).
[2023-11-13 21:03:05.410] [info] Mon Nov 13 21:03:05 2023
[2023-11-13 21:03:05.410] [warning] MocoCasADiSolver did NOT succeed:
[2023-11-13 21:03:05.410] [warning]   Maximum_Iterations_Exceeded
[2023-11-13 21:03:05.410] [info] ========================================================================
[2023-11-14 07:35:55.049] [cout] [info] Exiting visualization.
[2023-11-14 09:37:56.789] [info] Loaded model JA1_SCALED from file ..\fullTrackingSim\osimModel.osim
[2023-11-14 09:37:56.824] [warning] Couldn't find file 'r_femur.vtp'.
[2023-11-14 09:37:56.824] [warning] Couldn't find file 'r_tibia.vtp'.
[2023-11-14 09:37:56.880] [warning] Couldn't find file 'l_femur.vtp'.
[2023-11-14 09:37:56.880] [warning] Couldn't find file 'l_tibia.vtp'.
[2023-11-14 09:37:57.014] [warning] Couldn't find file 'scapula_lv1.vtp'.
[2023-11-14 09:37:57.014] [warning] Couldn't find file 'scapula_rv1.vtp'.
[2023-11-14 09:37:57.014] [warning] Couldn't find file 'clavicle_lv1.vtp'.
[2023-11-14 09:37:57.015] [warning] Couldn't find file 'clavicle_rv1.vtp'.
[2023-11-14 09:38:09.255] [info] Loaded model JA1_SCALED from file ..\fullTrackingSim\osimModel.osim
[2023-11-14 09:38:09.255] [warning] Couldn't find file 'r_femur.vtp'.
[2023-11-14 09:38:09.256] [warning] Couldn't find file 'r_tibia.vtp'.
[2023-11-14 09:38:09.256] [warning] Couldn't find file 'l_femur.vtp'.
[2023-11-14 09:38:09.256] [warning] Couldn't find file 'l_tibia.vtp'.
[2023-11-14 09:38:09.257] [warning] Couldn't find file 'scapula_lv1.vtp'.
[2023-11-14 09:38:09.257] [warning] Couldn't find file 'scapula_rv1.vtp'.
[2023-11-14 09:38:09.257] [warning] Couldn't find file 'clavicle_lv1.vtp'.
[2023-11-14 09:38:09.258] [warning] Couldn't find file 'clavicle_rv1.vtp'.
[2023-11-14 09:39:14.659] [info] ========================================================================
[2023-11-14 09:39:14.659] [info] MocoCasADiSolver starting.
[2023-11-14 09:39:14.659] [info] Tue Nov 14 09:39:14 2023
[2023-11-14 09:39:14.659] [info] ------------------------------------------------------------------------
[2023-11-14 09:39:14.659] [cout] [info] Costs: (total: 5)
[2023-11-14 09:39:14.659] [cout] [info]   state_tracking. MocoStateTrackingGoal, enabled: true, mode: cost, weight: 1.0
[2023-11-14 09:39:14.659] [cout] [info]         state: /jointset/ground_pelvis/pelvis_tilt/value, weight: 10.0
[2023-11-14 09:39:14.659] [cout] [info]         state: /jointset/ground_pelvis/pelvis_list/value, weight: 10.0
[2023-11-14 09:39:14.659] [cout] [info]         state: /jointset/ground_pelvis/pelvis_rotation/value, weight: 10.0
[2023-11-14 09:39:14.659] [cout] [info]         state: /jointset/ground_pelvis/pelvis_tx/value, weight: 5.0
[2023-11-14 09:39:14.659] [cout] [info]         state: /jointset/ground_pelvis/pelvis_ty/value, weight: 0.1
[2023-11-14 09:39:14.659] [cout] [info]         state: /jointset/ground_pelvis/pelvis_tz/value, weight: 2.5
[2023-11-14 09:39:14.659] [cout] [info]         state: /jointset/hip_r/hip_flexion_r/value, weight: 10.0
[2023-11-14 09:39:14.659] [cout] [info]         state: /jointset/hip_r/hip_adduction_r/value, weight: 5.0
[2023-11-14 09:39:14.659] [cout] [info]         state: /jointset/hip_r/hip_rotation_r/value, weight: 2.5
[2023-11-14 09:39:14.659] [cout] [info]         state: /jointset/hip_l/hip_flexion_l/value, weight: 10.0
[2023-11-14 09:39:14.659] [cout] [info]         state: /jointset/hip_l/hip_adduction_l/value, weight: 5.0
[2023-11-14 09:39:14.659] [cout] [info]         state: /jointset/hip_l/hip_rotation_l/value, weight: 2.5
[2023-11-14 09:39:14.659] [cout] [info]         state: /jointset/back/lumbar_extension/value, weight: 15.0
[2023-11-14 09:39:14.659] [cout] [info]         state: /jointset/back/lumbar_bending/value, weight: 10.0
[2023-11-14 09:39:14.659] [cout] [info]         state: /jointset/back/lumbar_rotation/value, weight: 5.0
[2023-11-14 09:39:14.659] [cout] [info]         state: /jointset/knee_r/knee_angle_r/value, weight: 10.0
[2023-11-14 09:39:14.659] [cout] [info]         state: /jointset/knee_l/knee_angle_l/value, weight: 10.0
[2023-11-14 09:39:14.659] [cout] [info]         state: /jointset/acromial_r/arm_flex_r/value, weight: 2.5
[2023-11-14 09:39:14.659] [cout] [info]         state: /jointset/acromial_r/arm_add_r/value, weight: 1.0
[2023-11-14 09:39:14.659] [cout] [info]         state: /jointset/acromial_r/arm_rot_r/value, weight: 1.0
[2023-11-14 09:39:14.659] [cout] [info]         state: /jointset/acromial_l/arm_flex_l/value, weight: 2.5
[2023-11-14 09:39:14.659] [cout] [info]         state: /jointset/acromial_l/arm_add_l/value, weight: 1.0
[2023-11-14 09:39:14.659] [cout] [info]         state: /jointset/acromial_l/arm_rot_l/value, weight: 1.0
[2023-11-14 09:39:14.659] [cout] [info]         state: /jointset/ankle_r/ankle_angle_r/value, weight: 2.5
[2023-11-14 09:39:14.659] [cout] [info]         state: /jointset/ankle_l/ankle_angle_l/value, weight: 2.5
[2023-11-14 09:39:14.659] [cout] [info]         state: /jointset/elbow_r/elbow_flex_r/value, weight: 5.0
[2023-11-14 09:39:14.659] [cout] [info]         state: /jointset/elbow_l/elbow_flex_l/value, weight: 5.0
[2023-11-14 09:39:14.659] [cout] [info]         state: /jointset/radioulnar_r/pro_sup_r/value, weight: 1.0
[2023-11-14 09:39:14.659] [cout] [info]         state: /jointset/radioulnar_l/pro_sup_l/value, weight: 1.0
[2023-11-14 09:39:14.659] [cout] [info]         state: /jointset/mtp_r/mtp_angle_r/value, weight: 0.5
[2023-11-14 09:39:14.659] [cout] [info]         state: /jointset/mtp_l/mtp_angle_l/value, weight: 0.5
[2023-11-14 09:39:14.660] [cout] [info]         state: /jointset/ground_pelvis/pelvis_tilt/speed, weight: 0.01
[2023-11-14 09:39:14.660] [cout] [info]         state: /jointset/ground_pelvis/pelvis_list/speed, weight: 0.01
[2023-11-14 09:39:14.660] [cout] [info]         state: /jointset/ground_pelvis/pelvis_rotation/speed, weight: 0.01
[2023-11-14 09:39:14.660] [cout] [info]         state: /jointset/ground_pelvis/pelvis_tx/speed, weight: 0.00500000
[2023-11-14 09:39:14.660] [cout] [info]         state: /jointset/ground_pelvis/pelvis_ty/speed, weight: 0.000100000
[2023-11-14 09:39:14.660] [cout] [info]         state: /jointset/ground_pelvis/pelvis_tz/speed, weight: 0.00250000
[2023-11-14 09:39:14.660] [cout] [info]         state: /jointset/hip_r/hip_flexion_r/speed, weight: 0.01
[2023-11-14 09:39:14.660] [cout] [info]         state: /jointset/hip_r/hip_adduction_r/speed, weight: 0.00500000
[2023-11-14 09:39:14.660] [cout] [info]         state: /jointset/hip_r/hip_rotation_r/speed, weight: 0.00250000
[2023-11-14 09:39:14.660] [cout] [info]         state: /jointset/hip_l/hip_flexion_l/speed, weight: 0.01
[2023-11-14 09:39:14.660] [cout] [info]         state: /jointset/hip_l/hip_adduction_l/speed, weight: 0.00500000
[2023-11-14 09:39:14.660] [cout] [info]         state: /jointset/hip_l/hip_rotation_l/speed, weight: 0.00250000
[2023-11-14 09:39:14.660] [cout] [info]         state: /jointset/back/lumbar_extension/speed, weight: 0.015
[2023-11-14 09:39:14.660] [cout] [info]         state: /jointset/back/lumbar_bending/speed, weight: 0.01
[2023-11-14 09:39:14.660] [cout] [info]         state: /jointset/back/lumbar_rotation/speed, weight: 0.00500000
[2023-11-14 09:39:14.660] [cout] [info]         state: /jointset/knee_r/knee_angle_r/speed, weight: 0.01
[2023-11-14 09:39:14.660] [cout] [info]         state: /jointset/knee_l/knee_angle_l/speed, weight: 0.01
[2023-11-14 09:39:14.660] [cout] [info]         state: /jointset/acromial_r/arm_flex_r/speed, weight: 0.00250000
[2023-11-14 09:39:14.660] [cout] [info]         state: /jointset/acromial_r/arm_add_r/speed, weight: 0.00100000
[2023-11-14 09:39:14.660] [cout] [info]         state: /jointset/acromial_r/arm_rot_r/speed, weight: 0.00100000
[2023-11-14 09:39:14.660] [cout] [info]         state: /jointset/acromial_l/arm_flex_l/speed, weight: 0.00250000
[2023-11-14 09:39:14.660] [cout] [info]         state: /jointset/acromial_l/arm_add_l/speed, weight: 0.00100000
[2023-11-14 09:39:14.660] [cout] [info]         state: /jointset/acromial_l/arm_rot_l/speed, weight: 0.00100000
[2023-11-14 09:39:14.660] [cout] [info]         state: /jointset/ankle_r/ankle_angle_r/speed, weight: 0.00250000
[2023-11-14 09:39:14.660] [cout] [info]         state: /jointset/ankle_l/ankle_angle_l/speed, weight: 0.00250000
[2023-11-14 09:39:14.660] [cout] [info]         state: /jointset/elbow_r/elbow_flex_r/speed, weight: 0.00500000
[2023-11-14 09:39:14.660] [cout] [info]         state: /jointset/elbow_l/elbow_flex_l/speed, weight: 0.00500000
[2023-11-14 09:39:14.660] [cout] [info]         state: /jointset/radioulnar_r/pro_sup_r/speed, weight: 0.00100000
[2023-11-14 09:39:14.660] [cout] [info]         state: /jointset/radioulnar_l/pro_sup_l/speed, weight: 0.00100000
[2023-11-14 09:39:14.660] [cout] [info]         state: /jointset/mtp_r/mtp_angle_r/speed, weight: 0.000500000
[2023-11-14 09:39:14.660] [cout] [info]         state: /jointset/mtp_l/mtp_angle_l/speed, weight: 0.000500000
[2023-11-14 09:39:14.660] [cout] [info]   control_effort. MocoControlGoal, enabled: true, mode: cost, weight: 0.00100000
[2023-11-14 09:39:14.660] [cout] [info]         control: /forceset/glut_med1_r, weight: 1.0
[2023-11-14 09:39:14.660] [cout] [info]         control: /forceset/glut_med2_r, weight: 1.0
[2023-11-14 09:39:14.660] [cout] [info]         control: /forceset/glut_med3_r, weight: 1.0
[2023-11-14 09:39:14.660] [cout] [info]         control: /forceset/glut_min1_r, weight: 1.0
[2023-11-14 09:39:14.660] [cout] [info]         control: /forceset/glut_min2_r, weight: 1.0
[2023-11-14 09:39:14.660] [cout] [info]         control: /forceset/glut_min3_r, weight: 1.0
[2023-11-14 09:39:14.660] [cout] [info]         control: /forceset/semimem_r, weight: 1.0
[2023-11-14 09:39:14.660] [cout] [info]         control: /forceset/semiten_r, weight: 1.0
[2023-11-14 09:39:14.660] [cout] [info]         control: /forceset/bifemlh_r, weight: 1.0
[2023-11-14 09:39:14.660] [cout] [info]         control: /forceset/bifemsh_r, weight: 1.0
[2023-11-14 09:39:14.660] [cout] [info]         control: /forceset/sar_r, weight: 1.0
[2023-11-14 09:39:14.660] [cout] [info]         control: /forceset/add_long_r, weight: 1.0
[2023-11-14 09:39:14.660] [cout] [info]         control: /forceset/add_brev_r, weight: 1.0
[2023-11-14 09:39:14.660] [cout] [info]         control: /forceset/add_mag1_r, weight: 1.0
[2023-11-14 09:39:14.660] [cout] [info]         control: /forceset/add_mag2_r, weight: 1.0
[2023-11-14 09:39:14.660] [cout] [info]         control: /forceset/add_mag3_r, weight: 1.0
[2023-11-14 09:39:14.660] [cout] [info]         control: /forceset/tfl_r, weight: 1.0
[2023-11-14 09:39:14.660] [cout] [info]         control: /forceset/pect_r, weight: 1.0
[2023-11-14 09:39:14.660] [cout] [info]         control: /forceset/grac_r, weight: 1.0
[2023-11-14 09:39:14.660] [cout] [info]         control: /forceset/glut_max1_r, weight: 1.0
[2023-11-14 09:39:14.660] [cout] [info]         control: /forceset/glut_max2_r, weight: 1.0
[2023-11-14 09:39:14.660] [cout] [info]         control: /forceset/glut_max3_r, weight: 1.0
[2023-11-14 09:39:14.660] [cout] [info]         control: /forceset/iliacus_r, weight: 1.0
[2023-11-14 09:39:14.660] [cout] [info]         control: /forceset/psoas_r, weight: 1.0
[2023-11-14 09:39:14.660] [cout] [info]         control: /forceset/quad_fem_r, weight: 1.0
[2023-11-14 09:39:14.660] [cout] [info]         control: /forceset/gem_r, weight: 1.0
[2023-11-14 09:39:14.660] [cout] [info]         control: /forceset/peri_r, weight: 1.0
[2023-11-14 09:39:14.660] [cout] [info]         control: /forceset/rect_fem_r, weight: 1.0
[2023-11-14 09:39:14.660] [cout] [info]         control: /forceset/vas_med_r, weight: 1.0
[2023-11-14 09:39:14.660] [cout] [info]         control: /forceset/vas_int_r, weight: 1.0
[2023-11-14 09:39:14.660] [cout] [info]         control: /forceset/vas_lat_r, weight: 1.0
[2023-11-14 09:39:14.660] [cout] [info]         control: /forceset/med_gas_r, weight: 1.0
[2023-11-14 09:39:14.660] [cout] [info]         control: /forceset/lat_gas_r, weight: 1.0
[2023-11-14 09:39:14.660] [cout] [info]         control: /forceset/soleus_r, weight: 1.0
[2023-11-14 09:39:14.660] [cout] [info]         control: /forceset/tib_post_r, weight: 1.0
[2023-11-14 09:39:14.660] [cout] [info]         control: /forceset/flex_dig_r, weight: 1.0
[2023-11-14 09:39:14.660] [cout] [info]         control: /forceset/flex_hal_r, weight: 1.0
[2023-11-14 09:39:14.660] [cout] [info]         control: /forceset/tib_ant_r, weight: 1.0
[2023-11-14 09:39:14.660] [cout] [info]         control: /forceset/per_brev_r, weight: 1.0
[2023-11-14 09:39:14.660] [cout] [info]         control: /forceset/per_long_r, weight: 1.0
[2023-11-14 09:39:14.660] [cout] [info]         control: /forceset/per_tert_r, weight: 1.0
[2023-11-14 09:39:14.660] [cout] [info]         control: /forceset/ext_dig_r, weight: 1.0
[2023-11-14 09:39:14.660] [cout] [info]         control: /forceset/ext_hal_r, weight: 1.0
[2023-11-14 09:39:14.660] [cout] [info]         control: /forceset/glut_med1_l, weight: 1.0
[2023-11-14 09:39:14.660] [cout] [info]         control: /forceset/glut_med2_l, weight: 1.0
[2023-11-14 09:39:14.660] [cout] [info]         control: /forceset/glut_med3_l, weight: 1.0
[2023-11-14 09:39:14.660] [cout] [info]         control: /forceset/glut_min1_l, weight: 1.0
[2023-11-14 09:39:14.661] [cout] [info]         control: /forceset/glut_min2_l, weight: 1.0
[2023-11-14 09:39:14.661] [cout] [info]         control: /forceset/glut_min3_l, weight: 1.0
[2023-11-14 09:39:14.661] [cout] [info]         control: /forceset/semimem_l, weight: 1.0
[2023-11-14 09:39:14.661] [cout] [info]         control: /forceset/semiten_l, weight: 1.0
[2023-11-14 09:39:14.661] [cout] [info]         control: /forceset/bifemlh_l, weight: 1.0
[2023-11-14 09:39:14.661] [cout] [info]         control: /forceset/bifemsh_l, weight: 1.0
[2023-11-14 09:39:14.661] [cout] [info]         control: /forceset/sar_l, weight: 1.0
[2023-11-14 09:39:14.661] [cout] [info]         control: /forceset/add_long_l, weight: 1.0
[2023-11-14 09:39:14.661] [cout] [info]         control: /forceset/add_brev_l, weight: 1.0
[2023-11-14 09:39:14.661] [cout] [info]         control: /forceset/add_mag1_l, weight: 1.0
[2023-11-14 09:39:14.661] [cout] [info]         control: /forceset/add_mag2_l, weight: 1.0
[2023-11-14 09:39:14.661] [cout] [info]         control: /forceset/add_mag3_l, weight: 1.0
[2023-11-14 09:39:14.661] [cout] [info]         control: /forceset/tfl_l, weight: 1.0
[2023-11-14 09:39:14.661] [cout] [info]         control: /forceset/pect_l, weight: 1.0
[2023-11-14 09:39:14.661] [cout] [info]         control: /forceset/grac_l, weight: 1.0
[2023-11-14 09:39:14.661] [cout] [info]         control: /forceset/glut_max1_l, weight: 1.0
[2023-11-14 09:39:14.661] [cout] [info]         control: /forceset/glut_max2_l, weight: 1.0
[2023-11-14 09:39:14.661] [cout] [info]         control: /forceset/glut_max3_l, weight: 1.0
[2023-11-14 09:39:14.661] [cout] [info]         control: /forceset/iliacus_l, weight: 1.0
[2023-11-14 09:39:14.661] [cout] [info]         control: /forceset/psoas_l, weight: 1.0
[2023-11-14 09:39:14.661] [cout] [info]         control: /forceset/quad_fem_l, weight: 1.0
[2023-11-14 09:39:14.661] [cout] [info]         control: /forceset/gem_l, weight: 1.0
[2023-11-14 09:39:14.661] [cout] [info]         control: /forceset/peri_l, weight: 1.0
[2023-11-14 09:39:14.661] [cout] [info]         control: /forceset/rect_fem_l, weight: 1.0
[2023-11-14 09:39:14.661] [cout] [info]         control: /forceset/vas_med_l, weight: 1.0
[2023-11-14 09:39:14.661] [cout] [info]         control: /forceset/vas_int_l, weight: 1.0
[2023-11-14 09:39:14.661] [cout] [info]         control: /forceset/vas_lat_l, weight: 1.0
[2023-11-14 09:39:14.661] [cout] [info]         control: /forceset/med_gas_l, weight: 1.0
[2023-11-14 09:39:14.661] [cout] [info]         control: /forceset/lat_gas_l, weight: 1.0
[2023-11-14 09:39:14.661] [cout] [info]         control: /forceset/soleus_l, weight: 1.0
[2023-11-14 09:39:14.661] [cout] [info]         control: /forceset/tib_post_l, weight: 1.0
[2023-11-14 09:39:14.661] [cout] [info]         control: /forceset/flex_dig_l, weight: 1.0
[2023-11-14 09:39:14.661] [cout] [info]         control: /forceset/flex_hal_l, weight: 1.0
[2023-11-14 09:39:14.661] [cout] [info]         control: /forceset/tib_ant_l, weight: 1.0
[2023-11-14 09:39:14.661] [cout] [info]         control: /forceset/per_brev_l, weight: 1.0
[2023-11-14 09:39:14.661] [cout] [info]         control: /forceset/per_long_l, weight: 1.0
[2023-11-14 09:39:14.661] [cout] [info]         control: /forceset/per_tert_l, weight: 1.0
[2023-11-14 09:39:14.661] [cout] [info]         control: /forceset/ext_dig_l, weight: 1.0
[2023-11-14 09:39:14.661] [cout] [info]         control: /forceset/ext_hal_l, weight: 1.0
[2023-11-14 09:39:14.661] [cout] [info]         control: /forceset/lumbar_extension_actuator, weight: 1.0
[2023-11-14 09:39:14.661] [cout] [info]         control: /forceset/lumbar_bending_actuator, weight: 1.0
[2023-11-14 09:39:14.661] [cout] [info]         control: /forceset/lumbar_rotation_actuator, weight: 1.0
[2023-11-14 09:39:14.661] [cout] [info]         control: /forceset/arm_flex_r_actuator, weight: 1.0
[2023-11-14 09:39:14.661] [cout] [info]         control: /forceset/arm_add_r_actuator, weight: 1.0
[2023-11-14 09:39:14.661] [cout] [info]         control: /forceset/arm_rot_r_actuator, weight: 1.0
[2023-11-14 09:39:14.661] [cout] [info]         control: /forceset/elbow_flex_r_actuator, weight: 1.0
[2023-11-14 09:39:14.661] [cout] [info]         control: /forceset/pro_sup_r_actuator, weight: 1.0
[2023-11-14 09:39:14.661] [cout] [info]         control: /forceset/arm_flex_l_actuator, weight: 1.0
[2023-11-14 09:39:14.661] [cout] [info]         control: /forceset/arm_add_l_actuator, weight: 1.0
[2023-11-14 09:39:14.661] [cout] [info]         control: /forceset/arm_rot_l_actuator, weight: 1.0
[2023-11-14 09:39:14.661] [cout] [info]         control: /forceset/elbow_flex_l_actuator, weight: 1.0
[2023-11-14 09:39:14.661] [cout] [info]         control: /forceset/pro_sup_l_actuator, weight: 1.0
[2023-11-14 09:39:14.661] [cout] [info]         control: /forceset/hip_flexion_l_reserve, weight: 1.0
[2023-11-14 09:39:14.661] [cout] [info]         control: /forceset/hip_adduction_l_reserve, weight: 1.0
[2023-11-14 09:39:14.661] [cout] [info]         control: /forceset/hip_rotation_l_reserve, weight: 1.0
[2023-11-14 09:39:14.661] [cout] [info]         control: /forceset/knee_angle_l_reserve, weight: 1.0
[2023-11-14 09:39:14.661] [cout] [info]         control: /forceset/ankle_angle_l_reserve, weight: 1.0
[2023-11-14 09:39:14.661] [cout] [info]         control: /forceset/mtp_angle_l_reserve, weight: 1.0
[2023-11-14 09:39:14.661] [cout] [info]         control: /forceset/hip_flexion_r_reserve, weight: 1.0
[2023-11-14 09:39:14.661] [cout] [info]         control: /forceset/hip_adduction_r_reserve, weight: 1.0
[2023-11-14 09:39:14.661] [cout] [info]         control: /forceset/hip_rotation_r_reserve, weight: 1.0
[2023-11-14 09:39:14.661] [cout] [info]         control: /forceset/knee_angle_r_reserve, weight: 1.0
[2023-11-14 09:39:14.661] [cout] [info]         control: /forceset/ankle_angle_r_reserve, weight: 1.0
[2023-11-14 09:39:14.661] [cout] [info]         control: /forceset/mtp_angle_r_reserve, weight: 1.0
[2023-11-14 09:39:14.661] [cout] [info]   contact0. MocoContactTrackingGoal, enabled: true, mode: cost, weight: 0.1
[2023-11-14 09:39:14.661] [cout] [info]         projection type: vector
[2023-11-14 09:39:14.661] [cout] [info]         projection vector: ~[1,0,0]
[2023-11-14 09:39:14.661] [cout] [info]         group 0: ExternalForce: LeftGRF1
[2023-11-14 09:39:14.661] [cout] [info]             forces:
[2023-11-14 09:39:14.661] [cout] [info]                 /forceset/contact_heel_l
[2023-11-14 09:39:14.661] [cout] [info]                 /forceset/contact_mt1_l
[2023-11-14 09:39:14.661] [cout] [info]                 /forceset/contact_mt2_l
[2023-11-14 09:39:14.661] [cout] [info]         group 1: ExternalForce: RightGRF1
[2023-11-14 09:39:14.661] [cout] [info]             forces:
[2023-11-14 09:39:14.661] [cout] [info]                 /forceset/contact_heel_r
[2023-11-14 09:39:14.661] [cout] [info]                 /forceset/contact_mt1_r
[2023-11-14 09:39:14.661] [cout] [info]                 /forceset/contact_mt2_r
[2023-11-14 09:39:14.661] [cout] [info]   contact1. MocoContactTrackingGoal, enabled: true, mode: cost, weight: 0.1
[2023-11-14 09:39:14.661] [cout] [info]         projection type: vector
[2023-11-14 09:39:14.661] [cout] [info]         projection vector: ~[0,1,0]
[2023-11-14 09:39:14.661] [cout] [info]         group 0: ExternalForce: LeftGRF1
[2023-11-14 09:39:14.661] [cout] [info]             forces:
[2023-11-14 09:39:14.661] [cout] [info]                 /forceset/contact_heel_l
[2023-11-14 09:39:14.661] [cout] [info]                 /forceset/contact_mt1_l
[2023-11-14 09:39:14.662] [cout] [info]                 /forceset/contact_mt2_l
[2023-11-14 09:39:14.662] [cout] [info]         group 1: ExternalForce: RightGRF1
[2023-11-14 09:39:14.662] [cout] [info]             forces:
[2023-11-14 09:39:14.662] [cout] [info]                 /forceset/contact_heel_r
[2023-11-14 09:39:14.662] [cout] [info]                 /forceset/contact_mt1_r
[2023-11-14 09:39:14.662] [cout] [info]                 /forceset/contact_mt2_r
[2023-11-14 09:39:14.662] [cout] [info]   contact2. MocoContactTrackingGoal, enabled: true, mode: cost, weight: 0.1
[2023-11-14 09:39:14.662] [cout] [info]         projection type: vector
[2023-11-14 09:39:14.662] [cout] [info]         projection vector: ~[0,0,1]
[2023-11-14 09:39:14.662] [cout] [info]         group 0: ExternalForce: LeftGRF1
[2023-11-14 09:39:14.662] [cout] [info]             forces:
[2023-11-14 09:39:14.662] [cout] [info]                 /forceset/contact_heel_l
[2023-11-14 09:39:14.662] [cout] [info]                 /forceset/contact_mt1_l
[2023-11-14 09:39:14.662] [cout] [info]                 /forceset/contact_mt2_l
[2023-11-14 09:39:14.662] [cout] [info]         group 1: ExternalForce: RightGRF1
[2023-11-14 09:39:14.662] [cout] [info]             forces:
[2023-11-14 09:39:14.662] [cout] [info]                 /forceset/contact_heel_r
[2023-11-14 09:39:14.662] [cout] [info]                 /forceset/contact_mt1_r
[2023-11-14 09:39:14.662] [cout] [info]                 /forceset/contact_mt2_r
[2023-11-14 09:39:14.662] [cout] [info] Endpoint constraints: none
[2023-11-14 09:39:14.662] [cout] [info] Kinematic constraints: none
[2023-11-14 09:39:14.662] [cout] [info] Path constraints: (total: 10)
[2023-11-14 09:39:14.662] [cout] [info]   . MocoConstraintInfo. number of scalar equations: 1. bounds: [0, 1]
[2023-11-14 09:39:14.662] [cout] [info]         output: /markerset/r_fp_heel1|location, type: SimTK::Vec3, index: 1, exponent: 1
[2023-11-14 09:39:14.662] [cout] [info]   . MocoConstraintInfo. number of scalar equations: 1. bounds: [0, 1]
[2023-11-14 09:39:14.662] [cout] [info]         output: /markerset/r_fp_heel2|location, type: SimTK::Vec3, index: 1, exponent: 1
[2023-11-14 09:39:14.662] [cout] [info]   . MocoConstraintInfo. number of scalar equations: 1. bounds: [0, 1]
[2023-11-14 09:39:14.662] [cout] [info]         output: /markerset/r_fp_mt1|location, type: SimTK::Vec3, index: 1, exponent: 1
[2023-11-14 09:39:14.662] [cout] [info]   . MocoConstraintInfo. number of scalar equations: 1. bounds: [0, 1]
[2023-11-14 09:39:14.662] [cout] [info]         output: /markerset/r_fp_mt2|location, type: SimTK::Vec3, index: 1, exponent: 1
[2023-11-14 09:39:14.662] [cout] [info]   . MocoConstraintInfo. number of scalar equations: 1. bounds: [0, 1]
[2023-11-14 09:39:14.662] [cout] [info]         output: /markerset/r_fp_toe|location, type: SimTK::Vec3, index: 1, exponent: 1
[2023-11-14 09:39:14.662] [cout] [info]   . MocoConstraintInfo. number of scalar equations: 1. bounds: [0, 1]
[2023-11-14 09:39:14.662] [cout] [info]         output: /markerset/l_fp_heel1|location, type: SimTK::Vec3, index: 1, exponent: 1
[2023-11-14 09:39:14.662] [cout] [info]   . MocoConstraintInfo. number of scalar equations: 1. bounds: [0, 1]
[2023-11-14 09:39:14.662] [cout] [info]         output: /markerset/l_fp_heel2|location, type: SimTK::Vec3, index: 1, exponent: 1
[2023-11-14 09:39:14.662] [cout] [info]   . MocoConstraintInfo. number of scalar equations: 1. bounds: [0, 1]
[2023-11-14 09:39:14.662] [cout] [info]         output: /markerset/l_fp_mt1|location, type: SimTK::Vec3, index: 1, exponent: 1
[2023-11-14 09:39:14.662] [cout] [info]   . MocoConstraintInfo. number of scalar equations: 1. bounds: [0, 1]
[2023-11-14 09:39:14.662] [cout] [info]         output: /markerset/l_fp_mt2|location, type: SimTK::Vec3, index: 1, exponent: 1
[2023-11-14 09:39:14.662] [cout] [info]   . MocoConstraintInfo. number of scalar equations: 1. bounds: [0, 1]
[2023-11-14 09:39:14.662] [cout] [info]         output: /markerset/l_fp_toe|location, type: SimTK::Vec3, index: 1, exponent: 1
[2023-11-14 09:39:14.662] [cout] [info] States: (total: 148)
[2023-11-14 09:39:14.662] [cout] [info]   /jointset/ground_pelvis/pelvis_tilt/value. bounds: [-1.5708, 1.5708]
[2023-11-14 09:39:14.662] [cout] [info]   /jointset/ground_pelvis/pelvis_list/value. bounds: [-1.5708, 1.5708]
[2023-11-14 09:39:14.662] [cout] [info]   /jointset/radioulnar_r/pro_sup_r/value. bounds: [0, 3.1416]
[2023-11-14 09:39:14.662] [cout] [info]   /jointset/ground_pelvis/pelvis_rotation/value. bounds: [-1.5708, 1.5708]
[2023-11-14 09:39:14.662] [cout] [info]   /jointset/ground_pelvis/pelvis_tx/value. bounds: [-20, 20]
[2023-11-14 09:39:14.662] [cout] [info]   /jointset/elbow_r/elbow_flex_r/value. bounds: [-0.17453, 2.618]
[2023-11-14 09:39:14.662] [cout] [info]   /jointset/ground_pelvis/pelvis_ty/value. bounds: [-2, 4]
[2023-11-14 09:39:14.662] [cout] [info]   /jointset/ground_pelvis/pelvis_tz/value. bounds: [-5, 5]
[2023-11-14 09:39:14.662] [cout] [info]   /jointset/hip_r/hip_adduction_r/speed. bounds: [-50, 50]
[2023-11-14 09:39:14.662] [cout] [info]   /jointset/ankle_r/ankle_angle_r/value. bounds: [-1.0472, 0.69813]
[2023-11-14 09:39:14.662] [cout] [info]   /jointset/hip_r/hip_flexion_r/value. bounds: [-0.69813, 1.7453]
[2023-11-14 09:39:14.662] [cout] [info]   /jointset/hip_r/hip_adduction_r/value. bounds: [-0.5236, 0.5236]
[2023-11-14 09:39:14.662] [cout] [info]   /jointset/back/lumbar_rotation/speed. bounds: [-50, 50]
[2023-11-14 09:39:14.662] [cout] [info]   /jointset/hip_r/hip_rotation_r/value. bounds: [-0.5236, 0.5236]
[2023-11-14 09:39:14.662] [cout] [info]   /jointset/mtp_l/mtp_angle_l/speed. bounds: [-50, 50]
[2023-11-14 09:39:14.662] [cout] [info]   /jointset/knee_r/knee_angle_r/value. bounds: [-2.7925, 0.17453]
[2023-11-14 09:39:14.662] [cout] [info]   /jointset/mtp_r/mtp_angle_r/value. bounds: [-1.0472, 1.0472]
[2023-11-14 09:39:14.662] [cout] [info]   /jointset/hip_l/hip_flexion_l/value. bounds: [-0.69813, 1.7453]
[2023-11-14 09:39:14.662] [cout] [info]   /jointset/hip_l/hip_adduction_l/value. bounds: [-0.5236, 0.5236]
[2023-11-14 09:39:14.662] [cout] [info]   /jointset/hip_l/hip_rotation_l/value. bounds: [-0.5236, 0.5236]
[2023-11-14 09:39:14.662] [cout] [info]   /forceset/glut_min1_r/activation. bounds: [0.01, 1]
[2023-11-14 09:39:14.662] [cout] [info]   /jointset/knee_l/knee_angle_l/value. bounds: [-2.7925, 0.17453]
[2023-11-14 09:39:14.662] [cout] [info]   /jointset/knee_r/knee_angle_r/speed. bounds: [-50, 50]
[2023-11-14 09:39:14.662] [cout] [info]   /jointset/ankle_l/ankle_angle_l/value. bounds: [-1.0472, 0.69813]
[2023-11-14 09:39:14.662] [cout] [info]   /jointset/mtp_l/mtp_angle_l/value. bounds: [-1.0472, 1.0472]
[2023-11-14 09:39:14.662] [cout] [info]   /forceset/bifemsh_r/activation. bounds: [0.01, 1]
[2023-11-14 09:39:14.662] [cout] [info]   /jointset/back/lumbar_extension/value. bounds: [-0.7854, 0.17453]
[2023-11-14 09:39:14.662] [cout] [info]   /jointset/back/lumbar_bending/value. bounds: [-0.34907, 0.34907]
[2023-11-14 09:39:14.662] [cout] [info]   /jointset/back/lumbar_rotation/value. bounds: [-0.5236, 0.5236]
[2023-11-14 09:39:14.662] [cout] [info]   /jointset/acromial_r/arm_flex_r/value. bounds: [-1.5708, 1.5708]
[2023-11-14 09:39:14.662] [cout] [info]   /jointset/acromial_r/arm_add_r/value. bounds: [-2.0944, 1.5708]
[2023-11-14 09:39:14.662] [cout] [info]   /jointset/acromial_r/arm_rot_r/value. bounds: [-1.5708, 1.5708]
[2023-11-14 09:39:14.662] [cout] [info]   /jointset/acromial_l/arm_flex_l/value. bounds: [-1.5708, 1.5708]
[2023-11-14 09:39:14.663] [cout] [info]   /jointset/acromial_l/arm_add_l/value. bounds: [-2.0944, 1.5708]
[2023-11-14 09:39:14.663] [cout] [info]   /jointset/acromial_l/arm_rot_l/value. bounds: [-1.5708, 1.5708]
[2023-11-14 09:39:14.663] [cout] [info]   /jointset/elbow_l/elbow_flex_l/value. bounds: [-0.17453, 2.618]
[2023-11-14 09:39:14.663] [cout] [info]   /jointset/radioulnar_l/pro_sup_l/value. bounds: [0, 3.1416]
[2023-11-14 09:39:14.663] [cout] [info]   /jointset/ground_pelvis/pelvis_tilt/speed. bounds: [-50, 50]
[2023-11-14 09:39:14.663] [cout] [info]   /jointset/ground_pelvis/pelvis_list/speed. bounds: [-50, 50]
[2023-11-14 09:39:14.663] [cout] [info]   /jointset/radioulnar_r/pro_sup_r/speed. bounds: [-50, 50]
[2023-11-14 09:39:14.663] [cout] [info]   /jointset/ground_pelvis/pelvis_rotation/speed. bounds: [-50, 50]
[2023-11-14 09:39:14.663] [cout] [info]   /jointset/ground_pelvis/pelvis_tx/speed. bounds: [-50, 50]
[2023-11-14 09:39:14.663] [cout] [info]   /jointset/elbow_r/elbow_flex_r/speed. bounds: [-50, 50]
[2023-11-14 09:39:14.663] [cout] [info]   /jointset/ground_pelvis/pelvis_ty/speed. bounds: [-50, 50]
[2023-11-14 09:39:14.663] [cout] [info]   /jointset/ground_pelvis/pelvis_tz/speed. bounds: [-50, 50]
[2023-11-14 09:39:14.663] [cout] [info]   /jointset/ankle_r/ankle_angle_r/speed. bounds: [-50, 50]
[2023-11-14 09:39:14.663] [cout] [info]   /jointset/hip_r/hip_flexion_r/speed. bounds: [-50, 50]
[2023-11-14 09:39:14.663] [cout] [info]   /jointset/hip_r/hip_rotation_r/speed. bounds: [-50, 50]
[2023-11-14 09:39:14.663] [cout] [info]   /jointset/mtp_r/mtp_angle_r/speed. bounds: [-50, 50]
[2023-11-14 09:39:14.663] [cout] [info]   /jointset/hip_l/hip_flexion_l/speed. bounds: [-50, 50]
[2023-11-14 09:39:14.663] [cout] [info]   /jointset/hip_l/hip_adduction_l/speed. bounds: [-50, 50]
[2023-11-14 09:39:14.663] [cout] [info]   /jointset/hip_l/hip_rotation_l/speed. bounds: [-50, 50]
[2023-11-14 09:39:14.663] [cout] [info]   /jointset/knee_l/knee_angle_l/speed. bounds: [-50, 50]
[2023-11-14 09:39:14.663] [cout] [info]   /jointset/ankle_l/ankle_angle_l/speed. bounds: [-50, 50]
[2023-11-14 09:39:14.663] [cout] [info]   /jointset/back/lumbar_extension/speed. bounds: [-50, 50]
[2023-11-14 09:39:14.663] [cout] [info]   /jointset/back/lumbar_bending/speed. bounds: [-50, 50]
[2023-11-14 09:39:14.663] [cout] [info]   /jointset/acromial_r/arm_flex_r/speed. bounds: [-50, 50]
[2023-11-14 09:39:14.663] [cout] [info]   /jointset/acromial_r/arm_add_r/speed. bounds: [-50, 50]
[2023-11-14 09:39:14.663] [cout] [info]   /jointset/acromial_r/arm_rot_r/speed. bounds: [-50, 50]
[2023-11-14 09:39:14.663] [cout] [info]   /jointset/acromial_l/arm_flex_l/speed. bounds: [-50, 50]
[2023-11-14 09:39:14.663] [cout] [info]   /jointset/acromial_l/arm_add_l/speed. bounds: [-50, 50]
[2023-11-14 09:39:14.663] [cout] [info]   /jointset/acromial_l/arm_rot_l/speed. bounds: [-50, 50]
[2023-11-14 09:39:14.663] [cout] [info]   /jointset/elbow_l/elbow_flex_l/speed. bounds: [-50, 50]
[2023-11-14 09:39:14.663] [cout] [info]   /jointset/radioulnar_l/pro_sup_l/speed. bounds: [-50, 50]
[2023-11-14 09:39:14.663] [cout] [info]   /forceset/glut_med1_r/activation. bounds: [0.01, 1]
[2023-11-14 09:39:14.663] [cout] [info]   /forceset/grac_l/activation. bounds: [0.01, 1]
[2023-11-14 09:39:14.663] [cout] [info]   /forceset/glut_med2_r/activation. bounds: [0.01, 1]
[2023-11-14 09:39:14.663] [cout] [info]   /forceset/glut_med3_r/activation. bounds: [0.01, 1]
[2023-11-14 09:39:14.663] [cout] [info]   /forceset/glut_min2_r/activation. bounds: [0.01, 1]
[2023-11-14 09:39:14.663] [cout] [info]   /forceset/glut_min3_r/activation. bounds: [0.01, 1]
[2023-11-14 09:39:14.663] [cout] [info]   /forceset/semimem_r/activation. bounds: [0.01, 1]
[2023-11-14 09:39:14.663] [cout] [info]   /forceset/semiten_r/activation. bounds: [0.01, 1]
[2023-11-14 09:39:14.663] [cout] [info]   /forceset/bifemlh_r/activation. bounds: [0.01, 1]
[2023-11-14 09:39:14.663] [cout] [info]   /forceset/pect_l/activation. bounds: [0.01, 1]
[2023-11-14 09:39:14.663] [cout] [info]   /forceset/sar_r/activation. bounds: [0.01, 1]
[2023-11-14 09:39:14.663] [cout] [info]   /forceset/add_long_r/activation. bounds: [0.01, 1]
[2023-11-14 09:39:14.663] [cout] [info]   /forceset/add_brev_r/activation. bounds: [0.01, 1]
[2023-11-14 09:39:14.663] [cout] [info]   /forceset/add_mag1_r/activation. bounds: [0.01, 1]
[2023-11-14 09:39:14.663] [cout] [info]   /forceset/add_mag2_r/activation. bounds: [0.01, 1]
[2023-11-14 09:39:14.663] [cout] [info]   /forceset/add_mag3_r/activation. bounds: [0.01, 1]
[2023-11-14 09:39:14.663] [cout] [info]   /forceset/tfl_r/activation. bounds: [0.01, 1]
[2023-11-14 09:39:14.663] [cout] [info]   /forceset/sar_l/activation. bounds: [0.01, 1]
[2023-11-14 09:39:14.663] [cout] [info]   /forceset/pect_r/activation. bounds: [0.01, 1]
[2023-11-14 09:39:14.663] [cout] [info]   /forceset/glut_med2_l/activation. bounds: [0.01, 1]
[2023-11-14 09:39:14.663] [cout] [info]   /forceset/grac_r/activation. bounds: [0.01, 1]
[2023-11-14 09:39:14.663] [cout] [info]   /forceset/glut_max1_r/activation. bounds: [0.01, 1]
[2023-11-14 09:39:14.663] [cout] [info]   /forceset/glut_max2_r/activation. bounds: [0.01, 1]
[2023-11-14 09:39:14.663] [cout] [info]   /forceset/glut_max3_r/activation. bounds: [0.01, 1]
[2023-11-14 09:39:14.663] [cout] [info]   /forceset/iliacus_r/activation. bounds: [0.01, 1]
[2023-11-14 09:39:14.663] [cout] [info]   /forceset/psoas_r/activation. bounds: [0.01, 1]
[2023-11-14 09:39:14.663] [cout] [info]   /forceset/quad_fem_r/activation. bounds: [0.01, 1]
[2023-11-14 09:39:14.663] [cout] [info]   /forceset/gem_r/activation. bounds: [0.01, 1]
[2023-11-14 09:39:14.663] [cout] [info]   /forceset/peri_r/activation. bounds: [0.01, 1]
[2023-11-14 09:39:14.663] [cout] [info]   /forceset/rect_fem_r/activation. bounds: [0.01, 1]
[2023-11-14 09:39:14.663] [cout] [info]   /forceset/vas_med_r/activation. bounds: [0.01, 1]
[2023-11-14 09:39:14.663] [cout] [info]   /forceset/vas_int_r/activation. bounds: [0.01, 1]
[2023-11-14 09:39:14.663] [cout] [info]   /forceset/vas_lat_r/activation. bounds: [0.01, 1]
[2023-11-14 09:39:14.663] [cout] [info]   /forceset/tib_post_l/activation. bounds: [0.01, 1]
[2023-11-14 09:39:14.663] [cout] [info]   /forceset/med_gas_r/activation. bounds: [0.01, 1]
[2023-11-14 09:39:14.663] [cout] [info]   /forceset/lat_gas_r/activation. bounds: [0.01, 1]
[2023-11-14 09:39:14.663] [cout] [info]   /forceset/soleus_r/activation. bounds: [0.01, 1]
[2023-11-14 09:39:14.663] [cout] [info]   /forceset/med_gas_l/activation. bounds: [0.01, 1]
[2023-11-14 09:39:14.663] [cout] [info]   /forceset/tib_post_r/activation. bounds: [0.01, 1]
[2023-11-14 09:39:14.663] [cout] [info]   /forceset/flex_dig_r/activation. bounds: [0.01, 1]
[2023-11-14 09:39:14.663] [cout] [info]   /forceset/flex_hal_r/activation. bounds: [0.01, 1]
[2023-11-14 09:39:14.663] [cout] [info]   /forceset/tib_ant_r/activation. bounds: [0.01, 1]
[2023-11-14 09:39:14.663] [cout] [info]   /forceset/per_brev_r/activation. bounds: [0.01, 1]
[2023-11-14 09:39:14.663] [cout] [info]   /forceset/per_long_r/activation. bounds: [0.01, 1]
[2023-11-14 09:39:14.663] [cout] [info]   /forceset/per_tert_r/activation. bounds: [0.01, 1]
[2023-11-14 09:39:14.663] [cout] [info]   /forceset/ext_dig_r/activation. bounds: [0.01, 1]
[2023-11-14 09:39:14.663] [cout] [info]   /forceset/ext_hal_r/activation. bounds: [0.01, 1]
[2023-11-14 09:39:14.663] [cout] [info]   /forceset/glut_med1_l/activation. bounds: [0.01, 1]
[2023-11-14 09:39:14.663] [cout] [info]   /forceset/glut_med3_l/activation. bounds: [0.01, 1]
[2023-11-14 09:39:14.664] [cout] [info]   /forceset/glut_min1_l/activation. bounds: [0.01, 1]
[2023-11-14 09:39:14.664] [cout] [info]   /forceset/glut_min2_l/activation. bounds: [0.01, 1]
[2023-11-14 09:39:14.664] [cout] [info]   /forceset/glut_min3_l/activation. bounds: [0.01, 1]
[2023-11-14 09:39:14.664] [cout] [info]   /forceset/semimem_l/activation. bounds: [0.01, 1]
[2023-11-14 09:39:14.664] [cout] [info]   /forceset/semiten_l/activation. bounds: [0.01, 1]
[2023-11-14 09:39:14.664] [cout] [info]   /forceset/bifemlh_l/activation. bounds: [0.01, 1]
[2023-11-14 09:39:14.664] [cout] [info]   /forceset/bifemsh_l/activation. bounds: [0.01, 1]
[2023-11-14 09:39:14.664] [cout] [info]   /forceset/add_long_l/activation. bounds: [0.01, 1]
[2023-11-14 09:39:14.664] [cout] [info]   /forceset/add_brev_l/activation. bounds: [0.01, 1]
[2023-11-14 09:39:14.664] [cout] [info]   /forceset/add_mag1_l/activation. bounds: [0.01, 1]
[2023-11-14 09:39:14.664] [cout] [info]   /forceset/add_mag2_l/activation. bounds: [0.01, 1]
[2023-11-14 09:39:14.664] [cout] [info]   /forceset/add_mag3_l/activation. bounds: [0.01, 1]
[2023-11-14 09:39:14.664] [cout] [info]   /forceset/tfl_l/activation. bounds: [0.01, 1]
[2023-11-14 09:39:14.664] [cout] [info]   /forceset/glut_max1_l/activation. bounds: [0.01, 1]
[2023-11-14 09:39:14.664] [cout] [info]   /forceset/glut_max2_l/activation. bounds: [0.01, 1]
[2023-11-14 09:39:14.664] [cout] [info]   /forceset/glut_max3_l/activation. bounds: [0.01, 1]
[2023-11-14 09:39:14.664] [cout] [info]   /forceset/iliacus_l/activation. bounds: [0.01, 1]
[2023-11-14 09:39:14.664] [cout] [info]   /forceset/psoas_l/activation. bounds: [0.01, 1]
[2023-11-14 09:39:14.664] [cout] [info]   /forceset/quad_fem_l/activation. bounds: [0.01, 1]
[2023-11-14 09:39:14.664] [cout] [info]   /forceset/gem_l/activation. bounds: [0.01, 1]
[2023-11-14 09:39:14.664] [cout] [info]   /forceset/peri_l/activation. bounds: [0.01, 1]
[2023-11-14 09:39:14.664] [cout] [info]   /forceset/rect_fem_l/activation. bounds: [0.01, 1]
[2023-11-14 09:39:14.664] [cout] [info]   /forceset/vas_med_l/activation. bounds: [0.01, 1]
[2023-11-14 09:39:14.664] [cout] [info]   /forceset/vas_int_l/activation. bounds: [0.01, 1]
[2023-11-14 09:39:14.664] [cout] [info]   /forceset/vas_lat_l/activation. bounds: [0.01, 1]
[2023-11-14 09:39:14.664] [cout] [info]   /forceset/lat_gas_l/activation. bounds: [0.01, 1]
[2023-11-14 09:39:14.664] [cout] [info]   /forceset/soleus_l/activation. bounds: [0.01, 1]
[2023-11-14 09:39:14.664] [cout] [info]   /forceset/flex_dig_l/activation. bounds: [0.01, 1]
[2023-11-14 09:39:14.664] [cout] [info]   /forceset/flex_hal_l/activation. bounds: [0.01, 1]
[2023-11-14 09:39:14.664] [cout] [info]   /forceset/tib_ant_l/activation. bounds: [0.01, 1]
[2023-11-14 09:39:14.664] [cout] [info]   /forceset/per_brev_l/activation. bounds: [0.01, 1]
[2023-11-14 09:39:14.664] [cout] [info]   /forceset/per_long_l/activation. bounds: [0.01, 1]
[2023-11-14 09:39:14.664] [cout] [info]   /forceset/per_tert_l/activation. bounds: [0.01, 1]
[2023-11-14 09:39:14.664] [cout] [info]   /forceset/ext_dig_l/activation. bounds: [0.01, 1]
[2023-11-14 09:39:14.664] [cout] [info]   /forceset/ext_hal_l/activation. bounds: [0.01, 1]
[2023-11-14 09:39:14.664] [cout] [info] Controls: (total: 111)
[2023-11-14 09:39:14.664] [cout] [info]   /forceset/glut_med1_r. bounds: [0.01, 1]
[2023-11-14 09:39:14.664] [cout] [info]   /forceset/grac_l. bounds: [0.01, 1]
[2023-11-14 09:39:14.664] [cout] [info]   /forceset/glut_med2_r. bounds: [0.01, 1]
[2023-11-14 09:39:14.664] [cout] [info]   /forceset/glut_med3_r. bounds: [0.01, 1]
[2023-11-14 09:39:14.664] [cout] [info]   /forceset/glut_min1_r. bounds: [0.01, 1]
[2023-11-14 09:39:14.664] [cout] [info]   /forceset/glut_min2_r. bounds: [0.01, 1]
[2023-11-14 09:39:14.664] [cout] [info]   /forceset/glut_min3_r. bounds: [0.01, 1]
[2023-11-14 09:39:14.664] [cout] [info]   /forceset/semimem_r. bounds: [0.01, 1]
[2023-11-14 09:39:14.664] [cout] [info]   /forceset/hip_rotation_l_reserve. bounds: [-inf, inf]
[2023-11-14 09:39:14.664] [cout] [info]   /forceset/semiten_r. bounds: [0.01, 1]
[2023-11-14 09:39:14.664] [cout] [info]   /forceset/bifemlh_r. bounds: [0.01, 1]
[2023-11-14 09:39:14.664] [cout] [info]   /forceset/bifemsh_r. bounds: [0.01, 1]
[2023-11-14 09:39:14.664] [cout] [info]   /forceset/pect_l. bounds: [0.01, 1]
[2023-11-14 09:39:14.664] [cout] [info]   /forceset/sar_r. bounds: [0.01, 1]
[2023-11-14 09:39:14.664] [cout] [info]   /forceset/add_long_r. bounds: [0.01, 1]
[2023-11-14 09:39:14.664] [cout] [info]   /forceset/add_brev_r. bounds: [0.01, 1]
[2023-11-14 09:39:14.664] [cout] [info]   /forceset/add_mag1_r. bounds: [0.01, 1]
[2023-11-14 09:39:14.664] [cout] [info]   /forceset/add_mag2_r. bounds: [0.01, 1]
[2023-11-14 09:39:14.664] [cout] [info]   /forceset/add_mag3_r. bounds: [0.01, 1]
[2023-11-14 09:39:14.664] [cout] [info]   /forceset/tfl_r. bounds: [0.01, 1]
[2023-11-14 09:39:14.664] [cout] [info]   /forceset/sar_l. bounds: [0.01, 1]
[2023-11-14 09:39:14.664] [cout] [info]   /forceset/pect_r. bounds: [0.01, 1]
[2023-11-14 09:39:14.664] [cout] [info]   /forceset/glut_med2_l. bounds: [0.01, 1]
[2023-11-14 09:39:14.664] [cout] [info]   /forceset/grac_r. bounds: [0.01, 1]
[2023-11-14 09:39:14.664] [cout] [info]   /forceset/hip_flexion_r_reserve. bounds: [-inf, inf]
[2023-11-14 09:39:14.664] [cout] [info]   /forceset/hip_adduction_l_reserve. bounds: [-inf, inf]
[2023-11-14 09:39:14.664] [cout] [info]   /forceset/glut_max1_r. bounds: [0.01, 1]
[2023-11-14 09:39:14.664] [cout] [info]   /forceset/glut_max2_r. bounds: [0.01, 1]
[2023-11-14 09:39:14.664] [cout] [info]   /forceset/glut_max3_r. bounds: [0.01, 1]
[2023-11-14 09:39:14.664] [cout] [info]   /forceset/iliacus_r. bounds: [0.01, 1]
[2023-11-14 09:39:14.664] [cout] [info]   /forceset/psoas_r. bounds: [0.01, 1]
[2023-11-14 09:39:14.664] [cout] [info]   /forceset/quad_fem_r. bounds: [0.01, 1]
[2023-11-14 09:39:14.664] [cout] [info]   /forceset/gem_r. bounds: [0.01, 1]
[2023-11-14 09:39:14.664] [cout] [info]   /forceset/peri_r. bounds: [0.01, 1]
[2023-11-14 09:39:14.664] [cout] [info]   /forceset/rect_fem_r. bounds: [0.01, 1]
[2023-11-14 09:39:14.664] [cout] [info]   /forceset/vas_med_r. bounds: [0.01, 1]
[2023-11-14 09:39:14.664] [cout] [info]   /forceset/vas_int_r. bounds: [0.01, 1]
[2023-11-14 09:39:14.664] [cout] [info]   /forceset/vas_lat_r. bounds: [0.01, 1]
[2023-11-14 09:39:14.664] [cout] [info]   /forceset/tib_post_l. bounds: [0.01, 1]
[2023-11-14 09:39:14.664] [cout] [info]   /forceset/med_gas_r. bounds: [0.01, 1]
[2023-11-14 09:39:14.664] [cout] [info]   /forceset/lat_gas_r. bounds: [0.01, 1]
[2023-11-14 09:39:14.664] [cout] [info]   /forceset/soleus_r. bounds: [0.01, 1]
[2023-11-14 09:39:14.664] [cout] [info]   /forceset/med_gas_l. bounds: [0.01, 1]
[2023-11-14 09:39:14.664] [cout] [info]   /forceset/tib_post_r. bounds: [0.01, 1]
[2023-11-14 09:39:14.664] [cout] [info]   /forceset/flex_dig_r. bounds: [0.01, 1]
[2023-11-14 09:39:14.664] [cout] [info]   /forceset/flex_hal_r. bounds: [0.01, 1]
[2023-11-14 09:39:14.664] [cout] [info]   /forceset/tib_ant_r. bounds: [0.01, 1]
[2023-11-14 09:39:14.664] [cout] [info]   /forceset/per_brev_r. bounds: [0.01, 1]
[2023-11-14 09:39:14.664] [cout] [info]   /forceset/per_long_r. bounds: [0.01, 1]
[2023-11-14 09:39:14.664] [cout] [info]   /forceset/per_tert_r. bounds: [0.01, 1]
[2023-11-14 09:39:14.664] [cout] [info]   /forceset/ext_dig_r. bounds: [0.01, 1]
[2023-11-14 09:39:14.664] [cout] [info]   /forceset/ext_hal_r. bounds: [0.01, 1]
[2023-11-14 09:39:14.664] [cout] [info]   /forceset/glut_med1_l. bounds: [0.01, 1]
[2023-11-14 09:39:14.664] [cout] [info]   /forceset/glut_med3_l. bounds: [0.01, 1]
[2023-11-14 09:39:14.664] [cout] [info]   /forceset/glut_min1_l. bounds: [0.01, 1]
[2023-11-14 09:39:14.664] [cout] [info]   /forceset/glut_min2_l. bounds: [0.01, 1]
[2023-11-14 09:39:14.665] [cout] [info]   /forceset/glut_min3_l. bounds: [0.01, 1]
[2023-11-14 09:39:14.665] [cout] [info]   /forceset/semimem_l. bounds: [0.01, 1]
[2023-11-14 09:39:14.665] [cout] [info]   /forceset/semiten_l. bounds: [0.01, 1]
[2023-11-14 09:39:14.665] [cout] [info]   /forceset/bifemlh_l. bounds: [0.01, 1]
[2023-11-14 09:39:14.665] [cout] [info]   /forceset/bifemsh_l. bounds: [0.01, 1]
[2023-11-14 09:39:14.665] [cout] [info]   /forceset/add_long_l. bounds: [0.01, 1]
[2023-11-14 09:39:14.665] [cout] [info]   /forceset/add_brev_l. bounds: [0.01, 1]
[2023-11-14 09:39:14.665] [cout] [info]   /forceset/add_mag1_l. bounds: [0.01, 1]
[2023-11-14 09:39:14.665] [cout] [info]   /forceset/add_mag2_l. bounds: [0.01, 1]
[2023-11-14 09:39:14.665] [cout] [info]   /forceset/add_mag3_l. bounds: [0.01, 1]
[2023-11-14 09:39:14.665] [cout] [info]   /forceset/tfl_l. bounds: [0.01, 1]
[2023-11-14 09:39:14.665] [cout] [info]   /forceset/glut_max1_l. bounds: [0.01, 1]
[2023-11-14 09:39:14.665] [cout] [info]   /forceset/glut_max2_l. bounds: [0.01, 1]
[2023-11-14 09:39:14.665] [cout] [info]   /forceset/glut_max3_l. bounds: [0.01, 1]
[2023-11-14 09:39:14.665] [cout] [info]   /forceset/arm_add_r_actuator. bounds: [-inf, inf]
[2023-11-14 09:39:14.665] [cout] [info]   /forceset/iliacus_l. bounds: [0.01, 1]
[2023-11-14 09:39:14.665] [cout] [info]   /forceset/psoas_l. bounds: [0.01, 1]
[2023-11-14 09:39:14.665] [cout] [info]   /forceset/quad_fem_l. bounds: [0.01, 1]
[2023-11-14 09:39:14.665] [cout] [info]   /forceset/gem_l. bounds: [0.01, 1]
[2023-11-14 09:39:14.665] [cout] [info]   /forceset/peri_l. bounds: [0.01, 1]
[2023-11-14 09:39:14.665] [cout] [info]   /forceset/rect_fem_l. bounds: [0.01, 1]
[2023-11-14 09:39:14.665] [cout] [info]   /forceset/vas_med_l. bounds: [0.01, 1]
[2023-11-14 09:39:14.665] [cout] [info]   /forceset/vas_int_l. bounds: [0.01, 1]
[2023-11-14 09:39:14.665] [cout] [info]   /forceset/vas_lat_l. bounds: [0.01, 1]
[2023-11-14 09:39:14.665] [cout] [info]   /forceset/lat_gas_l. bounds: [0.01, 1]
[2023-11-14 09:39:14.665] [cout] [info]   /forceset/soleus_l. bounds: [0.01, 1]
[2023-11-14 09:39:14.665] [cout] [info]   /forceset/flex_dig_l. bounds: [0.01, 1]
[2023-11-14 09:39:14.665] [cout] [info]   /forceset/flex_hal_l. bounds: [0.01, 1]
[2023-11-14 09:39:14.665] [cout] [info]   /forceset/tib_ant_l. bounds: [0.01, 1]
[2023-11-14 09:39:14.665] [cout] [info]   /forceset/per_brev_l. bounds: [0.01, 1]
[2023-11-14 09:39:14.665] [cout] [info]   /forceset/per_long_l. bounds: [0.01, 1]
[2023-11-14 09:39:14.665] [cout] [info]   /forceset/per_tert_l. bounds: [0.01, 1]
[2023-11-14 09:39:14.665] [cout] [info]   /forceset/ext_dig_l. bounds: [0.01, 1]
[2023-11-14 09:39:14.665] [cout] [info]   /forceset/ext_hal_l. bounds: [0.01, 1]
[2023-11-14 09:39:14.665] [cout] [info]   /forceset/lumbar_extension_actuator. bounds: [-inf, inf]
[2023-11-14 09:39:14.665] [cout] [info]   /forceset/lumbar_bending_actuator. bounds: [-inf, inf]
[2023-11-14 09:39:14.665] [cout] [info]   /forceset/lumbar_rotation_actuator. bounds: [-inf, inf]
[2023-11-14 09:39:14.665] [cout] [info]   /forceset/arm_flex_r_actuator. bounds: [-inf, inf]
[2023-11-14 09:39:14.665] [cout] [info]   /forceset/arm_rot_r_actuator. bounds: [-inf, inf]
[2023-11-14 09:39:14.665] [cout] [info]   /forceset/elbow_flex_r_actuator. bounds: [-inf, inf]
[2023-11-14 09:39:14.665] [cout] [info]   /forceset/pro_sup_r_actuator. bounds: [-inf, inf]
[2023-11-14 09:39:14.665] [cout] [info]   /forceset/arm_flex_l_actuator. bounds: [-inf, inf]
[2023-11-14 09:39:14.665] [cout] [info]   /forceset/arm_add_l_actuator. bounds: [-inf, inf]
[2023-11-14 09:39:14.665] [cout] [info]   /forceset/arm_rot_l_actuator. bounds: [-inf, inf]
[2023-11-14 09:39:14.665] [cout] [info]   /forceset/elbow_flex_l_actuator. bounds: [-inf, inf]
[2023-11-14 09:39:14.665] [cout] [info]   /forceset/pro_sup_l_actuator. bounds: [-inf, inf]
[2023-11-14 09:39:14.665] [cout] [info]   /forceset/hip_adduction_r_reserve. bounds: [-inf, inf]
[2023-11-14 09:39:14.665] [cout] [info]   /forceset/hip_flexion_l_reserve. bounds: [-inf, inf]
[2023-11-14 09:39:14.665] [cout] [info]   /forceset/knee_angle_l_reserve. bounds: [-inf, inf]
[2023-11-14 09:39:14.665] [cout] [info]   /forceset/ankle_angle_l_reserve. bounds: [-inf, inf]
[2023-11-14 09:39:14.665] [cout] [info]   /forceset/mtp_angle_l_reserve. bounds: [-inf, inf]
[2023-11-14 09:39:14.665] [cout] [info]   /forceset/hip_rotation_r_reserve. bounds: [-inf, inf]
[2023-11-14 09:39:14.665] [cout] [info]   /forceset/knee_angle_r_reserve. bounds: [-inf, inf]
[2023-11-14 09:39:14.665] [cout] [info]   /forceset/ankle_angle_r_reserve. bounds: [-inf, inf]
[2023-11-14 09:39:14.665] [cout] [info]   /forceset/mtp_angle_r_reserve. bounds: [-inf, inf]
[2023-11-14 09:39:14.665] [cout] [info] Parameters: none
[2023-11-14 09:39:16.307] [info] Number of threads: 8
[2023-11-14 09:52:04.145] [info] Set log level to Info.
[2023-11-14 09:52:04.150] [info] ------------------------------------------------------------------------
[2023-11-14 09:52:04.151] [info] Elapsed real time: 769 second(s) (12 minute(s), 49 second(s)).
[2023-11-14 09:52:04.151] [info] Tue Nov 14 09:52:04 2023
[2023-11-14 09:52:04.151] [warning] MocoCasADiSolver did NOT succeed:
[2023-11-14 09:52:04.151] [warning]   User_Requested_Stop
[2023-11-14 09:52:04.151] [info] ========================================================================
[2023-11-14 09:52:14.673] [warning] Visualizer couldn't open r_femur.vtp because: SimTK Exception thrown at PolygonalMesh.cpp:411:
  Error detected by Simbody method PolygonalMesh::loadVtpFile(): Attempt to load a VTK PolyData (.vtp) file from file name 'C:\OpenSim 4.4\Geometry\r_femur.vtp' failed with message:
  SimTK Exception thrown at Xml.cpp:108:
  Error detected by Simbody method Xml::readFromFile(): Failed to load the Xml file 'C:\OpenSim 4.4\Geometry\r_femur.vtp' with error 'Failed to open file (line=0, col=0)'.
  (Required condition 'loadOK' was not met.)

  (Required condition '!"failed"' was not met.)

[2023-11-14 09:52:14.673] [warning] Visualizer couldn't open r_tibia.vtp because: SimTK Exception thrown at PolygonalMesh.cpp:411:
  Error detected by Simbody method PolygonalMesh::loadVtpFile(): Attempt to load a VTK PolyData (.vtp) file from file name 'C:\OpenSim 4.4\Geometry\r_tibia.vtp' failed with message:
  SimTK Exception thrown at Xml.cpp:108:
  Error detected by Simbody method Xml::readFromFile(): Failed to load the Xml file 'C:\OpenSim 4.4\Geometry\r_tibia.vtp' with error 'Failed to open file (line=0, col=0)'.
  (Required condition 'loadOK' was not met.)

  (Required condition '!"failed"' was not met.)

[2023-11-14 09:52:14.695] [warning] Visualizer couldn't open l_femur.vtp because: SimTK Exception thrown at PolygonalMesh.cpp:411:
  Error detected by Simbody method PolygonalMesh::loadVtpFile(): Attempt to load a VTK PolyData (.vtp) file from file name 'C:\OpenSim 4.4\Geometry\l_femur.vtp' failed with message:
  SimTK Exception thrown at Xml.cpp:108:
  Error detected by Simbody method Xml::readFromFile(): Failed to load the Xml file 'C:\OpenSim 4.4\Geometry\l_femur.vtp' with error 'Failed to open file (line=0, col=0)'.
  (Required condition 'loadOK' was not met.)

  (Required condition '!"failed"' was not met.)

[2023-11-14 09:52:14.695] [warning] Visualizer couldn't open l_tibia.vtp because: SimTK Exception thrown at PolygonalMesh.cpp:411:
  Error detected by Simbody method PolygonalMesh::loadVtpFile(): Attempt to load a VTK PolyData (.vtp) file from file name 'C:\OpenSim 4.4\Geometry\l_tibia.vtp' failed with message:
  SimTK Exception thrown at Xml.cpp:108:
  Error detected by Simbody method Xml::readFromFile(): Failed to load the Xml file 'C:\OpenSim 4.4\Geometry\l_tibia.vtp' with error 'Failed to open file (line=0, col=0)'.
  (Required condition 'loadOK' was not met.)

  (Required condition '!"failed"' was not met.)

[2023-11-14 09:52:14.931] [warning] Visualizer couldn't open scapula_lv1.vtp because: SimTK Exception thrown at PolygonalMesh.cpp:411:
  Error detected by Simbody method PolygonalMesh::loadVtpFile(): Attempt to load a VTK PolyData (.vtp) file from file name 'C:\OpenSim 4.4\Geometry\scapula_lv1.vtp' failed with message:
  SimTK Exception thrown at Xml.cpp:108:
  Error detected by Simbody method Xml::readFromFile(): Failed to load the Xml file 'C:\OpenSim 4.4\Geometry\scapula_lv1.vtp' with error 'Failed to open file (line=0, col=0)'.
  (Required condition 'loadOK' was not met.)

  (Required condition '!"failed"' was not met.)

[2023-11-14 09:52:14.931] [warning] Visualizer couldn't open scapula_rv1.vtp because: SimTK Exception thrown at PolygonalMesh.cpp:411:
  Error detected by Simbody method PolygonalMesh::loadVtpFile(): Attempt to load a VTK PolyData (.vtp) file from file name 'C:\OpenSim 4.4\Geometry\scapula_rv1.vtp' failed with message:
  SimTK Exception thrown at Xml.cpp:108:
  Error detected by Simbody method Xml::readFromFile(): Failed to load the Xml file 'C:\OpenSim 4.4\Geometry\scapula_rv1.vtp' with error 'Failed to open file (line=0, col=0)'.
  (Required condition 'loadOK' was not met.)

  (Required condition '!"failed"' was not met.)

[2023-11-14 09:52:14.931] [warning] Visualizer couldn't open clavicle_lv1.vtp because: SimTK Exception thrown at PolygonalMesh.cpp:411:
  Error detected by Simbody method PolygonalMesh::loadVtpFile(): Attempt to load a VTK PolyData (.vtp) file from file name 'C:\OpenSim 4.4\Geometry\clavicle_lv1.vtp' failed with message:
  SimTK Exception thrown at Xml.cpp:108:
  Error detected by Simbody method Xml::readFromFile(): Failed to load the Xml file 'C:\OpenSim 4.4\Geometry\clavicle_lv1.vtp' with error 'Failed to open file (line=0, col=0)'.
  (Required condition 'loadOK' was not met.)

  (Required condition '!"failed"' was not met.)

[2023-11-14 09:52:14.931] [warning] Visualizer couldn't open clavicle_rv1.vtp because: SimTK Exception thrown at PolygonalMesh.cpp:411:
  Error detected by Simbody method PolygonalMesh::loadVtpFile(): Attempt to load a VTK PolyData (.vtp) file from file name 'C:\OpenSim 4.4\Geometry\clavicle_rv1.vtp' failed with message:
  SimTK Exception thrown at Xml.cpp:108:
  Error detected by Simbody method Xml::readFromFile(): Failed to load the Xml file 'C:\OpenSim 4.4\Geometry\clavicle_rv1.vtp' with error 'Failed to open file (line=0, col=0)'.
  (Required condition 'loadOK' was not met.)

  (Required condition '!"failed"' was not met.)

[2023-11-14 09:52:46.780] [cout] [info] Exiting visualization.
[2023-11-14 13:43:39.390] [info] Loaded model JA1_SCALED from file ..\model\JA1_SCALED_Osim4_Muscles.osim
[2023-11-14 13:44:04.345] [info] ========================================================================
[2023-11-14 13:44:04.345] [info] MocoCasADiSolver starting.
[2023-11-14 13:44:04.346] [info] Tue Nov 14 13:44:04 2023
[2023-11-14 13:44:04.346] [info] ------------------------------------------------------------------------
[2023-11-14 13:44:04.346] [cout] [info] Costs: (total: 5)
[2023-11-14 13:44:04.346] [cout] [info]   state_tracking. MocoStateTrackingGoal, enabled: true, mode: cost, weight: 1.0
[2023-11-14 13:44:04.346] [cout] [info]         state: /jointset/ground_pelvis/pelvis_tilt/value, weight: 10.0
[2023-11-14 13:44:04.346] [cout] [info]         state: /jointset/ground_pelvis/pelvis_list/value, weight: 10.0
[2023-11-14 13:44:04.346] [cout] [info]         state: /jointset/ground_pelvis/pelvis_rotation/value, weight: 10.0
[2023-11-14 13:44:04.347] [cout] [info]         state: /jointset/ground_pelvis/pelvis_tx/value, weight: 5.0
[2023-11-14 13:44:04.347] [cout] [info]         state: /jointset/ground_pelvis/pelvis_ty/value, weight: 0.1
[2023-11-14 13:44:04.347] [cout] [info]         state: /jointset/ground_pelvis/pelvis_tz/value, weight: 2.5
[2023-11-14 13:44:04.347] [cout] [info]         state: /jointset/hip_r/hip_flexion_r/value, weight: 10.0
[2023-11-14 13:44:04.347] [cout] [info]         state: /jointset/hip_r/hip_adduction_r/value, weight: 5.0
[2023-11-14 13:44:04.347] [cout] [info]         state: /jointset/hip_r/hip_rotation_r/value, weight: 2.5
[2023-11-14 13:44:04.347] [cout] [info]         state: /jointset/hip_l/hip_flexion_l/value, weight: 10.0
[2023-11-14 13:44:04.347] [cout] [info]         state: /jointset/hip_l/hip_adduction_l/value, weight: 5.0
[2023-11-14 13:44:04.347] [cout] [info]         state: /jointset/hip_l/hip_rotation_l/value, weight: 2.5
[2023-11-14 13:44:04.347] [cout] [info]         state: /jointset/back/lumbar_extension/value, weight: 15.0
[2023-11-14 13:44:04.347] [cout] [info]         state: /jointset/back/lumbar_bending/value, weight: 10.0
[2023-11-14 13:44:04.347] [cout] [info]         state: /jointset/back/lumbar_rotation/value, weight: 5.0
[2023-11-14 13:44:04.347] [cout] [info]         state: /jointset/knee_r/knee_angle_r/value, weight: 10.0
[2023-11-14 13:44:04.347] [cout] [info]         state: /jointset/knee_l/knee_angle_l/value, weight: 10.0
[2023-11-14 13:44:04.347] [cout] [info]         state: /jointset/acromial_r/arm_flex_r/value, weight: 2.5
[2023-11-14 13:44:04.347] [cout] [info]         state: /jointset/acromial_r/arm_add_r/value, weight: 1.0
[2023-11-14 13:44:04.347] [cout] [info]         state: /jointset/acromial_r/arm_rot_r/value, weight: 1.0
[2023-11-14 13:44:04.347] [cout] [info]         state: /jointset/acromial_l/arm_flex_l/value, weight: 2.5
[2023-11-14 13:44:04.347] [cout] [info]         state: /jointset/acromial_l/arm_add_l/value, weight: 1.0
[2023-11-14 13:44:04.347] [cout] [info]         state: /jointset/acromial_l/arm_rot_l/value, weight: 1.0
[2023-11-14 13:44:04.347] [cout] [info]         state: /jointset/ankle_r/ankle_angle_r/value, weight: 2.5
[2023-11-14 13:44:04.347] [cout] [info]         state: /jointset/ankle_l/ankle_angle_l/value, weight: 2.5
[2023-11-14 13:44:04.347] [cout] [info]         state: /jointset/elbow_r/elbow_flex_r/value, weight: 5.0
[2023-11-14 13:44:04.347] [cout] [info]         state: /jointset/elbow_l/elbow_flex_l/value, weight: 5.0
[2023-11-14 13:44:04.347] [cout] [info]         state: /jointset/subtalar_r/subtalar_angle_r/value, weight: 1.0
[2023-11-14 13:44:04.347] [cout] [info]         state: /jointset/subtalar_l/subtalar_angle_l/value, weight: 1.0
[2023-11-14 13:44:04.347] [cout] [info]         state: /jointset/radioulnar_r/pro_sup_r/value, weight: 1.0
[2023-11-14 13:44:04.347] [cout] [info]         state: /jointset/radioulnar_l/pro_sup_l/value, weight: 1.0
[2023-11-14 13:44:04.347] [cout] [info]         state: /jointset/mtp_r/mtp_angle_r/value, weight: 0.5
[2023-11-14 13:44:04.347] [cout] [info]         state: /jointset/mtp_l/mtp_angle_l/value, weight: 0.5
[2023-11-14 13:44:04.347] [cout] [info]         state: /jointset/ground_pelvis/pelvis_tilt/speed, weight: 0.01
[2023-11-14 13:44:04.347] [cout] [info]         state: /jointset/ground_pelvis/pelvis_list/speed, weight: 0.01
[2023-11-14 13:44:04.347] [cout] [info]         state: /jointset/ground_pelvis/pelvis_rotation/speed, weight: 0.01
[2023-11-14 13:44:04.348] [cout] [info]         state: /jointset/ground_pelvis/pelvis_tx/speed, weight: 0.00500000
[2023-11-14 13:44:04.348] [cout] [info]         state: /jointset/ground_pelvis/pelvis_ty/speed, weight: 0.000100000
[2023-11-14 13:44:04.348] [cout] [info]         state: /jointset/ground_pelvis/pelvis_tz/speed, weight: 0.00250000
[2023-11-14 13:44:04.348] [cout] [info]         state: /jointset/hip_r/hip_flexion_r/speed, weight: 0.01
[2023-11-14 13:44:04.348] [cout] [info]         state: /jointset/hip_r/hip_adduction_r/speed, weight: 0.00500000
[2023-11-14 13:44:04.348] [cout] [info]         state: /jointset/hip_r/hip_rotation_r/speed, weight: 0.00250000
[2023-11-14 13:44:04.348] [cout] [info]         state: /jointset/hip_l/hip_flexion_l/speed, weight: 0.01
[2023-11-14 13:44:04.348] [cout] [info]         state: /jointset/hip_l/hip_adduction_l/speed, weight: 0.00500000
[2023-11-14 13:44:04.348] [cout] [info]         state: /jointset/hip_l/hip_rotation_l/speed, weight: 0.00250000
[2023-11-14 13:44:04.348] [cout] [info]         state: /jointset/back/lumbar_extension/speed, weight: 0.015
[2023-11-14 13:44:04.348] [cout] [info]         state: /jointset/back/lumbar_bending/speed, weight: 0.01
[2023-11-14 13:44:04.348] [cout] [info]         state: /jointset/back/lumbar_rotation/speed, weight: 0.00500000
[2023-11-14 13:44:04.348] [cout] [info]         state: /jointset/knee_r/knee_angle_r/speed, weight: 0.01
[2023-11-14 13:44:04.348] [cout] [info]         state: /jointset/knee_l/knee_angle_l/speed, weight: 0.01
[2023-11-14 13:44:04.348] [cout] [info]         state: /jointset/acromial_r/arm_flex_r/speed, weight: 0.00250000
[2023-11-14 13:44:04.348] [cout] [info]         state: /jointset/acromial_r/arm_add_r/speed, weight: 0.00100000
[2023-11-14 13:44:04.348] [cout] [info]         state: /jointset/acromial_r/arm_rot_r/speed, weight: 0.00100000
[2023-11-14 13:44:04.348] [cout] [info]         state: /jointset/acromial_l/arm_flex_l/speed, weight: 0.00250000
[2023-11-14 13:44:04.348] [cout] [info]         state: /jointset/acromial_l/arm_add_l/speed, weight: 0.00100000
[2023-11-14 13:44:04.348] [cout] [info]         state: /jointset/acromial_l/arm_rot_l/speed, weight: 0.00100000
[2023-11-14 13:44:04.348] [cout] [info]         state: /jointset/ankle_r/ankle_angle_r/speed, weight: 0.00250000
[2023-11-14 13:44:04.348] [cout] [info]         state: /jointset/ankle_l/ankle_angle_l/speed, weight: 0.00250000
[2023-11-14 13:44:04.348] [cout] [info]         state: /jointset/elbow_r/elbow_flex_r/speed, weight: 0.00500000
[2023-11-14 13:44:04.348] [cout] [info]         state: /jointset/elbow_l/elbow_flex_l/speed, weight: 0.00500000
[2023-11-14 13:44:04.348] [cout] [info]         state: /jointset/subtalar_r/subtalar_angle_r/speed, weight: 0.00100000
[2023-11-14 13:44:04.348] [cout] [info]         state: /jointset/subtalar_l/subtalar_angle_l/speed, weight: 0.00100000
[2023-11-14 13:44:04.348] [cout] [info]         state: /jointset/radioulnar_r/pro_sup_r/speed, weight: 0.00100000
[2023-11-14 13:44:04.348] [cout] [info]         state: /jointset/radioulnar_l/pro_sup_l/speed, weight: 0.00100000
[2023-11-14 13:44:04.348] [cout] [info]         state: /jointset/mtp_r/mtp_angle_r/speed, weight: 0.000500000
[2023-11-14 13:44:04.348] [cout] [info]         state: /jointset/mtp_l/mtp_angle_l/speed, weight: 0.000500000
[2023-11-14 13:44:04.348] [cout] [info]   control_effort. MocoControlGoal, enabled: true, mode: cost, weight: 0.00100000
[2023-11-14 13:44:04.348] [cout] [info]         control: /forceset/glut_med1_r, weight: 1.0
[2023-11-14 13:44:04.348] [cout] [info]         control: /forceset/glut_med2_r, weight: 1.0
[2023-11-14 13:44:04.348] [cout] [info]         control: /forceset/glut_med3_r, weight: 1.0
[2023-11-14 13:44:04.348] [cout] [info]         control: /forceset/glut_min1_r, weight: 1.0
[2023-11-14 13:44:04.348] [cout] [info]         control: /forceset/glut_min2_r, weight: 1.0
[2023-11-14 13:44:04.348] [cout] [info]         control: /forceset/glut_min3_r, weight: 1.0
[2023-11-14 13:44:04.348] [cout] [info]         control: /forceset/semimem_r, weight: 1.0
[2023-11-14 13:44:04.348] [cout] [info]         control: /forceset/semiten_r, weight: 1.0
[2023-11-14 13:44:04.348] [cout] [info]         control: /forceset/bifemlh_r, weight: 1.0
[2023-11-14 13:44:04.348] [cout] [info]         control: /forceset/bifemsh_r, weight: 1.0
[2023-11-14 13:44:04.348] [cout] [info]         control: /forceset/sar_r, weight: 1.0
[2023-11-14 13:44:04.348] [cout] [info]         control: /forceset/add_long_r, weight: 1.0
[2023-11-14 13:44:04.348] [cout] [info]         control: /forceset/add_brev_r, weight: 1.0
[2023-11-14 13:44:04.348] [cout] [info]         control: /forceset/add_mag1_r, weight: 1.0
[2023-11-14 13:44:04.348] [cout] [info]         control: /forceset/add_mag2_r, weight: 1.0
[2023-11-14 13:44:04.348] [cout] [info]         control: /forceset/add_mag3_r, weight: 1.0
[2023-11-14 13:44:04.348] [cout] [info]         control: /forceset/tfl_r, weight: 1.0
[2023-11-14 13:44:04.348] [cout] [info]         control: /forceset/pect_r, weight: 1.0
[2023-11-14 13:44:04.348] [cout] [info]         control: /forceset/grac_r, weight: 1.0
[2023-11-14 13:44:04.348] [cout] [info]         control: /forceset/glut_max1_r, weight: 1.0
[2023-11-14 13:44:04.348] [cout] [info]         control: /forceset/glut_max2_r, weight: 1.0
[2023-11-14 13:44:04.348] [cout] [info]         control: /forceset/glut_max3_r, weight: 1.0
[2023-11-14 13:44:04.348] [cout] [info]         control: /forceset/iliacus_r, weight: 1.0
[2023-11-14 13:44:04.348] [cout] [info]         control: /forceset/psoas_r, weight: 1.0
[2023-11-14 13:44:04.348] [cout] [info]         control: /forceset/quad_fem_r, weight: 1.0
[2023-11-14 13:44:04.348] [cout] [info]         control: /forceset/gem_r, weight: 1.0
[2023-11-14 13:44:04.348] [cout] [info]         control: /forceset/peri_r, weight: 1.0
[2023-11-14 13:44:04.348] [cout] [info]         control: /forceset/rect_fem_r, weight: 1.0
[2023-11-14 13:44:04.348] [cout] [info]         control: /forceset/vas_med_r, weight: 1.0
[2023-11-14 13:44:04.348] [cout] [info]         control: /forceset/vas_int_r, weight: 1.0
[2023-11-14 13:44:04.348] [cout] [info]         control: /forceset/vas_lat_r, weight: 1.0
[2023-11-14 13:44:04.348] [cout] [info]         control: /forceset/med_gas_r, weight: 1.0
[2023-11-14 13:44:04.348] [cout] [info]         control: /forceset/lat_gas_r, weight: 1.0
[2023-11-14 13:44:04.348] [cout] [info]         control: /forceset/soleus_r, weight: 1.0
[2023-11-14 13:44:04.348] [cout] [info]         control: /forceset/tib_post_r, weight: 1.0
[2023-11-14 13:44:04.348] [cout] [info]         control: /forceset/flex_dig_r, weight: 1.0
[2023-11-14 13:44:04.348] [cout] [info]         control: /forceset/flex_hal_r, weight: 1.0
[2023-11-14 13:44:04.348] [cout] [info]         control: /forceset/tib_ant_r, weight: 1.0
[2023-11-14 13:44:04.348] [cout] [info]         control: /forceset/per_brev_r, weight: 1.0
[2023-11-14 13:44:04.348] [cout] [info]         control: /forceset/per_long_r, weight: 1.0
[2023-11-14 13:44:04.349] [cout] [info]         control: /forceset/per_tert_r, weight: 1.0
[2023-11-14 13:44:04.349] [cout] [info]         control: /forceset/ext_dig_r, weight: 1.0
[2023-11-14 13:44:04.349] [cout] [info]         control: /forceset/ext_hal_r, weight: 1.0
[2023-11-14 13:44:04.349] [cout] [info]         control: /forceset/lumbar_extension_actuator, weight: 0.1
[2023-11-14 13:44:04.349] [cout] [info]         control: /forceset/lumbar_bending_actuator, weight: 0.1
[2023-11-14 13:44:04.349] [cout] [info]         control: /forceset/lumbar_rotation_actuator, weight: 0.1
[2023-11-14 13:44:04.349] [cout] [info]         control: /forceset/arm_flex_r_actuator, weight: 0.1
[2023-11-14 13:44:04.349] [cout] [info]         control: /forceset/arm_add_r_actuator, weight: 0.1
[2023-11-14 13:44:04.349] [cout] [info]         control: /forceset/arm_rot_r_actuator, weight: 0.1
[2023-11-14 13:44:04.349] [cout] [info]         control: /forceset/elbow_flex_r_actuator, weight: 0.1
[2023-11-14 13:44:04.349] [cout] [info]         control: /forceset/pro_sup_r_actuator, weight: 0.1
[2023-11-14 13:44:04.349] [cout] [info]         control: /forceset/arm_flex_l_actuator, weight: 0.1
[2023-11-14 13:44:04.349] [cout] [info]         control: /forceset/arm_add_l_actuator, weight: 0.1
[2023-11-14 13:44:04.349] [cout] [info]         control: /forceset/arm_rot_l_actuator, weight: 0.1
[2023-11-14 13:44:04.349] [cout] [info]         control: /forceset/elbow_flex_l_actuator, weight: 0.1
[2023-11-14 13:44:04.349] [cout] [info]         control: /forceset/pro_sup_l_actuator, weight: 0.1
[2023-11-14 13:44:04.349] [cout] [info]         control: /forceset/hip_flexion_l_actuator, weight: 0.1
[2023-11-14 13:44:04.349] [cout] [info]         control: /forceset/hip_adduction_l_actuator, weight: 0.1
[2023-11-14 13:44:04.349] [cout] [info]         control: /forceset/hip_rotation_l_actuator, weight: 0.1
[2023-11-14 13:44:04.349] [cout] [info]         control: /forceset/knee_angle_l_actuator, weight: 0.1
[2023-11-14 13:44:04.349] [cout] [info]         control: /forceset/ankle_angle_l_actuator, weight: 0.1
[2023-11-14 13:44:04.349] [cout] [info]         control: /forceset/subtalar_angle_l_actuator, weight: 0.1
[2023-11-14 13:44:04.349] [cout] [info]         control: /forceset/mtp_angle_l_actuator, weight: 0.1
[2023-11-14 13:44:04.349] [cout] [info]         control: /forceset/hip_flexion_r_reserve, weight: 10.0
[2023-11-14 13:44:04.349] [cout] [info]         control: /forceset/hip_adduction_r_reserve, weight: 10.0
[2023-11-14 13:44:04.349] [cout] [info]         control: /forceset/hip_rotation_r_reserve, weight: 10.0
[2023-11-14 13:44:04.349] [cout] [info]         control: /forceset/knee_angle_r_reserve, weight: 10.0
[2023-11-14 13:44:04.349] [cout] [info]         control: /forceset/ankle_angle_r_reserve, weight: 10.0
[2023-11-14 13:44:04.349] [cout] [info]         control: /forceset/subtalar_angle_r_reserve, weight: 10.0
[2023-11-14 13:44:04.349] [cout] [info]         control: /forceset/mtp_angle_r_reserve, weight: 10.0
[2023-11-14 13:44:04.349] [cout] [info]         control: /forceset/pelvis_tx_residual, weight: 10.0
[2023-11-14 13:44:04.349] [cout] [info]         control: /forceset/pelvis_ty_residual, weight: 10.0
[2023-11-14 13:44:04.349] [cout] [info]         control: /forceset/pelvis_tz_residual, weight: 10.0
[2023-11-14 13:44:04.349] [cout] [info]         control: /forceset/pelvis_tilt_residual, weight: 10.0
[2023-11-14 13:44:04.349] [cout] [info]         control: /forceset/pelvis_list_residual, weight: 10.0
[2023-11-14 13:44:04.349] [cout] [info]         control: /forceset/pelvis_rotation_residual, weight: 10.0
[2023-11-14 13:44:04.349] [cout] [info]   contact0. MocoContactTrackingGoal, enabled: true, mode: cost, weight: 0.00100000
[2023-11-14 13:44:04.349] [cout] [info]         projection type: vector
[2023-11-14 13:44:04.349] [cout] [info]         projection vector: ~[1,0,0]
[2023-11-14 13:44:04.349] [cout] [info]         group 0: ExternalForce: LeftGRF1
[2023-11-14 13:44:04.349] [cout] [info]             forces:
[2023-11-14 13:44:04.349] [cout] [info]                 /forceset/contactForce_s1_l
[2023-11-14 13:44:04.349] [cout] [info]                 /forceset/contactForce_s2_l
[2023-11-14 13:44:04.349] [cout] [info]                 /forceset/contactForce_s3_l
[2023-11-14 13:44:04.349] [cout] [info]                 /forceset/contactForce_s5_l
[2023-11-14 13:44:04.349] [cout] [info]         group 1: ExternalForce: RightGRF1
[2023-11-14 13:44:04.349] [cout] [info]             forces:
[2023-11-14 13:44:04.349] [cout] [info]                 /forceset/contactForce_s1_r
[2023-11-14 13:44:04.349] [cout] [info]                 /forceset/contactForce_s2_r
[2023-11-14 13:44:04.349] [cout] [info]                 /forceset/contactForce_s3_r
[2023-11-14 13:44:04.349] [cout] [info]                 /forceset/contactForce_s5_r
[2023-11-14 13:44:04.349] [cout] [info]   contact1. MocoContactTrackingGoal, enabled: true, mode: cost, weight: 0.00100000
[2023-11-14 13:44:04.349] [cout] [info]         projection type: vector
[2023-11-14 13:44:04.349] [cout] [info]         projection vector: ~[0,1,0]
[2023-11-14 13:44:04.349] [cout] [info]         group 0: ExternalForce: LeftGRF1
[2023-11-14 13:44:04.349] [cout] [info]             forces:
[2023-11-14 13:44:04.349] [cout] [info]                 /forceset/contactForce_s1_l
[2023-11-14 13:44:04.349] [cout] [info]                 /forceset/contactForce_s2_l
[2023-11-14 13:44:04.349] [cout] [info]                 /forceset/contactForce_s3_l
[2023-11-14 13:44:04.349] [cout] [info]                 /forceset/contactForce_s5_l
[2023-11-14 13:44:04.349] [cout] [info]         group 1: ExternalForce: RightGRF1
[2023-11-14 13:44:04.349] [cout] [info]             forces:
[2023-11-14 13:44:04.349] [cout] [info]                 /forceset/contactForce_s1_r
[2023-11-14 13:44:04.349] [cout] [info]                 /forceset/contactForce_s2_r
[2023-11-14 13:44:04.349] [cout] [info]                 /forceset/contactForce_s3_r
[2023-11-14 13:44:04.349] [cout] [info]                 /forceset/contactForce_s5_r
[2023-11-14 13:44:04.349] [cout] [info]   contact2. MocoContactTrackingGoal, enabled: true, mode: cost, weight: 0.00100000
[2023-11-14 13:44:04.349] [cout] [info]         projection type: vector
[2023-11-14 13:44:04.349] [cout] [info]         projection vector: ~[0,0,1]
[2023-11-14 13:44:04.349] [cout] [info]         group 0: ExternalForce: LeftGRF1
[2023-11-14 13:44:04.349] [cout] [info]             forces:
[2023-11-14 13:44:04.349] [cout] [info]                 /forceset/contactForce_s1_l
[2023-11-14 13:44:04.350] [cout] [info]                 /forceset/contactForce_s2_l
[2023-11-14 13:44:04.350] [cout] [info]                 /forceset/contactForce_s3_l
[2023-11-14 13:44:04.350] [cout] [info]                 /forceset/contactForce_s5_l
[2023-11-14 13:44:04.350] [cout] [info]         group 1: ExternalForce: RightGRF1
[2023-11-14 13:44:04.350] [cout] [info]             forces:
[2023-11-14 13:44:04.350] [cout] [info]                 /forceset/contactForce_s1_r
[2023-11-14 13:44:04.350] [cout] [info]                 /forceset/contactForce_s2_r
[2023-11-14 13:44:04.350] [cout] [info]                 /forceset/contactForce_s3_r
[2023-11-14 13:44:04.350] [cout] [info]                 /forceset/contactForce_s5_r
[2023-11-14 13:44:04.350] [cout] [info] Endpoint constraints: none
[2023-11-14 13:44:04.350] [cout] [info] Kinematic constraints: none
[2023-11-14 13:44:04.350] [cout] [info] Path constraints: (total: 10)
[2023-11-14 13:44:04.350] [cout] [info]   . MocoConstraintInfo. number of scalar equations: 1. bounds: [0, 1]
[2023-11-14 13:44:04.350] [cout] [info]         output: /markerset/r_fp_heel1|location, type: SimTK::Vec3, index: 1, exponent: 1
[2023-11-14 13:44:04.350] [cout] [info]   . MocoConstraintInfo. number of scalar equations: 1. bounds: [0, 1]
[2023-11-14 13:44:04.350] [cout] [info]         output: /markerset/r_fp_heel2|location, type: SimTK::Vec3, index: 1, exponent: 1
[2023-11-14 13:44:04.350] [cout] [info]   . MocoConstraintInfo. number of scalar equations: 1. bounds: [0, 1]
[2023-11-14 13:44:04.350] [cout] [info]         output: /markerset/r_fp_mt1|location, type: SimTK::Vec3, index: 1, exponent: 1
[2023-11-14 13:44:04.350] [cout] [info]   . MocoConstraintInfo. number of scalar equations: 1. bounds: [0, 1]
[2023-11-14 13:44:04.350] [cout] [info]         output: /markerset/r_fp_mt2|location, type: SimTK::Vec3, index: 1, exponent: 1
[2023-11-14 13:44:04.350] [cout] [info]   . MocoConstraintInfo. number of scalar equations: 1. bounds: [0, 1]
[2023-11-14 13:44:04.350] [cout] [info]         output: /markerset/r_fp_toe|location, type: SimTK::Vec3, index: 1, exponent: 1
[2023-11-14 13:44:04.350] [cout] [info]   . MocoConstraintInfo. number of scalar equations: 1. bounds: [0, 1]
[2023-11-14 13:44:04.350] [cout] [info]         output: /markerset/l_fp_heel1|location, type: SimTK::Vec3, index: 1, exponent: 1
[2023-11-14 13:44:04.350] [cout] [info]   . MocoConstraintInfo. number of scalar equations: 1. bounds: [0, 1]
[2023-11-14 13:44:04.350] [cout] [info]         output: /markerset/l_fp_heel2|location, type: SimTK::Vec3, index: 1, exponent: 1
[2023-11-14 13:44:04.350] [cout] [info]   . MocoConstraintInfo. number of scalar equations: 1. bounds: [0, 1]
[2023-11-14 13:44:04.350] [cout] [info]         output: /markerset/l_fp_mt1|location, type: SimTK::Vec3, index: 1, exponent: 1
[2023-11-14 13:44:04.350] [cout] [info]   . MocoConstraintInfo. number of scalar equations: 1. bounds: [0, 1]
[2023-11-14 13:44:04.350] [cout] [info]         output: /markerset/l_fp_mt2|location, type: SimTK::Vec3, index: 1, exponent: 1
[2023-11-14 13:44:04.350] [cout] [info]   . MocoConstraintInfo. number of scalar equations: 1. bounds: [0, 1]
[2023-11-14 13:44:04.350] [cout] [info]         output: /markerset/l_fp_toe|location, type: SimTK::Vec3, index: 1, exponent: 1
[2023-11-14 13:44:04.350] [cout] [info] States: (total: 109)
[2023-11-14 13:44:04.350] [cout] [info]   /jointset/ground_pelvis/pelvis_tilt/value. bounds: [-1.5708, 1.5708]
[2023-11-14 13:44:04.350] [cout] [info]   /jointset/ground_pelvis/pelvis_list/value. bounds: [-1.5708, 1.5708]
[2023-11-14 13:44:04.350] [cout] [info]   /jointset/radioulnar_r/pro_sup_r/value. bounds: [0, 3.1416]
[2023-11-14 13:44:04.350] [cout] [info]   /jointset/ground_pelvis/pelvis_rotation/value. bounds: [-1.5708, 1.5708]
[2023-11-14 13:44:04.350] [cout] [info]   /jointset/ground_pelvis/pelvis_tx/value. bounds: [-20, 20]
[2023-11-14 13:44:04.350] [cout] [info]   /jointset/elbow_r/elbow_flex_r/value. bounds: [-0.17453, 2.618]
[2023-11-14 13:44:04.350] [cout] [info]   /jointset/ground_pelvis/pelvis_ty/value. bounds: [-2, 4]
[2023-11-14 13:44:04.350] [cout] [info]   /jointset/ground_pelvis/pelvis_tz/value. bounds: [-5, 5]
[2023-11-14 13:44:04.350] [cout] [info]   /jointset/hip_r/hip_adduction_r/speed. bounds: [-50, 50]
[2023-11-14 13:44:04.350] [cout] [info]   /jointset/ankle_r/ankle_angle_r/value. bounds: [-1.0472, 0.69813]
[2023-11-14 13:44:04.350] [cout] [info]   /jointset/hip_r/hip_flexion_r/value. bounds: [-0.69813, 1.7453]
[2023-11-14 13:44:04.350] [cout] [info]   /jointset/hip_r/hip_adduction_r/value. bounds: [-0.5236, 0.5236]
[2023-11-14 13:44:04.350] [cout] [info]   /jointset/back/lumbar_rotation/speed. bounds: [-50, 50]
[2023-11-14 13:44:04.350] [cout] [info]   /jointset/hip_r/hip_rotation_r/value. bounds: [-0.5236, 0.5236]
[2023-11-14 13:44:04.350] [cout] [info]   /jointset/mtp_l/mtp_angle_l/speed. bounds: [-50, 50]
[2023-11-14 13:44:04.350] [cout] [info]   /jointset/knee_r/knee_angle_r/value. bounds: [-2.7925, 0.17453]
[2023-11-14 13:44:04.350] [cout] [info]   /jointset/hip_l/hip_flexion_l/value. bounds: [-0.69813, 1.7453]
[2023-11-14 13:44:04.350] [cout] [info]   /jointset/subtalar_r/subtalar_angle_r/value. bounds: [-0.87266, 0.87266]
[2023-11-14 13:44:04.350] [cout] [info]   /jointset/mtp_r/mtp_angle_r/value. bounds: [-1.0472, 1.0472]
[2023-11-14 13:44:04.350] [cout] [info]   /jointset/hip_l/hip_adduction_l/value. bounds: [-0.5236, 0.5236]
[2023-11-14 13:44:04.350] [cout] [info]   /jointset/hip_l/hip_rotation_l/value. bounds: [-0.5236, 0.5236]
[2023-11-14 13:44:04.350] [cout] [info]   /forceset/glut_min1_r/activation. bounds: [0.01, 1]
[2023-11-14 13:44:04.351] [cout] [info]   /jointset/knee_l/knee_angle_l/value. bounds: [-2.7925, 0.17453]
[2023-11-14 13:44:04.351] [cout] [info]   /jointset/knee_r/knee_angle_r/speed. bounds: [-50, 50]
[2023-11-14 13:44:04.351] [cout] [info]   /jointset/ankle_l/ankle_angle_l/value. bounds: [-1.0472, 0.69813]
[2023-11-14 13:44:04.351] [cout] [info]   /jointset/subtalar_l/subtalar_angle_l/value. bounds: [-0.87266, 0.87266]
[2023-11-14 13:44:04.351] [cout] [info]   /jointset/mtp_l/mtp_angle_l/value. bounds: [-1.0472, 1.0472]
[2023-11-14 13:44:04.351] [cout] [info]   /forceset/bifemsh_r/activation. bounds: [0.01, 1]
[2023-11-14 13:44:04.351] [cout] [info]   /jointset/back/lumbar_extension/value. bounds: [-0.7854, 0.17453]
[2023-11-14 13:44:04.351] [cout] [info]   /jointset/back/lumbar_bending/value. bounds: [-0.34907, 0.34907]
[2023-11-14 13:44:04.351] [cout] [info]   /jointset/back/lumbar_rotation/value. bounds: [-0.5236, 0.5236]
[2023-11-14 13:44:04.351] [cout] [info]   /jointset/acromial_r/arm_flex_r/value. bounds: [-1.5708, 1.5708]
[2023-11-14 13:44:04.351] [cout] [info]   /jointset/acromial_r/arm_add_r/value. bounds: [-2.0944, 1.5708]
[2023-11-14 13:44:04.351] [cout] [info]   /jointset/acromial_r/arm_rot_r/value. bounds: [-1.5708, 1.5708]
[2023-11-14 13:44:04.351] [cout] [info]   /jointset/acromial_l/arm_flex_l/value. bounds: [-1.5708, 1.5708]
[2023-11-14 13:44:04.351] [cout] [info]   /jointset/acromial_l/arm_add_l/value. bounds: [-2.0944, 1.5708]
[2023-11-14 13:44:04.351] [cout] [info]   /jointset/acromial_l/arm_rot_l/value. bounds: [-1.5708, 1.5708]
[2023-11-14 13:44:04.351] [cout] [info]   /jointset/elbow_l/elbow_flex_l/value. bounds: [-0.17453, 2.618]
[2023-11-14 13:44:04.351] [cout] [info]   /jointset/radioulnar_l/pro_sup_l/value. bounds: [0, 3.1416]
[2023-11-14 13:44:04.351] [cout] [info]   /jointset/ground_pelvis/pelvis_tilt/speed. bounds: [-50, 50]
[2023-11-14 13:44:04.351] [cout] [info]   /jointset/ground_pelvis/pelvis_list/speed. bounds: [-50, 50]
[2023-11-14 13:44:04.351] [cout] [info]   /jointset/radioulnar_r/pro_sup_r/speed. bounds: [-50, 50]
[2023-11-14 13:44:04.351] [cout] [info]   /jointset/ground_pelvis/pelvis_rotation/speed. bounds: [-50, 50]
[2023-11-14 13:44:04.351] [cout] [info]   /jointset/ground_pelvis/pelvis_tx/speed. bounds: [-50, 50]
[2023-11-14 13:44:04.351] [cout] [info]   /jointset/elbow_r/elbow_flex_r/speed. bounds: [-50, 50]
[2023-11-14 13:44:04.351] [cout] [info]   /jointset/ground_pelvis/pelvis_ty/speed. bounds: [-50, 50]
[2023-11-14 13:44:04.351] [cout] [info]   /jointset/ground_pelvis/pelvis_tz/speed. bounds: [-50, 50]
[2023-11-14 13:44:04.351] [cout] [info]   /jointset/ankle_r/ankle_angle_r/speed. bounds: [-50, 50]
[2023-11-14 13:44:04.351] [cout] [info]   /jointset/hip_r/hip_flexion_r/speed. bounds: [-50, 50]
[2023-11-14 13:44:04.351] [cout] [info]   /jointset/hip_r/hip_rotation_r/speed. bounds: [-50, 50]
[2023-11-14 13:44:04.351] [cout] [info]   /jointset/hip_l/hip_flexion_l/speed. bounds: [-50, 50]
[2023-11-14 13:44:04.351] [cout] [info]   /jointset/subtalar_r/subtalar_angle_r/speed. bounds: [-50, 50]
[2023-11-14 13:44:04.351] [cout] [info]   /jointset/mtp_r/mtp_angle_r/speed. bounds: [-50, 50]
[2023-11-14 13:44:04.351] [cout] [info]   /jointset/hip_l/hip_adduction_l/speed. bounds: [-50, 50]
[2023-11-14 13:44:04.351] [cout] [info]   /jointset/hip_l/hip_rotation_l/speed. bounds: [-50, 50]
[2023-11-14 13:44:04.351] [cout] [info]   /jointset/knee_l/knee_angle_l/speed. bounds: [-50, 50]
[2023-11-14 13:44:04.351] [cout] [info]   /jointset/ankle_l/ankle_angle_l/speed. bounds: [-50, 50]
[2023-11-14 13:44:04.351] [cout] [info]   /jointset/subtalar_l/subtalar_angle_l/speed. bounds: [-50, 50]
[2023-11-14 13:44:04.351] [cout] [info]   /jointset/back/lumbar_extension/speed. bounds: [-50, 50]
[2023-11-14 13:44:04.351] [cout] [info]   /jointset/back/lumbar_bending/speed. bounds: [-50, 50]
[2023-11-14 13:44:04.351] [cout] [info]   /jointset/acromial_r/arm_flex_r/speed. bounds: [-50, 50]
[2023-11-14 13:44:04.351] [cout] [info]   /jointset/acromial_r/arm_add_r/speed. bounds: [-50, 50]
[2023-11-14 13:44:04.351] [cout] [info]   /jointset/acromial_r/arm_rot_r/speed. bounds: [-50, 50]
[2023-11-14 13:44:04.351] [cout] [info]   /jointset/acromial_l/arm_flex_l/speed. bounds: [-50, 50]
[2023-11-14 13:44:04.351] [cout] [info]   /jointset/acromial_l/arm_add_l/speed. bounds: [-50, 50]
[2023-11-14 13:44:04.351] [cout] [info]   /jointset/acromial_l/arm_rot_l/speed. bounds: [-50, 50]
[2023-11-14 13:44:04.351] [cout] [info]   /jointset/elbow_l/elbow_flex_l/speed. bounds: [-50, 50]
[2023-11-14 13:44:04.351] [cout] [info]   /jointset/radioulnar_l/pro_sup_l/speed. bounds: [-50, 50]
[2023-11-14 13:44:04.351] [cout] [info]   /forceset/glut_med1_r/activation. bounds: [0.01, 1]
[2023-11-14 13:44:04.352] [cout] [info]   /forceset/glut_med2_r/activation. bounds: [0.01, 1]
[2023-11-14 13:44:04.352] [cout] [info]   /forceset/glut_med3_r/activation. bounds: [0.01, 1]
[2023-11-14 13:44:04.352] [cout] [info]   /forceset/glut_min2_r/activation. bounds: [0.01, 1]
[2023-11-14 13:44:04.352] [cout] [info]   /forceset/glut_min3_r/activation. bounds: [0.01, 1]
[2023-11-14 13:44:04.352] [cout] [info]   /forceset/semimem_r/activation. bounds: [0.01, 1]
[2023-11-14 13:44:04.352] [cout] [info]   /forceset/semiten_r/activation. bounds: [0.01, 1]
[2023-11-14 13:44:04.352] [cout] [info]   /forceset/bifemlh_r/activation. bounds: [0.01, 1]
[2023-11-14 13:44:04.352] [cout] [info]   /forceset/sar_r/activation. bounds: [0.01, 1]
[2023-11-14 13:44:04.352] [cout] [info]   /forceset/add_long_r/activation. bounds: [0.01, 1]
[2023-11-14 13:44:04.352] [cout] [info]   /forceset/add_brev_r/activation. bounds: [0.01, 1]
[2023-11-14 13:44:04.352] [cout] [info]   /forceset/add_mag1_r/activation. bounds: [0.01, 1]
[2023-11-14 13:44:04.352] [cout] [info]   /forceset/add_mag2_r/activation. bounds: [0.01, 1]
[2023-11-14 13:44:04.352] [cout] [info]   /forceset/add_mag3_r/activation. bounds: [0.01, 1]
[2023-11-14 13:44:04.352] [cout] [info]   /forceset/tfl_r/activation. bounds: [0.01, 1]
[2023-11-14 13:44:04.352] [cout] [info]   /forceset/pect_r/activation. bounds: [0.01, 1]
[2023-11-14 13:44:04.352] [cout] [info]   /forceset/grac_r/activation. bounds: [0.01, 1]
[2023-11-14 13:44:04.352] [cout] [info]   /forceset/glut_max1_r/activation. bounds: [0.01, 1]
[2023-11-14 13:44:04.352] [cout] [info]   /forceset/glut_max2_r/activation. bounds: [0.01, 1]
[2023-11-14 13:44:04.352] [cout] [info]   /forceset/glut_max3_r/activation. bounds: [0.01, 1]
[2023-11-14 13:44:04.352] [cout] [info]   /forceset/iliacus_r/activation. bounds: [0.01, 1]
[2023-11-14 13:44:04.352] [cout] [info]   /forceset/psoas_r/activation. bounds: [0.01, 1]
[2023-11-14 13:44:04.352] [cout] [info]   /forceset/quad_fem_r/activation. bounds: [0.01, 1]
[2023-11-14 13:44:04.352] [cout] [info]   /forceset/gem_r/activation. bounds: [0.01, 1]
[2023-11-14 13:44:04.352] [cout] [info]   /forceset/peri_r/activation. bounds: [0.01, 1]
[2023-11-14 13:44:04.352] [cout] [info]   /forceset/rect_fem_r/activation. bounds: [0.01, 1]
[2023-11-14 13:44:04.352] [cout] [info]   /forceset/vas_med_r/activation. bounds: [0.01, 1]
[2023-11-14 13:44:04.352] [cout] [info]   /forceset/vas_int_r/activation. bounds: [0.01, 1]
[2023-11-14 13:44:04.352] [cout] [info]   /forceset/vas_lat_r/activation. bounds: [0.01, 1]
[2023-11-14 13:44:04.352] [cout] [info]   /forceset/med_gas_r/activation. bounds: [0.01, 1]
[2023-11-14 13:44:04.352] [cout] [info]   /forceset/lat_gas_r/activation. bounds: [0.01, 1]
[2023-11-14 13:44:04.352] [cout] [info]   /forceset/soleus_r/activation. bounds: [0.01, 1]
[2023-11-14 13:44:04.352] [cout] [info]   /forceset/tib_post_r/activation. bounds: [0.01, 1]
[2023-11-14 13:44:04.352] [cout] [info]   /forceset/flex_dig_r/activation. bounds: [0.01, 1]
[2023-11-14 13:44:04.352] [cout] [info]   /forceset/flex_hal_r/activation. bounds: [0.01, 1]
[2023-11-14 13:44:04.352] [cout] [info]   /forceset/tib_ant_r/activation. bounds: [0.01, 1]
[2023-11-14 13:44:04.352] [cout] [info]   /forceset/per_brev_r/activation. bounds: [0.01, 1]
[2023-11-14 13:44:04.352] [cout] [info]   /forceset/per_long_r/activation. bounds: [0.01, 1]
[2023-11-14 13:44:04.352] [cout] [info]   /forceset/per_tert_r/activation. bounds: [0.01, 1]
[2023-11-14 13:44:04.352] [cout] [info]   /forceset/ext_dig_r/activation. bounds: [0.01, 1]
[2023-11-14 13:44:04.352] [cout] [info]   /forceset/ext_hal_r/activation. bounds: [0.01, 1]
[2023-11-14 13:44:04.352] [cout] [info] Controls: (total: 76)
[2023-11-14 13:44:04.353] [cout] [info]   /forceset/glut_med1_r. bounds: [0.01, 1]
[2023-11-14 13:44:04.353] [cout] [info]   /forceset/glut_med2_r. bounds: [0.01, 1]
[2023-11-14 13:44:04.353] [cout] [info]   /forceset/glut_med3_r. bounds: [0.01, 1]
[2023-11-14 13:44:04.353] [cout] [info]   /forceset/glut_min1_r. bounds: [0.01, 1]
[2023-11-14 13:44:04.353] [cout] [info]   /forceset/glut_min2_r. bounds: [0.01, 1]
[2023-11-14 13:44:04.353] [cout] [info]   /forceset/glut_min3_r. bounds: [0.01, 1]
[2023-11-14 13:44:04.353] [cout] [info]   /forceset/mtp_angle_l_actuator. bounds: [-inf, inf]
[2023-11-14 13:44:04.353] [cout] [info]   /forceset/semimem_r. bounds: [0.01, 1]
[2023-11-14 13:44:04.353] [cout] [info]   /forceset/semiten_r. bounds: [0.01, 1]
[2023-11-14 13:44:04.353] [cout] [info]   /forceset/bifemlh_r. bounds: [0.01, 1]
[2023-11-14 13:44:04.353] [cout] [info]   /forceset/bifemsh_r. bounds: [0.01, 1]
[2023-11-14 13:44:04.353] [cout] [info]   /forceset/sar_r. bounds: [0.01, 1]
[2023-11-14 13:44:04.353] [cout] [info]   /forceset/add_long_r. bounds: [0.01, 1]
[2023-11-14 13:44:04.353] [cout] [info]   /forceset/add_brev_r. bounds: [0.01, 1]
[2023-11-14 13:44:04.353] [cout] [info]   /forceset/add_mag1_r. bounds: [0.01, 1]
[2023-11-14 13:44:04.353] [cout] [info]   /forceset/add_mag2_r. bounds: [0.01, 1]
[2023-11-14 13:44:04.353] [cout] [info]   /forceset/add_mag3_r. bounds: [0.01, 1]
[2023-11-14 13:44:04.353] [cout] [info]   /forceset/tfl_r. bounds: [0.01, 1]
[2023-11-14 13:44:04.353] [cout] [info]   /forceset/pect_r. bounds: [0.01, 1]
[2023-11-14 13:44:04.353] [cout] [info]   /forceset/grac_r. bounds: [0.01, 1]
[2023-11-14 13:44:04.353] [cout] [info]   /forceset/hip_flexion_r_reserve. bounds: [-inf, inf]
[2023-11-14 13:44:04.353] [cout] [info]   /forceset/glut_max1_r. bounds: [0.01, 1]
[2023-11-14 13:44:04.353] [cout] [info]   /forceset/glut_max2_r. bounds: [0.01, 1]
[2023-11-14 13:44:04.353] [cout] [info]   /forceset/glut_max3_r. bounds: [0.01, 1]
[2023-11-14 13:44:04.353] [cout] [info]   /forceset/iliacus_r. bounds: [0.01, 1]
[2023-11-14 13:44:04.353] [cout] [info]   /forceset/psoas_r. bounds: [0.01, 1]
[2023-11-14 13:44:04.353] [cout] [info]   /forceset/quad_fem_r. bounds: [0.01, 1]
[2023-11-14 13:44:04.353] [cout] [info]   /forceset/gem_r. bounds: [0.01, 1]
[2023-11-14 13:44:04.353] [cout] [info]   /forceset/peri_r. bounds: [0.01, 1]
[2023-11-14 13:44:04.353] [cout] [info]   /forceset/rect_fem_r. bounds: [0.01, 1]
[2023-11-14 13:44:04.353] [cout] [info]   /forceset/vas_med_r. bounds: [0.01, 1]
[2023-11-14 13:44:04.353] [cout] [info]   /forceset/vas_int_r. bounds: [0.01, 1]
[2023-11-14 13:44:04.353] [cout] [info]   /forceset/vas_lat_r. bounds: [0.01, 1]
[2023-11-14 13:44:04.353] [cout] [info]   /forceset/med_gas_r. bounds: [0.01, 1]
[2023-11-14 13:44:04.353] [cout] [info]   /forceset/lat_gas_r. bounds: [0.01, 1]
[2023-11-14 13:44:04.353] [cout] [info]   /forceset/soleus_r. bounds: [0.01, 1]
[2023-11-14 13:44:04.353] [cout] [info]   /forceset/tib_post_r. bounds: [0.01, 1]
[2023-11-14 13:44:04.353] [cout] [info]   /forceset/flex_dig_r. bounds: [0.01, 1]
[2023-11-14 13:44:04.353] [cout] [info]   /forceset/flex_hal_r. bounds: [0.01, 1]
[2023-11-14 13:44:04.353] [cout] [info]   /forceset/tib_ant_r. bounds: [0.01, 1]
[2023-11-14 13:44:04.353] [cout] [info]   /forceset/per_brev_r. bounds: [0.01, 1]
[2023-11-14 13:44:04.353] [cout] [info]   /forceset/per_long_r. bounds: [0.01, 1]
[2023-11-14 13:44:04.353] [cout] [info]   /forceset/per_tert_r. bounds: [0.01, 1]
[2023-11-14 13:44:04.353] [cout] [info]   /forceset/ext_dig_r. bounds: [0.01, 1]
[2023-11-14 13:44:04.353] [cout] [info]   /forceset/ext_hal_r. bounds: [0.01, 1]
[2023-11-14 13:44:04.353] [cout] [info]   /forceset/lumbar_extension_actuator. bounds: [-inf, inf]
[2023-11-14 13:44:04.354] [cout] [info]   /forceset/lumbar_bending_actuator. bounds: [-inf, inf]
[2023-11-14 13:44:04.354] [cout] [info]   /forceset/lumbar_rotation_actuator. bounds: [-inf, inf]
[2023-11-14 13:44:04.354] [cout] [info]   /forceset/arm_flex_r_actuator. bounds: [-inf, inf]
[2023-11-14 13:44:04.354] [cout] [info]   /forceset/arm_add_r_actuator. bounds: [-inf, inf]
[2023-11-14 13:44:04.354] [cout] [info]   /forceset/arm_rot_r_actuator. bounds: [-inf, inf]
[2023-11-14 13:44:04.354] [cout] [info]   /forceset/elbow_flex_r_actuator. bounds: [-inf, inf]
[2023-11-14 13:44:04.354] [cout] [info]   /forceset/pro_sup_r_actuator. bounds: [-inf, inf]
[2023-11-14 13:44:04.354] [cout] [info]   /forceset/hip_rotation_l_actuator. bounds: [-inf, inf]
[2023-11-14 13:44:04.354] [cout] [info]   /forceset/arm_flex_l_actuator. bounds: [-inf, inf]
[2023-11-14 13:44:04.354] [cout] [info]   /forceset/arm_add_l_actuator. bounds: [-inf, inf]
[2023-11-14 13:44:04.354] [cout] [info]   /forceset/arm_rot_l_actuator. bounds: [-inf, inf]
[2023-11-14 13:44:04.354] [cout] [info]   /forceset/elbow_flex_l_actuator. bounds: [-inf, inf]
[2023-11-14 13:44:04.354] [cout] [info]   /forceset/pro_sup_l_actuator. bounds: [-inf, inf]
[2023-11-14 13:44:04.354] [cout] [info]   /forceset/hip_flexion_l_actuator. bounds: [-inf, inf]
[2023-11-14 13:44:04.354] [cout] [info]   /forceset/hip_adduction_l_actuator. bounds: [-inf, inf]
[2023-11-14 13:44:04.354] [cout] [info]   /forceset/knee_angle_l_actuator. bounds: [-inf, inf]
[2023-11-14 13:44:04.354] [cout] [info]   /forceset/ankle_angle_l_actuator. bounds: [-inf, inf]
[2023-11-14 13:44:04.354] [cout] [info]   /forceset/subtalar_angle_l_actuator. bounds: [-inf, inf]
[2023-11-14 13:44:04.354] [cout] [info]   /forceset/hip_adduction_r_reserve. bounds: [-inf, inf]
[2023-11-14 13:44:04.354] [cout] [info]   /forceset/hip_rotation_r_reserve. bounds: [-inf, inf]
[2023-11-14 13:44:04.354] [cout] [info]   /forceset/knee_angle_r_reserve. bounds: [-inf, inf]
[2023-11-14 13:44:04.354] [cout] [info]   /forceset/ankle_angle_r_reserve. bounds: [-inf, inf]
[2023-11-14 13:44:04.354] [cout] [info]   /forceset/subtalar_angle_r_reserve. bounds: [-inf, inf]
[2023-11-14 13:44:04.354] [cout] [info]   /forceset/mtp_angle_r_reserve. bounds: [-inf, inf]
[2023-11-14 13:44:04.354] [cout] [info]   /forceset/pelvis_tx_residual. bounds: [-inf, inf]
[2023-11-14 13:44:04.354] [cout] [info]   /forceset/pelvis_ty_residual. bounds: [-inf, inf]
[2023-11-14 13:44:04.354] [cout] [info]   /forceset/pelvis_tz_residual. bounds: [-inf, inf]
[2023-11-14 13:44:04.354] [cout] [info]   /forceset/pelvis_tilt_residual. bounds: [-inf, inf]
[2023-11-14 13:44:04.354] [cout] [info]   /forceset/pelvis_list_residual. bounds: [-inf, inf]
[2023-11-14 13:44:04.354] [cout] [info]   /forceset/pelvis_rotation_residual. bounds: [-inf, inf]
[2023-11-14 13:44:04.354] [cout] [info] Parameters: none
[2023-11-14 13:44:06.160] [info] Number of threads: 8
[2023-11-14 14:11:52.095] [info] Set log level to Info.
[2023-11-14 14:11:52.099] [info] ------------------------------------------------------------------------
[2023-11-14 14:11:52.099] [info] Elapsed real time: 1668 second(s) (27 minute(s), 48 second(s)).
[2023-11-14 14:11:52.099] [info] Tue Nov 14 14:11:52 2023
[2023-11-14 14:11:52.099] [warning] MocoCasADiSolver did NOT succeed:
[2023-11-14 14:11:52.099] [warning]   User_Requested_Stop
[2023-11-14 14:11:52.099] [info] ========================================================================
[2023-11-14 14:12:18.713] [cout] [info] Exiting visualization.
[2023-11-14 14:13:44.369] [cout] [info] Exiting visualization.
[2023-11-14 14:17:41.130] [info] Loaded model JA1_SCALED from file ..\model\JA1_SCALED_Osim4_Muscles.osim
[2023-11-14 14:17:51.441] [info] ========================================================================
[2023-11-14 14:17:51.441] [info] MocoCasADiSolver starting.
[2023-11-14 14:17:51.441] [info] Tue Nov 14 14:17:51 2023
[2023-11-14 14:17:51.441] [info] ------------------------------------------------------------------------
[2023-11-14 14:17:51.441] [cout] [info] Costs: (total: 5)
[2023-11-14 14:17:51.441] [cout] [info]   state_tracking. MocoStateTrackingGoal, enabled: true, mode: cost, weight: 0.1
[2023-11-14 14:17:51.441] [cout] [info]         state: /jointset/ground_pelvis/pelvis_tilt/value, weight: 10.0
[2023-11-14 14:17:51.441] [cout] [info]         state: /jointset/ground_pelvis/pelvis_list/value, weight: 10.0
[2023-11-14 14:17:51.441] [cout] [info]         state: /jointset/ground_pelvis/pelvis_rotation/value, weight: 10.0
[2023-11-14 14:17:51.443] [cout] [info]         state: /jointset/ground_pelvis/pelvis_tx/value, weight: 5.0
[2023-11-14 14:17:51.443] [cout] [info]         state: /jointset/ground_pelvis/pelvis_ty/value, weight: 0.1
[2023-11-14 14:17:51.443] [cout] [info]         state: /jointset/ground_pelvis/pelvis_tz/value, weight: 2.5
[2023-11-14 14:17:51.443] [cout] [info]         state: /jointset/hip_r/hip_flexion_r/value, weight: 10.0
[2023-11-14 14:17:51.443] [cout] [info]         state: /jointset/hip_r/hip_adduction_r/value, weight: 5.0
[2023-11-14 14:17:51.443] [cout] [info]         state: /jointset/hip_r/hip_rotation_r/value, weight: 2.5
[2023-11-14 14:17:51.443] [cout] [info]         state: /jointset/hip_l/hip_flexion_l/value, weight: 10.0
[2023-11-14 14:17:51.443] [cout] [info]         state: /jointset/hip_l/hip_adduction_l/value, weight: 5.0
[2023-11-14 14:17:51.443] [cout] [info]         state: /jointset/hip_l/hip_rotation_l/value, weight: 2.5
[2023-11-14 14:17:51.443] [cout] [info]         state: /jointset/back/lumbar_extension/value, weight: 15.0
[2023-11-14 14:17:51.443] [cout] [info]         state: /jointset/back/lumbar_bending/value, weight: 10.0
[2023-11-14 14:17:51.443] [cout] [info]         state: /jointset/back/lumbar_rotation/value, weight: 5.0
[2023-11-14 14:17:51.443] [cout] [info]         state: /jointset/knee_r/knee_angle_r/value, weight: 10.0
[2023-11-14 14:17:51.443] [cout] [info]         state: /jointset/knee_l/knee_angle_l/value, weight: 10.0
[2023-11-14 14:17:51.443] [cout] [info]         state: /jointset/acromial_r/arm_flex_r/value, weight: 2.5
[2023-11-14 14:17:51.443] [cout] [info]         state: /jointset/acromial_r/arm_add_r/value, weight: 1.0
[2023-11-14 14:17:51.443] [cout] [info]         state: /jointset/acromial_r/arm_rot_r/value, weight: 1.0
[2023-11-14 14:17:51.443] [cout] [info]         state: /jointset/acromial_l/arm_flex_l/value, weight: 2.5
[2023-11-14 14:17:51.443] [cout] [info]         state: /jointset/acromial_l/arm_add_l/value, weight: 1.0
[2023-11-14 14:17:51.443] [cout] [info]         state: /jointset/acromial_l/arm_rot_l/value, weight: 1.0
[2023-11-14 14:17:51.443] [cout] [info]         state: /jointset/ankle_r/ankle_angle_r/value, weight: 2.5
[2023-11-14 14:17:51.443] [cout] [info]         state: /jointset/ankle_l/ankle_angle_l/value, weight: 2.5
[2023-11-14 14:17:51.443] [cout] [info]         state: /jointset/elbow_r/elbow_flex_r/value, weight: 5.0
[2023-11-14 14:17:51.443] [cout] [info]         state: /jointset/elbow_l/elbow_flex_l/value, weight: 5.0
[2023-11-14 14:17:51.443] [cout] [info]         state: /jointset/subtalar_r/subtalar_angle_r/value, weight: 1.0
[2023-11-14 14:17:51.443] [cout] [info]         state: /jointset/subtalar_l/subtalar_angle_l/value, weight: 1.0
[2023-11-14 14:17:51.443] [cout] [info]         state: /jointset/radioulnar_r/pro_sup_r/value, weight: 1.0
[2023-11-14 14:17:51.443] [cout] [info]         state: /jointset/radioulnar_l/pro_sup_l/value, weight: 1.0
[2023-11-14 14:17:51.443] [cout] [info]         state: /jointset/mtp_r/mtp_angle_r/value, weight: 0.5
[2023-11-14 14:17:51.443] [cout] [info]         state: /jointset/mtp_l/mtp_angle_l/value, weight: 0.5
[2023-11-14 14:17:51.443] [cout] [info]         state: /jointset/ground_pelvis/pelvis_tilt/speed, weight: 0.01
[2023-11-14 14:17:51.443] [cout] [info]         state: /jointset/ground_pelvis/pelvis_list/speed, weight: 0.01
[2023-11-14 14:17:51.443] [cout] [info]         state: /jointset/ground_pelvis/pelvis_rotation/speed, weight: 0.01
[2023-11-14 14:17:51.443] [cout] [info]         state: /jointset/ground_pelvis/pelvis_tx/speed, weight: 0.00500000
[2023-11-14 14:17:51.443] [cout] [info]         state: /jointset/ground_pelvis/pelvis_ty/speed, weight: 0.000100000
[2023-11-14 14:17:51.443] [cout] [info]         state: /jointset/ground_pelvis/pelvis_tz/speed, weight: 0.00250000
[2023-11-14 14:17:51.443] [cout] [info]         state: /jointset/hip_r/hip_flexion_r/speed, weight: 0.01
[2023-11-14 14:17:51.443] [cout] [info]         state: /jointset/hip_r/hip_adduction_r/speed, weight: 0.00500000
[2023-11-14 14:17:51.443] [cout] [info]         state: /jointset/hip_r/hip_rotation_r/speed, weight: 0.00250000
[2023-11-14 14:17:51.443] [cout] [info]         state: /jointset/hip_l/hip_flexion_l/speed, weight: 0.01
[2023-11-14 14:17:51.443] [cout] [info]         state: /jointset/hip_l/hip_adduction_l/speed, weight: 0.00500000
[2023-11-14 14:17:51.443] [cout] [info]         state: /jointset/hip_l/hip_rotation_l/speed, weight: 0.00250000
[2023-11-14 14:17:51.444] [cout] [info]         state: /jointset/back/lumbar_extension/speed, weight: 0.015
[2023-11-14 14:17:51.444] [cout] [info]         state: /jointset/back/lumbar_bending/speed, weight: 0.01
[2023-11-14 14:17:51.444] [cout] [info]         state: /jointset/back/lumbar_rotation/speed, weight: 0.00500000
[2023-11-14 14:17:51.444] [cout] [info]         state: /jointset/knee_r/knee_angle_r/speed, weight: 0.01
[2023-11-14 14:17:51.444] [cout] [info]         state: /jointset/knee_l/knee_angle_l/speed, weight: 0.01
[2023-11-14 14:17:51.444] [cout] [info]         state: /jointset/acromial_r/arm_flex_r/speed, weight: 0.00250000
[2023-11-14 14:17:51.444] [cout] [info]         state: /jointset/acromial_r/arm_add_r/speed, weight: 0.00100000
[2023-11-14 14:17:51.444] [cout] [info]         state: /jointset/acromial_r/arm_rot_r/speed, weight: 0.00100000
[2023-11-14 14:17:51.444] [cout] [info]         state: /jointset/acromial_l/arm_flex_l/speed, weight: 0.00250000
[2023-11-14 14:17:51.444] [cout] [info]         state: /jointset/acromial_l/arm_add_l/speed, weight: 0.00100000
[2023-11-14 14:17:51.444] [cout] [info]         state: /jointset/acromial_l/arm_rot_l/speed, weight: 0.00100000
[2023-11-14 14:17:51.444] [cout] [info]         state: /jointset/ankle_r/ankle_angle_r/speed, weight: 0.00250000
[2023-11-14 14:17:51.444] [cout] [info]         state: /jointset/ankle_l/ankle_angle_l/speed, weight: 0.00250000
[2023-11-14 14:17:51.444] [cout] [info]         state: /jointset/elbow_r/elbow_flex_r/speed, weight: 0.00500000
[2023-11-14 14:17:51.444] [cout] [info]         state: /jointset/elbow_l/elbow_flex_l/speed, weight: 0.00500000
[2023-11-14 14:17:51.444] [cout] [info]         state: /jointset/subtalar_r/subtalar_angle_r/speed, weight: 0.00100000
[2023-11-14 14:17:51.444] [cout] [info]         state: /jointset/subtalar_l/subtalar_angle_l/speed, weight: 0.00100000
[2023-11-14 14:17:51.444] [cout] [info]         state: /jointset/radioulnar_r/pro_sup_r/speed, weight: 0.00100000
[2023-11-14 14:17:51.444] [cout] [info]         state: /jointset/radioulnar_l/pro_sup_l/speed, weight: 0.00100000
[2023-11-14 14:17:51.444] [cout] [info]         state: /jointset/mtp_r/mtp_angle_r/speed, weight: 0.000500000
[2023-11-14 14:17:51.444] [cout] [info]         state: /jointset/mtp_l/mtp_angle_l/speed, weight: 0.000500000
[2023-11-14 14:17:51.444] [cout] [info]   control_effort. MocoControlGoal, enabled: true, mode: cost, weight: 0.00100000
[2023-11-14 14:17:51.444] [cout] [info]         control: /forceset/glut_med1_r, weight: 1.0
[2023-11-14 14:17:51.444] [cout] [info]         control: /forceset/glut_med2_r, weight: 1.0
[2023-11-14 14:17:51.444] [cout] [info]         control: /forceset/glut_med3_r, weight: 1.0
[2023-11-14 14:17:51.444] [cout] [info]         control: /forceset/glut_min1_r, weight: 1.0
[2023-11-14 14:17:51.444] [cout] [info]         control: /forceset/glut_min2_r, weight: 1.0
[2023-11-14 14:17:51.444] [cout] [info]         control: /forceset/glut_min3_r, weight: 1.0
[2023-11-14 14:17:51.444] [cout] [info]         control: /forceset/semimem_r, weight: 1.0
[2023-11-14 14:17:51.444] [cout] [info]         control: /forceset/semiten_r, weight: 1.0
[2023-11-14 14:17:51.444] [cout] [info]         control: /forceset/bifemlh_r, weight: 1.0
[2023-11-14 14:17:51.444] [cout] [info]         control: /forceset/bifemsh_r, weight: 1.0
[2023-11-14 14:17:51.444] [cout] [info]         control: /forceset/sar_r, weight: 1.0
[2023-11-14 14:17:51.444] [cout] [info]         control: /forceset/add_long_r, weight: 1.0
[2023-11-14 14:17:51.444] [cout] [info]         control: /forceset/add_brev_r, weight: 1.0
[2023-11-14 14:17:51.444] [cout] [info]         control: /forceset/add_mag1_r, weight: 1.0
[2023-11-14 14:17:51.444] [cout] [info]         control: /forceset/add_mag2_r, weight: 1.0
[2023-11-14 14:17:51.444] [cout] [info]         control: /forceset/add_mag3_r, weight: 1.0
[2023-11-14 14:17:51.444] [cout] [info]         control: /forceset/tfl_r, weight: 1.0
[2023-11-14 14:17:51.444] [cout] [info]         control: /forceset/pect_r, weight: 1.0
[2023-11-14 14:17:51.444] [cout] [info]         control: /forceset/grac_r, weight: 1.0
[2023-11-14 14:17:51.444] [cout] [info]         control: /forceset/glut_max1_r, weight: 1.0
[2023-11-14 14:17:51.444] [cout] [info]         control: /forceset/glut_max2_r, weight: 1.0
[2023-11-14 14:17:51.444] [cout] [info]         control: /forceset/glut_max3_r, weight: 1.0
[2023-11-14 14:17:51.444] [cout] [info]         control: /forceset/iliacus_r, weight: 1.0
[2023-11-14 14:17:51.444] [cout] [info]         control: /forceset/psoas_r, weight: 1.0
[2023-11-14 14:17:51.444] [cout] [info]         control: /forceset/quad_fem_r, weight: 1.0
[2023-11-14 14:17:51.444] [cout] [info]         control: /forceset/gem_r, weight: 1.0
[2023-11-14 14:17:51.444] [cout] [info]         control: /forceset/peri_r, weight: 1.0
[2023-11-14 14:17:51.444] [cout] [info]         control: /forceset/rect_fem_r, weight: 1.0
[2023-11-14 14:17:51.444] [cout] [info]         control: /forceset/vas_med_r, weight: 1.0
[2023-11-14 14:17:51.444] [cout] [info]         control: /forceset/vas_int_r, weight: 1.0
[2023-11-14 14:17:51.444] [cout] [info]         control: /forceset/vas_lat_r, weight: 1.0
[2023-11-14 14:17:51.444] [cout] [info]         control: /forceset/med_gas_r, weight: 1.0
[2023-11-14 14:17:51.444] [cout] [info]         control: /forceset/lat_gas_r, weight: 1.0
[2023-11-14 14:17:51.444] [cout] [info]         control: /forceset/soleus_r, weight: 1.0
[2023-11-14 14:17:51.444] [cout] [info]         control: /forceset/tib_post_r, weight: 1.0
[2023-11-14 14:17:51.444] [cout] [info]         control: /forceset/flex_dig_r, weight: 1.0
[2023-11-14 14:17:51.444] [cout] [info]         control: /forceset/flex_hal_r, weight: 1.0
[2023-11-14 14:17:51.444] [cout] [info]         control: /forceset/tib_ant_r, weight: 1.0
[2023-11-14 14:17:51.444] [cout] [info]         control: /forceset/per_brev_r, weight: 1.0
[2023-11-14 14:17:51.444] [cout] [info]         control: /forceset/per_long_r, weight: 1.0
[2023-11-14 14:17:51.444] [cout] [info]         control: /forceset/per_tert_r, weight: 1.0
[2023-11-14 14:17:51.444] [cout] [info]         control: /forceset/ext_dig_r, weight: 1.0
[2023-11-14 14:17:51.444] [cout] [info]         control: /forceset/ext_hal_r, weight: 1.0
[2023-11-14 14:17:51.444] [cout] [info]         control: /forceset/lumbar_extension_actuator, weight: 0.1
[2023-11-14 14:17:51.444] [cout] [info]         control: /forceset/lumbar_bending_actuator, weight: 0.1
[2023-11-14 14:17:51.444] [cout] [info]         control: /forceset/lumbar_rotation_actuator, weight: 0.1
[2023-11-14 14:17:51.444] [cout] [info]         control: /forceset/arm_flex_r_actuator, weight: 0.1
[2023-11-14 14:17:51.444] [cout] [info]         control: /forceset/arm_add_r_actuator, weight: 0.1
[2023-11-14 14:17:51.444] [cout] [info]         control: /forceset/arm_rot_r_actuator, weight: 0.1
[2023-11-14 14:17:51.444] [cout] [info]         control: /forceset/elbow_flex_r_actuator, weight: 0.1
[2023-11-14 14:17:51.444] [cout] [info]         control: /forceset/pro_sup_r_actuator, weight: 0.1
[2023-11-14 14:17:51.444] [cout] [info]         control: /forceset/arm_flex_l_actuator, weight: 0.1
[2023-11-14 14:17:51.444] [cout] [info]         control: /forceset/arm_add_l_actuator, weight: 0.1
[2023-11-14 14:17:51.444] [cout] [info]         control: /forceset/arm_rot_l_actuator, weight: 0.1
[2023-11-14 14:17:51.444] [cout] [info]         control: /forceset/elbow_flex_l_actuator, weight: 0.1
[2023-11-14 14:17:51.444] [cout] [info]         control: /forceset/pro_sup_l_actuator, weight: 0.1
[2023-11-14 14:17:51.444] [cout] [info]         control: /forceset/hip_flexion_l_actuator, weight: 0.1
[2023-11-14 14:17:51.444] [cout] [info]         control: /forceset/hip_adduction_l_actuator, weight: 0.1
[2023-11-14 14:17:51.444] [cout] [info]         control: /forceset/hip_rotation_l_actuator, weight: 0.1
[2023-11-14 14:17:51.444] [cout] [info]         control: /forceset/knee_angle_l_actuator, weight: 0.1
[2023-11-14 14:17:51.444] [cout] [info]         control: /forceset/ankle_angle_l_actuator, weight: 0.1
[2023-11-14 14:17:51.444] [cout] [info]         control: /forceset/subtalar_angle_l_actuator, weight: 0.1
[2023-11-14 14:17:51.444] [cout] [info]         control: /forceset/mtp_angle_l_actuator, weight: 0.1
[2023-11-14 14:17:51.444] [cout] [info]         control: /forceset/hip_flexion_r_reserve, weight: 10.0
[2023-11-14 14:17:51.444] [cout] [info]         control: /forceset/hip_adduction_r_reserve, weight: 10.0
[2023-11-14 14:17:51.444] [cout] [info]         control: /forceset/hip_rotation_r_reserve, weight: 10.0
[2023-11-14 14:17:51.444] [cout] [info]         control: /forceset/knee_angle_r_reserve, weight: 10.0
[2023-11-14 14:17:51.444] [cout] [info]         control: /forceset/ankle_angle_r_reserve, weight: 10.0
[2023-11-14 14:17:51.444] [cout] [info]         control: /forceset/subtalar_angle_r_reserve, weight: 10.0
[2023-11-14 14:17:51.444] [cout] [info]         control: /forceset/mtp_angle_r_reserve, weight: 10.0
[2023-11-14 14:17:51.444] [cout] [info]         control: /forceset/pelvis_tx_residual, weight: 10.0
[2023-11-14 14:17:51.444] [cout] [info]         control: /forceset/pelvis_ty_residual, weight: 10.0
[2023-11-14 14:17:51.444] [cout] [info]         control: /forceset/pelvis_tz_residual, weight: 10.0
[2023-11-14 14:17:51.444] [cout] [info]         control: /forceset/pelvis_tilt_residual, weight: 10.0
[2023-11-14 14:17:51.444] [cout] [info]         control: /forceset/pelvis_list_residual, weight: 10.0
[2023-11-14 14:17:51.444] [cout] [info]         control: /forceset/pelvis_rotation_residual, weight: 10.0
[2023-11-14 14:17:51.444] [cout] [info]   contact0. MocoContactTrackingGoal, enabled: true, mode: cost, weight: 0.1
[2023-11-14 14:17:51.444] [cout] [info]         projection type: vector
[2023-11-14 14:17:51.444] [cout] [info]         projection vector: ~[1,0,0]
[2023-11-14 14:17:51.444] [cout] [info]         group 0: ExternalForce: LeftGRF1
[2023-11-14 14:17:51.444] [cout] [info]             forces:
[2023-11-14 14:17:51.444] [cout] [info]                 /forceset/contactForce_s1_l
[2023-11-14 14:17:51.444] [cout] [info]                 /forceset/contactForce_s2_l
[2023-11-14 14:17:51.444] [cout] [info]                 /forceset/contactForce_s3_l
[2023-11-14 14:17:51.444] [cout] [info]                 /forceset/contactForce_s5_l
[2023-11-14 14:17:51.444] [cout] [info]         group 1: ExternalForce: RightGRF1
[2023-11-14 14:17:51.444] [cout] [info]             forces:
[2023-11-14 14:17:51.444] [cout] [info]                 /forceset/contactForce_s1_r
[2023-11-14 14:17:51.444] [cout] [info]                 /forceset/contactForce_s2_r
[2023-11-14 14:17:51.444] [cout] [info]                 /forceset/contactForce_s3_r
[2023-11-14 14:17:51.444] [cout] [info]                 /forceset/contactForce_s5_r
[2023-11-14 14:17:51.444] [cout] [info]   contact1. MocoContactTrackingGoal, enabled: true, mode: cost, weight: 0.1
[2023-11-14 14:17:51.444] [cout] [info]         projection type: vector
[2023-11-14 14:17:51.444] [cout] [info]         projection vector: ~[0,1,0]
[2023-11-14 14:17:51.444] [cout] [info]         group 0: ExternalForce: LeftGRF1
[2023-11-14 14:17:51.444] [cout] [info]             forces:
[2023-11-14 14:17:51.444] [cout] [info]                 /forceset/contactForce_s1_l
[2023-11-14 14:17:51.444] [cout] [info]                 /forceset/contactForce_s2_l
[2023-11-14 14:17:51.444] [cout] [info]                 /forceset/contactForce_s3_l
[2023-11-14 14:17:51.444] [cout] [info]                 /forceset/contactForce_s5_l
[2023-11-14 14:17:51.444] [cout] [info]         group 1: ExternalForce: RightGRF1
[2023-11-14 14:17:51.444] [cout] [info]             forces:
[2023-11-14 14:17:51.444] [cout] [info]                 /forceset/contactForce_s1_r
[2023-11-14 14:17:51.444] [cout] [info]                 /forceset/contactForce_s2_r
[2023-11-14 14:17:51.444] [cout] [info]                 /forceset/contactForce_s3_r
[2023-11-14 14:17:51.444] [cout] [info]                 /forceset/contactForce_s5_r
[2023-11-14 14:17:51.444] [cout] [info]   contact2. MocoContactTrackingGoal, enabled: true, mode: cost, weight: 0.1
[2023-11-14 14:17:51.444] [cout] [info]         projection type: vector
[2023-11-14 14:17:51.445] [cout] [info]         projection vector: ~[0,0,1]
[2023-11-14 14:17:51.445] [cout] [info]         group 0: ExternalForce: LeftGRF1
[2023-11-14 14:17:51.445] [cout] [info]             forces:
[2023-11-14 14:17:51.445] [cout] [info]                 /forceset/contactForce_s1_l
[2023-11-14 14:17:51.445] [cout] [info]                 /forceset/contactForce_s2_l
[2023-11-14 14:17:51.445] [cout] [info]                 /forceset/contactForce_s3_l
[2023-11-14 14:17:51.445] [cout] [info]                 /forceset/contactForce_s5_l
[2023-11-14 14:17:51.445] [cout] [info]         group 1: ExternalForce: RightGRF1
[2023-11-14 14:17:51.445] [cout] [info]             forces:
[2023-11-14 14:17:51.445] [cout] [info]                 /forceset/contactForce_s1_r
[2023-11-14 14:17:51.445] [cout] [info]                 /forceset/contactForce_s2_r
[2023-11-14 14:17:51.445] [cout] [info]                 /forceset/contactForce_s3_r
[2023-11-14 14:17:51.445] [cout] [info]                 /forceset/contactForce_s5_r
[2023-11-14 14:17:51.445] [cout] [info] Endpoint constraints: none
[2023-11-14 14:17:51.445] [cout] [info] Kinematic constraints: none
[2023-11-14 14:17:51.445] [cout] [info] Path constraints: (total: 10)
[2023-11-14 14:17:51.445] [cout] [info]   . MocoConstraintInfo. number of scalar equations: 1. bounds: [0, 1]
[2023-11-14 14:17:51.445] [cout] [info]         output: /markerset/r_fp_heel1|location, type: SimTK::Vec3, index: 1, exponent: 1
[2023-11-14 14:17:51.445] [cout] [info]   . MocoConstraintInfo. number of scalar equations: 1. bounds: [0, 1]
[2023-11-14 14:17:51.445] [cout] [info]         output: /markerset/r_fp_heel2|location, type: SimTK::Vec3, index: 1, exponent: 1
[2023-11-14 14:17:51.445] [cout] [info]   . MocoConstraintInfo. number of scalar equations: 1. bounds: [0, 1]
[2023-11-14 14:17:51.445] [cout] [info]         output: /markerset/r_fp_mt1|location, type: SimTK::Vec3, index: 1, exponent: 1
[2023-11-14 14:17:51.445] [cout] [info]   . MocoConstraintInfo. number of scalar equations: 1. bounds: [0, 1]
[2023-11-14 14:17:51.445] [cout] [info]         output: /markerset/r_fp_mt2|location, type: SimTK::Vec3, index: 1, exponent: 1
[2023-11-14 14:17:51.445] [cout] [info]   . MocoConstraintInfo. number of scalar equations: 1. bounds: [0, 1]
[2023-11-14 14:17:51.445] [cout] [info]         output: /markerset/r_fp_toe|location, type: SimTK::Vec3, index: 1, exponent: 1
[2023-11-14 14:17:51.445] [cout] [info]   . MocoConstraintInfo. number of scalar equations: 1. bounds: [0, 1]
[2023-11-14 14:17:51.445] [cout] [info]         output: /markerset/l_fp_heel1|location, type: SimTK::Vec3, index: 1, exponent: 1
[2023-11-14 14:17:51.445] [cout] [info]   . MocoConstraintInfo. number of scalar equations: 1. bounds: [0, 1]
[2023-11-14 14:17:51.445] [cout] [info]         output: /markerset/l_fp_heel2|location, type: SimTK::Vec3, index: 1, exponent: 1
[2023-11-14 14:17:51.445] [cout] [info]   . MocoConstraintInfo. number of scalar equations: 1. bounds: [0, 1]
[2023-11-14 14:17:51.445] [cout] [info]         output: /markerset/l_fp_mt1|location, type: SimTK::Vec3, index: 1, exponent: 1
[2023-11-14 14:17:51.445] [cout] [info]   . MocoConstraintInfo. number of scalar equations: 1. bounds: [0, 1]
[2023-11-14 14:17:51.445] [cout] [info]         output: /markerset/l_fp_mt2|location, type: SimTK::Vec3, index: 1, exponent: 1
[2023-11-14 14:17:51.445] [cout] [info]   . MocoConstraintInfo. number of scalar equations: 1. bounds: [0, 1]
[2023-11-14 14:17:51.445] [cout] [info]         output: /markerset/l_fp_toe|location, type: SimTK::Vec3, index: 1, exponent: 1
[2023-11-14 14:17:51.445] [cout] [info] States: (total: 109)
[2023-11-14 14:17:51.445] [cout] [info]   /jointset/ground_pelvis/pelvis_tilt/value. bounds: [-1.5708, 1.5708]
[2023-11-14 14:17:51.445] [cout] [info]   /jointset/ground_pelvis/pelvis_list/value. bounds: [-1.5708, 1.5708]
[2023-11-14 14:17:51.445] [cout] [info]   /jointset/radioulnar_r/pro_sup_r/value. bounds: [0, 3.1416]
[2023-11-14 14:17:51.445] [cout] [info]   /jointset/ground_pelvis/pelvis_rotation/value. bounds: [-1.5708, 1.5708]
[2023-11-14 14:17:51.445] [cout] [info]   /jointset/ground_pelvis/pelvis_tx/value. bounds: [-20, 20]
[2023-11-14 14:17:51.445] [cout] [info]   /jointset/elbow_r/elbow_flex_r/value. bounds: [-0.17453, 2.618]
[2023-11-14 14:17:51.445] [cout] [info]   /jointset/ground_pelvis/pelvis_ty/value. bounds: [-2, 4]
[2023-11-14 14:17:51.445] [cout] [info]   /jointset/ground_pelvis/pelvis_tz/value. bounds: [-5, 5]
[2023-11-14 14:17:51.445] [cout] [info]   /jointset/hip_r/hip_adduction_r/speed. bounds: [-50, 50]
[2023-11-14 14:17:51.445] [cout] [info]   /jointset/ankle_r/ankle_angle_r/value. bounds: [-1.0472, 0.69813]
[2023-11-14 14:17:51.445] [cout] [info]   /jointset/hip_r/hip_flexion_r/value. bounds: [-0.69813, 1.7453]
[2023-11-14 14:17:51.445] [cout] [info]   /jointset/hip_r/hip_adduction_r/value. bounds: [-0.5236, 0.5236]
[2023-11-14 14:17:51.445] [cout] [info]   /jointset/back/lumbar_rotation/speed. bounds: [-50, 50]
[2023-11-14 14:17:51.445] [cout] [info]   /jointset/hip_r/hip_rotation_r/value. bounds: [-0.5236, 0.5236]
[2023-11-14 14:17:51.445] [cout] [info]   /jointset/mtp_l/mtp_angle_l/speed. bounds: [-50, 50]
[2023-11-14 14:17:51.445] [cout] [info]   /jointset/knee_r/knee_angle_r/value. bounds: [-2.7925, 0.17453]
[2023-11-14 14:17:51.445] [cout] [info]   /jointset/hip_l/hip_flexion_l/value. bounds: [-0.69813, 1.7453]
[2023-11-14 14:17:51.445] [cout] [info]   /jointset/subtalar_r/subtalar_angle_r/value. bounds: [-0.87266, 0.87266]
[2023-11-14 14:17:51.445] [cout] [info]   /jointset/mtp_r/mtp_angle_r/value. bounds: [-1.0472, 1.0472]
[2023-11-14 14:17:51.445] [cout] [info]   /jointset/hip_l/hip_adduction_l/value. bounds: [-0.5236, 0.5236]
[2023-11-14 14:17:51.445] [cout] [info]   /jointset/hip_l/hip_rotation_l/value. bounds: [-0.5236, 0.5236]
[2023-11-14 14:17:51.445] [cout] [info]   /forceset/glut_min1_r/activation. bounds: [0.01, 1]
[2023-11-14 14:17:51.445] [cout] [info]   /jointset/knee_l/knee_angle_l/value. bounds: [-2.7925, 0.17453]
[2023-11-14 14:17:51.445] [cout] [info]   /jointset/knee_r/knee_angle_r/speed. bounds: [-50, 50]
[2023-11-14 14:17:51.445] [cout] [info]   /jointset/ankle_l/ankle_angle_l/value. bounds: [-1.0472, 0.69813]
[2023-11-14 14:17:51.445] [cout] [info]   /jointset/subtalar_l/subtalar_angle_l/value. bounds: [-0.87266, 0.87266]
[2023-11-14 14:17:51.445] [cout] [info]   /jointset/mtp_l/mtp_angle_l/value. bounds: [-1.0472, 1.0472]
[2023-11-14 14:17:51.445] [cout] [info]   /forceset/bifemsh_r/activation. bounds: [0.01, 1]
[2023-11-14 14:17:51.445] [cout] [info]   /jointset/back/lumbar_extension/value. bounds: [-0.7854, 0.17453]
[2023-11-14 14:17:51.445] [cout] [info]   /jointset/back/lumbar_bending/value. bounds: [-0.34907, 0.34907]
[2023-11-14 14:17:51.445] [cout] [info]   /jointset/back/lumbar_rotation/value. bounds: [-0.5236, 0.5236]
[2023-11-14 14:17:51.445] [cout] [info]   /jointset/acromial_r/arm_flex_r/value. bounds: [-1.5708, 1.5708]
[2023-11-14 14:17:51.445] [cout] [info]   /jointset/acromial_r/arm_add_r/value. bounds: [-2.0944, 1.5708]
[2023-11-14 14:17:51.445] [cout] [info]   /jointset/acromial_r/arm_rot_r/value. bounds: [-1.5708, 1.5708]
[2023-11-14 14:17:51.445] [cout] [info]   /jointset/acromial_l/arm_flex_l/value. bounds: [-1.5708, 1.5708]
[2023-11-14 14:17:51.445] [cout] [info]   /jointset/acromial_l/arm_add_l/value. bounds: [-2.0944, 1.5708]
[2023-11-14 14:17:51.445] [cout] [info]   /jointset/acromial_l/arm_rot_l/value. bounds: [-1.5708, 1.5708]
[2023-11-14 14:17:51.445] [cout] [info]   /jointset/elbow_l/elbow_flex_l/value. bounds: [-0.17453, 2.618]
[2023-11-14 14:17:51.445] [cout] [info]   /jointset/radioulnar_l/pro_sup_l/value. bounds: [0, 3.1416]
[2023-11-14 14:17:51.445] [cout] [info]   /jointset/ground_pelvis/pelvis_tilt/speed. bounds: [-50, 50]
[2023-11-14 14:17:51.445] [cout] [info]   /jointset/ground_pelvis/pelvis_list/speed. bounds: [-50, 50]
[2023-11-14 14:17:51.445] [cout] [info]   /jointset/radioulnar_r/pro_sup_r/speed. bounds: [-50, 50]
[2023-11-14 14:17:51.445] [cout] [info]   /jointset/ground_pelvis/pelvis_rotation/speed. bounds: [-50, 50]
[2023-11-14 14:17:51.445] [cout] [info]   /jointset/ground_pelvis/pelvis_tx/speed. bounds: [-50, 50]
[2023-11-14 14:17:51.445] [cout] [info]   /jointset/elbow_r/elbow_flex_r/speed. bounds: [-50, 50]
[2023-11-14 14:17:51.445] [cout] [info]   /jointset/ground_pelvis/pelvis_ty/speed. bounds: [-50, 50]
[2023-11-14 14:17:51.445] [cout] [info]   /jointset/ground_pelvis/pelvis_tz/speed. bounds: [-50, 50]
[2023-11-14 14:17:51.445] [cout] [info]   /jointset/ankle_r/ankle_angle_r/speed. bounds: [-50, 50]
[2023-11-14 14:17:51.445] [cout] [info]   /jointset/hip_r/hip_flexion_r/speed. bounds: [-50, 50]
[2023-11-14 14:17:51.445] [cout] [info]   /jointset/hip_r/hip_rotation_r/speed. bounds: [-50, 50]
[2023-11-14 14:17:51.445] [cout] [info]   /jointset/hip_l/hip_flexion_l/speed. bounds: [-50, 50]
[2023-11-14 14:17:51.445] [cout] [info]   /jointset/subtalar_r/subtalar_angle_r/speed. bounds: [-50, 50]
[2023-11-14 14:17:51.445] [cout] [info]   /jointset/mtp_r/mtp_angle_r/speed. bounds: [-50, 50]
[2023-11-14 14:17:51.445] [cout] [info]   /jointset/hip_l/hip_adduction_l/speed. bounds: [-50, 50]
[2023-11-14 14:17:51.445] [cout] [info]   /jointset/hip_l/hip_rotation_l/speed. bounds: [-50, 50]
[2023-11-14 14:17:51.445] [cout] [info]   /jointset/knee_l/knee_angle_l/speed. bounds: [-50, 50]
[2023-11-14 14:17:51.445] [cout] [info]   /jointset/ankle_l/ankle_angle_l/speed. bounds: [-50, 50]
[2023-11-14 14:17:51.445] [cout] [info]   /jointset/subtalar_l/subtalar_angle_l/speed. bounds: [-50, 50]
[2023-11-14 14:17:51.446] [cout] [info]   /jointset/back/lumbar_extension/speed. bounds: [-50, 50]
[2023-11-14 14:17:51.446] [cout] [info]   /jointset/back/lumbar_bending/speed. bounds: [-50, 50]
[2023-11-14 14:17:51.446] [cout] [info]   /jointset/acromial_r/arm_flex_r/speed. bounds: [-50, 50]
[2023-11-14 14:17:51.446] [cout] [info]   /jointset/acromial_r/arm_add_r/speed. bounds: [-50, 50]
[2023-11-14 14:17:51.446] [cout] [info]   /jointset/acromial_r/arm_rot_r/speed. bounds: [-50, 50]
[2023-11-14 14:17:51.446] [cout] [info]   /jointset/acromial_l/arm_flex_l/speed. bounds: [-50, 50]
[2023-11-14 14:17:51.446] [cout] [info]   /jointset/acromial_l/arm_add_l/speed. bounds: [-50, 50]
[2023-11-14 14:17:51.446] [cout] [info]   /jointset/acromial_l/arm_rot_l/speed. bounds: [-50, 50]
[2023-11-14 14:17:51.446] [cout] [info]   /jointset/elbow_l/elbow_flex_l/speed. bounds: [-50, 50]
[2023-11-14 14:17:51.446] [cout] [info]   /jointset/radioulnar_l/pro_sup_l/speed. bounds: [-50, 50]
[2023-11-14 14:17:51.446] [cout] [info]   /forceset/glut_med1_r/activation. bounds: [0.01, 1]
[2023-11-14 14:17:51.446] [cout] [info]   /forceset/glut_med2_r/activation. bounds: [0.01, 1]
[2023-11-14 14:17:51.446] [cout] [info]   /forceset/glut_med3_r/activation. bounds: [0.01, 1]
[2023-11-14 14:17:51.446] [cout] [info]   /forceset/glut_min2_r/activation. bounds: [0.01, 1]
[2023-11-14 14:17:51.446] [cout] [info]   /forceset/glut_min3_r/activation. bounds: [0.01, 1]
[2023-11-14 14:17:51.446] [cout] [info]   /forceset/semimem_r/activation. bounds: [0.01, 1]
[2023-11-14 14:17:51.446] [cout] [info]   /forceset/semiten_r/activation. bounds: [0.01, 1]
[2023-11-14 14:17:51.446] [cout] [info]   /forceset/bifemlh_r/activation. bounds: [0.01, 1]
[2023-11-14 14:17:51.446] [cout] [info]   /forceset/sar_r/activation. bounds: [0.01, 1]
[2023-11-14 14:17:51.446] [cout] [info]   /forceset/add_long_r/activation. bounds: [0.01, 1]
[2023-11-14 14:17:51.446] [cout] [info]   /forceset/add_brev_r/activation. bounds: [0.01, 1]
[2023-11-14 14:17:51.446] [cout] [info]   /forceset/add_mag1_r/activation. bounds: [0.01, 1]
[2023-11-14 14:17:51.446] [cout] [info]   /forceset/add_mag2_r/activation. bounds: [0.01, 1]
[2023-11-14 14:17:51.446] [cout] [info]   /forceset/add_mag3_r/activation. bounds: [0.01, 1]
[2023-11-14 14:17:51.446] [cout] [info]   /forceset/tfl_r/activation. bounds: [0.01, 1]
[2023-11-14 14:17:51.446] [cout] [info]   /forceset/pect_r/activation. bounds: [0.01, 1]
[2023-11-14 14:17:51.446] [cout] [info]   /forceset/grac_r/activation. bounds: [0.01, 1]
[2023-11-14 14:17:51.446] [cout] [info]   /forceset/glut_max1_r/activation. bounds: [0.01, 1]
[2023-11-14 14:17:51.446] [cout] [info]   /forceset/glut_max2_r/activation. bounds: [0.01, 1]
[2023-11-14 14:17:51.446] [cout] [info]   /forceset/glut_max3_r/activation. bounds: [0.01, 1]
[2023-11-14 14:17:51.446] [cout] [info]   /forceset/iliacus_r/activation. bounds: [0.01, 1]
[2023-11-14 14:17:51.446] [cout] [info]   /forceset/psoas_r/activation. bounds: [0.01, 1]
[2023-11-14 14:17:51.446] [cout] [info]   /forceset/quad_fem_r/activation. bounds: [0.01, 1]
[2023-11-14 14:17:51.446] [cout] [info]   /forceset/gem_r/activation. bounds: [0.01, 1]
[2023-11-14 14:17:51.446] [cout] [info]   /forceset/peri_r/activation. bounds: [0.01, 1]
[2023-11-14 14:17:51.446] [cout] [info]   /forceset/rect_fem_r/activation. bounds: [0.01, 1]
[2023-11-14 14:17:51.446] [cout] [info]   /forceset/vas_med_r/activation. bounds: [0.01, 1]
[2023-11-14 14:17:51.446] [cout] [info]   /forceset/vas_int_r/activation. bounds: [0.01, 1]
[2023-11-14 14:17:51.446] [cout] [info]   /forceset/vas_lat_r/activation. bounds: [0.01, 1]
[2023-11-14 14:17:51.446] [cout] [info]   /forceset/med_gas_r/activation. bounds: [0.01, 1]
[2023-11-14 14:17:51.446] [cout] [info]   /forceset/lat_gas_r/activation. bounds: [0.01, 1]
[2023-11-14 14:17:51.446] [cout] [info]   /forceset/soleus_r/activation. bounds: [0.01, 1]
[2023-11-14 14:17:51.446] [cout] [info]   /forceset/tib_post_r/activation. bounds: [0.01, 1]
[2023-11-14 14:17:51.446] [cout] [info]   /forceset/flex_dig_r/activation. bounds: [0.01, 1]
[2023-11-14 14:17:51.446] [cout] [info]   /forceset/flex_hal_r/activation. bounds: [0.01, 1]
[2023-11-14 14:17:51.446] [cout] [info]   /forceset/tib_ant_r/activation. bounds: [0.01, 1]
[2023-11-14 14:17:51.446] [cout] [info]   /forceset/per_brev_r/activation. bounds: [0.01, 1]
[2023-11-14 14:17:51.446] [cout] [info]   /forceset/per_long_r/activation. bounds: [0.01, 1]
[2023-11-14 14:17:51.446] [cout] [info]   /forceset/per_tert_r/activation. bounds: [0.01, 1]
[2023-11-14 14:17:51.446] [cout] [info]   /forceset/ext_dig_r/activation. bounds: [0.01, 1]
[2023-11-14 14:17:51.446] [cout] [info]   /forceset/ext_hal_r/activation. bounds: [0.01, 1]
[2023-11-14 14:17:51.446] [cout] [info] Controls: (total: 76)
[2023-11-14 14:17:51.446] [cout] [info]   /forceset/glut_med1_r. bounds: [0.01, 1]
[2023-11-14 14:17:51.446] [cout] [info]   /forceset/glut_med2_r. bounds: [0.01, 1]
[2023-11-14 14:17:51.446] [cout] [info]   /forceset/glut_med3_r. bounds: [0.01, 1]
[2023-11-14 14:17:51.446] [cout] [info]   /forceset/glut_min1_r. bounds: [0.01, 1]
[2023-11-14 14:17:51.446] [cout] [info]   /forceset/glut_min2_r. bounds: [0.01, 1]
[2023-11-14 14:17:51.446] [cout] [info]   /forceset/glut_min3_r. bounds: [0.01, 1]
[2023-11-14 14:17:51.446] [cout] [info]   /forceset/mtp_angle_l_actuator. bounds: [-inf, inf]
[2023-11-14 14:17:51.446] [cout] [info]   /forceset/semimem_r. bounds: [0.01, 1]
[2023-11-14 14:17:51.446] [cout] [info]   /forceset/semiten_r. bounds: [0.01, 1]
[2023-11-14 14:17:51.446] [cout] [info]   /forceset/bifemlh_r. bounds: [0.01, 1]
[2023-11-14 14:17:51.446] [cout] [info]   /forceset/bifemsh_r. bounds: [0.01, 1]
[2023-11-14 14:17:51.446] [cout] [info]   /forceset/sar_r. bounds: [0.01, 1]
[2023-11-14 14:17:51.446] [cout] [info]   /forceset/add_long_r. bounds: [0.01, 1]
[2023-11-14 14:17:51.446] [cout] [info]   /forceset/add_brev_r. bounds: [0.01, 1]
[2023-11-14 14:17:51.446] [cout] [info]   /forceset/add_mag1_r. bounds: [0.01, 1]
[2023-11-14 14:17:51.446] [cout] [info]   /forceset/add_mag2_r. bounds: [0.01, 1]
[2023-11-14 14:17:51.446] [cout] [info]   /forceset/add_mag3_r. bounds: [0.01, 1]
[2023-11-14 14:17:51.446] [cout] [info]   /forceset/tfl_r. bounds: [0.01, 1]
[2023-11-14 14:17:51.446] [cout] [info]   /forceset/pect_r. bounds: [0.01, 1]
[2023-11-14 14:17:51.446] [cout] [info]   /forceset/grac_r. bounds: [0.01, 1]
[2023-11-14 14:17:51.446] [cout] [info]   /forceset/hip_flexion_r_reserve. bounds: [-inf, inf]
[2023-11-14 14:17:51.446] [cout] [info]   /forceset/glut_max1_r. bounds: [0.01, 1]
[2023-11-14 14:17:51.446] [cout] [info]   /forceset/glut_max2_r. bounds: [0.01, 1]
[2023-11-14 14:17:51.446] [cout] [info]   /forceset/glut_max3_r. bounds: [0.01, 1]
[2023-11-14 14:17:51.446] [cout] [info]   /forceset/iliacus_r. bounds: [0.01, 1]
[2023-11-14 14:17:51.446] [cout] [info]   /forceset/psoas_r. bounds: [0.01, 1]
[2023-11-14 14:17:51.447] [cout] [info]   /forceset/quad_fem_r. bounds: [0.01, 1]
[2023-11-14 14:17:51.447] [cout] [info]   /forceset/gem_r. bounds: [0.01, 1]
[2023-11-14 14:17:51.447] [cout] [info]   /forceset/peri_r. bounds: [0.01, 1]
[2023-11-14 14:17:51.447] [cout] [info]   /forceset/rect_fem_r. bounds: [0.01, 1]
[2023-11-14 14:17:51.447] [cout] [info]   /forceset/vas_med_r. bounds: [0.01, 1]
[2023-11-14 14:17:51.447] [cout] [info]   /forceset/vas_int_r. bounds: [0.01, 1]
[2023-11-14 14:17:51.447] [cout] [info]   /forceset/vas_lat_r. bounds: [0.01, 1]
[2023-11-14 14:17:51.447] [cout] [info]   /forceset/med_gas_r. bounds: [0.01, 1]
[2023-11-14 14:17:51.447] [cout] [info]   /forceset/lat_gas_r. bounds: [0.01, 1]
[2023-11-14 14:17:51.447] [cout] [info]   /forceset/soleus_r. bounds: [0.01, 1]
[2023-11-14 14:17:51.447] [cout] [info]   /forceset/tib_post_r. bounds: [0.01, 1]
[2023-11-14 14:17:51.447] [cout] [info]   /forceset/flex_dig_r. bounds: [0.01, 1]
[2023-11-14 14:17:51.447] [cout] [info]   /forceset/flex_hal_r. bounds: [0.01, 1]
[2023-11-14 14:17:51.447] [cout] [info]   /forceset/tib_ant_r. bounds: [0.01, 1]
[2023-11-14 14:17:51.447] [cout] [info]   /forceset/per_brev_r. bounds: [0.01, 1]
[2023-11-14 14:17:51.447] [cout] [info]   /forceset/per_long_r. bounds: [0.01, 1]
[2023-11-14 14:17:51.447] [cout] [info]   /forceset/per_tert_r. bounds: [0.01, 1]
[2023-11-14 14:17:51.447] [cout] [info]   /forceset/ext_dig_r. bounds: [0.01, 1]
[2023-11-14 14:17:51.447] [cout] [info]   /forceset/ext_hal_r. bounds: [0.01, 1]
[2023-11-14 14:17:51.447] [cout] [info]   /forceset/lumbar_extension_actuator. bounds: [-inf, inf]
[2023-11-14 14:17:51.447] [cout] [info]   /forceset/lumbar_bending_actuator. bounds: [-inf, inf]
[2023-11-14 14:17:51.447] [cout] [info]   /forceset/lumbar_rotation_actuator. bounds: [-inf, inf]
[2023-11-14 14:17:51.447] [cout] [info]   /forceset/arm_flex_r_actuator. bounds: [-inf, inf]
[2023-11-14 14:17:51.447] [cout] [info]   /forceset/arm_add_r_actuator. bounds: [-inf, inf]
[2023-11-14 14:17:51.447] [cout] [info]   /forceset/arm_rot_r_actuator. bounds: [-inf, inf]
[2023-11-14 14:17:51.447] [cout] [info]   /forceset/elbow_flex_r_actuator. bounds: [-inf, inf]
[2023-11-14 14:17:51.447] [cout] [info]   /forceset/pro_sup_r_actuator. bounds: [-inf, inf]
[2023-11-14 14:17:51.447] [cout] [info]   /forceset/hip_rotation_l_actuator. bounds: [-inf, inf]
[2023-11-14 14:17:51.447] [cout] [info]   /forceset/arm_flex_l_actuator. bounds: [-inf, inf]
[2023-11-14 14:17:51.447] [cout] [info]   /forceset/arm_add_l_actuator. bounds: [-inf, inf]
[2023-11-14 14:17:51.447] [cout] [info]   /forceset/arm_rot_l_actuator. bounds: [-inf, inf]
[2023-11-14 14:17:51.447] [cout] [info]   /forceset/elbow_flex_l_actuator. bounds: [-inf, inf]
[2023-11-14 14:17:51.447] [cout] [info]   /forceset/pro_sup_l_actuator. bounds: [-inf, inf]
[2023-11-14 14:17:51.447] [cout] [info]   /forceset/hip_flexion_l_actuator. bounds: [-inf, inf]
[2023-11-14 14:17:51.447] [cout] [info]   /forceset/hip_adduction_l_actuator. bounds: [-inf, inf]
[2023-11-14 14:17:51.447] [cout] [info]   /forceset/knee_angle_l_actuator. bounds: [-inf, inf]
[2023-11-14 14:17:51.447] [cout] [info]   /forceset/ankle_angle_l_actuator. bounds: [-inf, inf]
[2023-11-14 14:17:51.447] [cout] [info]   /forceset/subtalar_angle_l_actuator. bounds: [-inf, inf]
[2023-11-14 14:17:51.447] [cout] [info]   /forceset/hip_adduction_r_reserve. bounds: [-inf, inf]
[2023-11-14 14:17:51.447] [cout] [info]   /forceset/hip_rotation_r_reserve. bounds: [-inf, inf]
[2023-11-14 14:17:51.447] [cout] [info]   /forceset/knee_angle_r_reserve. bounds: [-inf, inf]
[2023-11-14 14:17:51.447] [cout] [info]   /forceset/ankle_angle_r_reserve. bounds: [-inf, inf]
[2023-11-14 14:17:51.447] [cout] [info]   /forceset/subtalar_angle_r_reserve. bounds: [-inf, inf]
[2023-11-14 14:17:51.447] [cout] [info]   /forceset/mtp_angle_r_reserve. bounds: [-inf, inf]
[2023-11-14 14:17:51.447] [cout] [info]   /forceset/pelvis_tx_residual. bounds: [-inf, inf]
[2023-11-14 14:17:51.447] [cout] [info]   /forceset/pelvis_ty_residual. bounds: [-inf, inf]
[2023-11-14 14:17:51.447] [cout] [info]   /forceset/pelvis_tz_residual. bounds: [-inf, inf]
[2023-11-14 14:17:51.447] [cout] [info]   /forceset/pelvis_tilt_residual. bounds: [-inf, inf]
[2023-11-14 14:17:51.447] [cout] [info]   /forceset/pelvis_list_residual. bounds: [-inf, inf]
[2023-11-14 14:17:51.447] [cout] [info]   /forceset/pelvis_rotation_residual. bounds: [-inf, inf]
[2023-11-14 14:17:51.447] [cout] [info] Parameters: none
[2023-11-14 14:17:52.876] [info] Number of threads: 8
[2023-11-14 14:50:47.782] [info] Set log level to Info.
[2023-11-14 14:50:47.784] [info] ------------------------------------------------------------------------
[2023-11-14 14:50:47.784] [info] Elapsed real time: 1976 second(s) (32 minute(s), 56 second(s)).
[2023-11-14 14:50:47.784] [info] Tue Nov 14 14:50:47 2023
[2023-11-14 14:50:47.785] [warning] MocoCasADiSolver did NOT succeed:
[2023-11-14 14:50:47.785] [warning]   User_Requested_Stop
[2023-11-14 14:50:47.785] [info] ========================================================================
[2023-11-14 14:51:07.996] [cout] [info] Exiting visualization.
[2023-11-14 14:51:39.722] [info] Loaded model JA1_SCALED from file ..\model\JA1_SCALED_Osim4_Muscles.osim
[2023-11-14 14:51:46.887] [info] ========================================================================
[2023-11-14 14:51:46.887] [info] MocoCasADiSolver starting.
[2023-11-14 14:51:46.887] [info] Tue Nov 14 14:51:46 2023
[2023-11-14 14:51:46.887] [info] ------------------------------------------------------------------------
[2023-11-14 14:51:46.887] [cout] [info] Costs: (total: 5)
[2023-11-14 14:51:46.887] [cout] [info]   state_tracking. MocoStateTrackingGoal, enabled: true, mode: cost, weight: 1.0
[2023-11-14 14:51:46.887] [cout] [info]         state: /jointset/ground_pelvis/pelvis_tilt/value, weight: 10.0
[2023-11-14 14:51:46.887] [cout] [info]         state: /jointset/ground_pelvis/pelvis_list/value, weight: 10.0
[2023-11-14 14:51:46.887] [cout] [info]         state: /jointset/ground_pelvis/pelvis_rotation/value, weight: 10.0
[2023-11-14 14:51:46.898] [cout] [info]         state: /jointset/ground_pelvis/pelvis_tx/value, weight: 5.0
[2023-11-14 14:51:46.898] [cout] [info]         state: /jointset/ground_pelvis/pelvis_ty/value, weight: 2.5
[2023-11-14 14:51:46.898] [cout] [info]         state: /jointset/ground_pelvis/pelvis_tz/value, weight: 5.0
[2023-11-14 14:51:46.898] [cout] [info]         state: /jointset/hip_r/hip_flexion_r/value, weight: 10.0
[2023-11-14 14:51:46.898] [cout] [info]         state: /jointset/hip_r/hip_adduction_r/value, weight: 5.0
[2023-11-14 14:51:46.898] [cout] [info]         state: /jointset/hip_r/hip_rotation_r/value, weight: 2.5
[2023-11-14 14:51:46.898] [cout] [info]         state: /jointset/hip_l/hip_flexion_l/value, weight: 10.0
[2023-11-14 14:51:46.898] [cout] [info]         state: /jointset/hip_l/hip_adduction_l/value, weight: 5.0
[2023-11-14 14:51:46.898] [cout] [info]         state: /jointset/hip_l/hip_rotation_l/value, weight: 2.5
[2023-11-14 14:51:46.898] [cout] [info]         state: /jointset/back/lumbar_extension/value, weight: 15.0
[2023-11-14 14:51:46.898] [cout] [info]         state: /jointset/back/lumbar_bending/value, weight: 10.0
[2023-11-14 14:51:46.898] [cout] [info]         state: /jointset/back/lumbar_rotation/value, weight: 5.0
[2023-11-14 14:51:46.898] [cout] [info]         state: /jointset/knee_r/knee_angle_r/value, weight: 10.0
[2023-11-14 14:51:46.898] [cout] [info]         state: /jointset/knee_l/knee_angle_l/value, weight: 10.0
[2023-11-14 14:51:46.898] [cout] [info]         state: /jointset/acromial_r/arm_flex_r/value, weight: 2.5
[2023-11-14 14:51:46.898] [cout] [info]         state: /jointset/acromial_r/arm_add_r/value, weight: 1.0
[2023-11-14 14:51:46.898] [cout] [info]         state: /jointset/acromial_r/arm_rot_r/value, weight: 1.0
[2023-11-14 14:51:46.898] [cout] [info]         state: /jointset/acromial_l/arm_flex_l/value, weight: 2.5
[2023-11-14 14:51:46.898] [cout] [info]         state: /jointset/acromial_l/arm_add_l/value, weight: 1.0
[2023-11-14 14:51:46.898] [cout] [info]         state: /jointset/acromial_l/arm_rot_l/value, weight: 1.0
[2023-11-14 14:51:46.898] [cout] [info]         state: /jointset/ankle_r/ankle_angle_r/value, weight: 2.5
[2023-11-14 14:51:46.898] [cout] [info]         state: /jointset/ankle_l/ankle_angle_l/value, weight: 2.5
[2023-11-14 14:51:46.898] [cout] [info]         state: /jointset/elbow_r/elbow_flex_r/value, weight: 5.0
[2023-11-14 14:51:46.898] [cout] [info]         state: /jointset/elbow_l/elbow_flex_l/value, weight: 5.0
[2023-11-14 14:51:46.898] [cout] [info]         state: /jointset/subtalar_r/subtalar_angle_r/value, weight: 1.0
[2023-11-14 14:51:46.898] [cout] [info]         state: /jointset/subtalar_l/subtalar_angle_l/value, weight: 1.0
[2023-11-14 14:51:46.898] [cout] [info]         state: /jointset/radioulnar_r/pro_sup_r/value, weight: 1.0
[2023-11-14 14:51:46.898] [cout] [info]         state: /jointset/radioulnar_l/pro_sup_l/value, weight: 1.0
[2023-11-14 14:51:46.898] [cout] [info]         state: /jointset/mtp_r/mtp_angle_r/value, weight: 0.5
[2023-11-14 14:51:46.898] [cout] [info]         state: /jointset/mtp_l/mtp_angle_l/value, weight: 0.5
[2023-11-14 14:51:46.898] [cout] [info]         state: /jointset/ground_pelvis/pelvis_tilt/speed, weight: 0.01
[2023-11-14 14:51:46.898] [cout] [info]         state: /jointset/ground_pelvis/pelvis_list/speed, weight: 0.01
[2023-11-14 14:51:46.898] [cout] [info]         state: /jointset/ground_pelvis/pelvis_rotation/speed, weight: 0.01
[2023-11-14 14:51:46.898] [cout] [info]         state: /jointset/ground_pelvis/pelvis_tx/speed, weight: 0.00500000
[2023-11-14 14:51:46.898] [cout] [info]         state: /jointset/ground_pelvis/pelvis_ty/speed, weight: 0.00250000
[2023-11-14 14:51:46.898] [cout] [info]         state: /jointset/ground_pelvis/pelvis_tz/speed, weight: 0.00500000
[2023-11-14 14:51:46.898] [cout] [info]         state: /jointset/hip_r/hip_flexion_r/speed, weight: 0.01
[2023-11-14 14:51:46.898] [cout] [info]         state: /jointset/hip_r/hip_adduction_r/speed, weight: 0.00500000
[2023-11-14 14:51:46.898] [cout] [info]         state: /jointset/hip_r/hip_rotation_r/speed, weight: 0.00250000
[2023-11-14 14:51:46.898] [cout] [info]         state: /jointset/hip_l/hip_flexion_l/speed, weight: 0.01
[2023-11-14 14:51:46.898] [cout] [info]         state: /jointset/hip_l/hip_adduction_l/speed, weight: 0.00500000
[2023-11-14 14:51:46.898] [cout] [info]         state: /jointset/hip_l/hip_rotation_l/speed, weight: 0.00250000
[2023-11-14 14:51:46.898] [cout] [info]         state: /jointset/back/lumbar_extension/speed, weight: 0.015
[2023-11-14 14:51:46.898] [cout] [info]         state: /jointset/back/lumbar_bending/speed, weight: 0.01
[2023-11-14 14:51:46.898] [cout] [info]         state: /jointset/back/lumbar_rotation/speed, weight: 0.00500000
[2023-11-14 14:51:46.898] [cout] [info]         state: /jointset/knee_r/knee_angle_r/speed, weight: 0.01
[2023-11-14 14:51:46.898] [cout] [info]         state: /jointset/knee_l/knee_angle_l/speed, weight: 0.01
[2023-11-14 14:51:46.898] [cout] [info]         state: /jointset/acromial_r/arm_flex_r/speed, weight: 0.00250000
[2023-11-14 14:51:46.898] [cout] [info]         state: /jointset/acromial_r/arm_add_r/speed, weight: 0.00100000
[2023-11-14 14:51:46.898] [cout] [info]         state: /jointset/acromial_r/arm_rot_r/speed, weight: 0.00100000
[2023-11-14 14:51:46.898] [cout] [info]         state: /jointset/acromial_l/arm_flex_l/speed, weight: 0.00250000
[2023-11-14 14:51:46.899] [cout] [info]         state: /jointset/acromial_l/arm_add_l/speed, weight: 0.00100000
[2023-11-14 14:51:46.899] [cout] [info]         state: /jointset/acromial_l/arm_rot_l/speed, weight: 0.00100000
[2023-11-14 14:51:46.899] [cout] [info]         state: /jointset/ankle_r/ankle_angle_r/speed, weight: 0.00250000
[2023-11-14 14:51:46.899] [cout] [info]         state: /jointset/ankle_l/ankle_angle_l/speed, weight: 0.00250000
[2023-11-14 14:51:46.899] [cout] [info]         state: /jointset/elbow_r/elbow_flex_r/speed, weight: 0.00500000
[2023-11-14 14:51:46.899] [cout] [info]         state: /jointset/elbow_l/elbow_flex_l/speed, weight: 0.00500000
[2023-11-14 14:51:46.899] [cout] [info]         state: /jointset/subtalar_r/subtalar_angle_r/speed, weight: 0.00100000
[2023-11-14 14:51:46.899] [cout] [info]         state: /jointset/subtalar_l/subtalar_angle_l/speed, weight: 0.00100000
[2023-11-14 14:51:46.899] [cout] [info]         state: /jointset/radioulnar_r/pro_sup_r/speed, weight: 0.00100000
[2023-11-14 14:51:46.899] [cout] [info]         state: /jointset/radioulnar_l/pro_sup_l/speed, weight: 0.00100000
[2023-11-14 14:51:46.899] [cout] [info]         state: /jointset/mtp_r/mtp_angle_r/speed, weight: 0.000500000
[2023-11-14 14:51:46.899] [cout] [info]         state: /jointset/mtp_l/mtp_angle_l/speed, weight: 0.000500000
[2023-11-14 14:51:46.899] [cout] [info]   control_effort. MocoControlGoal, enabled: true, mode: cost, weight: 0.00100000
[2023-11-14 14:51:46.899] [cout] [info]         control: /forceset/glut_med1_r, weight: 1.0
[2023-11-14 14:51:46.899] [cout] [info]         control: /forceset/glut_med2_r, weight: 1.0
[2023-11-14 14:51:46.899] [cout] [info]         control: /forceset/glut_med3_r, weight: 1.0
[2023-11-14 14:51:46.899] [cout] [info]         control: /forceset/glut_min1_r, weight: 1.0
[2023-11-14 14:51:46.899] [cout] [info]         control: /forceset/glut_min2_r, weight: 1.0
[2023-11-14 14:51:46.899] [cout] [info]         control: /forceset/glut_min3_r, weight: 1.0
[2023-11-14 14:51:46.899] [cout] [info]         control: /forceset/semimem_r, weight: 1.0
[2023-11-14 14:51:46.899] [cout] [info]         control: /forceset/semiten_r, weight: 1.0
[2023-11-14 14:51:46.899] [cout] [info]         control: /forceset/bifemlh_r, weight: 1.0
[2023-11-14 14:51:46.899] [cout] [info]         control: /forceset/bifemsh_r, weight: 1.0
[2023-11-14 14:51:46.899] [cout] [info]         control: /forceset/sar_r, weight: 1.0
[2023-11-14 14:51:46.899] [cout] [info]         control: /forceset/add_long_r, weight: 1.0
[2023-11-14 14:51:46.899] [cout] [info]         control: /forceset/add_brev_r, weight: 1.0
[2023-11-14 14:51:46.899] [cout] [info]         control: /forceset/add_mag1_r, weight: 1.0
[2023-11-14 14:51:46.899] [cout] [info]         control: /forceset/add_mag2_r, weight: 1.0
[2023-11-14 14:51:46.899] [cout] [info]         control: /forceset/add_mag3_r, weight: 1.0
[2023-11-14 14:51:46.899] [cout] [info]         control: /forceset/tfl_r, weight: 1.0
[2023-11-14 14:51:46.899] [cout] [info]         control: /forceset/pect_r, weight: 1.0
[2023-11-14 14:51:46.899] [cout] [info]         control: /forceset/grac_r, weight: 1.0
[2023-11-14 14:51:46.899] [cout] [info]         control: /forceset/glut_max1_r, weight: 1.0
[2023-11-14 14:51:46.899] [cout] [info]         control: /forceset/glut_max2_r, weight: 1.0
[2023-11-14 14:51:46.899] [cout] [info]         control: /forceset/glut_max3_r, weight: 1.0
[2023-11-14 14:51:46.899] [cout] [info]         control: /forceset/iliacus_r, weight: 1.0
[2023-11-14 14:51:46.899] [cout] [info]         control: /forceset/psoas_r, weight: 1.0
[2023-11-14 14:51:46.899] [cout] [info]         control: /forceset/quad_fem_r, weight: 1.0
[2023-11-14 14:51:46.899] [cout] [info]         control: /forceset/gem_r, weight: 1.0
[2023-11-14 14:51:46.899] [cout] [info]         control: /forceset/peri_r, weight: 1.0
[2023-11-14 14:51:46.899] [cout] [info]         control: /forceset/rect_fem_r, weight: 1.0
[2023-11-14 14:51:46.899] [cout] [info]         control: /forceset/vas_med_r, weight: 1.0
[2023-11-14 14:51:46.899] [cout] [info]         control: /forceset/vas_int_r, weight: 1.0
[2023-11-14 14:51:46.899] [cout] [info]         control: /forceset/vas_lat_r, weight: 1.0
[2023-11-14 14:51:46.899] [cout] [info]         control: /forceset/med_gas_r, weight: 1.0
[2023-11-14 14:51:46.899] [cout] [info]         control: /forceset/lat_gas_r, weight: 1.0
[2023-11-14 14:51:46.899] [cout] [info]         control: /forceset/soleus_r, weight: 1.0
[2023-11-14 14:51:46.899] [cout] [info]         control: /forceset/tib_post_r, weight: 1.0
[2023-11-14 14:51:46.899] [cout] [info]         control: /forceset/flex_dig_r, weight: 1.0
[2023-11-14 14:51:46.899] [cout] [info]         control: /forceset/flex_hal_r, weight: 1.0
[2023-11-14 14:51:46.899] [cout] [info]         control: /forceset/tib_ant_r, weight: 1.0
[2023-11-14 14:51:46.899] [cout] [info]         control: /forceset/per_brev_r, weight: 1.0
[2023-11-14 14:51:46.899] [cout] [info]         control: /forceset/per_long_r, weight: 1.0
[2023-11-14 14:51:46.899] [cout] [info]         control: /forceset/per_tert_r, weight: 1.0
[2023-11-14 14:51:46.899] [cout] [info]         control: /forceset/ext_dig_r, weight: 1.0
[2023-11-14 14:51:46.899] [cout] [info]         control: /forceset/ext_hal_r, weight: 1.0
[2023-11-14 14:51:46.899] [cout] [info]         control: /forceset/lumbar_extension_actuator, weight: 0.1
[2023-11-14 14:51:46.899] [cout] [info]         control: /forceset/lumbar_bending_actuator, weight: 0.1
[2023-11-14 14:51:46.899] [cout] [info]         control: /forceset/lumbar_rotation_actuator, weight: 0.1
[2023-11-14 14:51:46.899] [cout] [info]         control: /forceset/arm_flex_r_actuator, weight: 0.1
[2023-11-14 14:51:46.899] [cout] [info]         control: /forceset/arm_add_r_actuator, weight: 0.1
[2023-11-14 14:51:46.899] [cout] [info]         control: /forceset/arm_rot_r_actuator, weight: 0.1
[2023-11-14 14:51:46.899] [cout] [info]         control: /forceset/elbow_flex_r_actuator, weight: 0.1
[2023-11-14 14:51:46.899] [cout] [info]         control: /forceset/pro_sup_r_actuator, weight: 0.1
[2023-11-14 14:51:46.899] [cout] [info]         control: /forceset/arm_flex_l_actuator, weight: 0.1
[2023-11-14 14:51:46.899] [cout] [info]         control: /forceset/arm_add_l_actuator, weight: 0.1
[2023-11-14 14:51:46.899] [cout] [info]         control: /forceset/arm_rot_l_actuator, weight: 0.1
[2023-11-14 14:51:46.899] [cout] [info]         control: /forceset/elbow_flex_l_actuator, weight: 0.1
[2023-11-14 14:51:46.899] [cout] [info]         control: /forceset/pro_sup_l_actuator, weight: 0.1
[2023-11-14 14:51:46.899] [cout] [info]         control: /forceset/hip_flexion_l_actuator, weight: 0.1
[2023-11-14 14:51:46.899] [cout] [info]         control: /forceset/hip_adduction_l_actuator, weight: 0.1
[2023-11-14 14:51:46.899] [cout] [info]         control: /forceset/hip_rotation_l_actuator, weight: 0.1
[2023-11-14 14:51:46.899] [cout] [info]         control: /forceset/knee_angle_l_actuator, weight: 0.1
[2023-11-14 14:51:46.899] [cout] [info]         control: /forceset/ankle_angle_l_actuator, weight: 0.1
[2023-11-14 14:51:46.899] [cout] [info]         control: /forceset/subtalar_angle_l_actuator, weight: 0.1
[2023-11-14 14:51:46.899] [cout] [info]         control: /forceset/mtp_angle_l_actuator, weight: 0.1
[2023-11-14 14:51:46.899] [cout] [info]         control: /forceset/hip_flexion_r_reserve, weight: 10.0
[2023-11-14 14:51:46.899] [cout] [info]         control: /forceset/hip_adduction_r_reserve, weight: 10.0
[2023-11-14 14:51:46.899] [cout] [info]         control: /forceset/hip_rotation_r_reserve, weight: 10.0
[2023-11-14 14:51:46.899] [cout] [info]         control: /forceset/knee_angle_r_reserve, weight: 10.0
[2023-11-14 14:51:46.899] [cout] [info]         control: /forceset/ankle_angle_r_reserve, weight: 10.0
[2023-11-14 14:51:46.899] [cout] [info]         control: /forceset/subtalar_angle_r_reserve, weight: 10.0
[2023-11-14 14:51:46.899] [cout] [info]         control: /forceset/mtp_angle_r_reserve, weight: 10.0
[2023-11-14 14:51:46.899] [cout] [info]         control: /forceset/pelvis_tx_residual, weight: 10.0
[2023-11-14 14:51:46.899] [cout] [info]         control: /forceset/pelvis_ty_residual, weight: 10.0
[2023-11-14 14:51:46.900] [cout] [info]         control: /forceset/pelvis_tz_residual, weight: 10.0
[2023-11-14 14:51:46.900] [cout] [info]         control: /forceset/pelvis_tilt_residual, weight: 10.0
[2023-11-14 14:51:46.900] [cout] [info]         control: /forceset/pelvis_list_residual, weight: 10.0
[2023-11-14 14:51:46.900] [cout] [info]         control: /forceset/pelvis_rotation_residual, weight: 10.0
[2023-11-14 14:51:46.900] [cout] [info]   contact0. MocoContactTrackingGoal, enabled: true, mode: cost, weight: 0.1
[2023-11-14 14:51:46.900] [cout] [info]         projection type: vector
[2023-11-14 14:51:46.900] [cout] [info]         projection vector: ~[1,0,0]
[2023-11-14 14:51:46.900] [cout] [info]         group 0: ExternalForce: LeftGRF1
[2023-11-14 14:51:46.900] [cout] [info]             forces:
[2023-11-14 14:51:46.900] [cout] [info]                 /forceset/contactForce_s1_l
[2023-11-14 14:51:46.900] [cout] [info]                 /forceset/contactForce_s2_l
[2023-11-14 14:51:46.900] [cout] [info]                 /forceset/contactForce_s3_l
[2023-11-14 14:51:46.900] [cout] [info]                 /forceset/contactForce_s5_l
[2023-11-14 14:51:46.900] [cout] [info]         group 1: ExternalForce: RightGRF1
[2023-11-14 14:51:46.900] [cout] [info]             forces:
[2023-11-14 14:51:46.900] [cout] [info]                 /forceset/contactForce_s1_r
[2023-11-14 14:51:46.900] [cout] [info]                 /forceset/contactForce_s2_r
[2023-11-14 14:51:46.900] [cout] [info]                 /forceset/contactForce_s3_r
[2023-11-14 14:51:46.900] [cout] [info]                 /forceset/contactForce_s5_r
[2023-11-14 14:51:46.900] [cout] [info]   contact1. MocoContactTrackingGoal, enabled: true, mode: cost, weight: 0.1
[2023-11-14 14:51:46.900] [cout] [info]         projection type: vector
[2023-11-14 14:51:46.900] [cout] [info]         projection vector: ~[0,1,0]
[2023-11-14 14:51:46.900] [cout] [info]         group 0: ExternalForce: LeftGRF1
[2023-11-14 14:51:46.900] [cout] [info]             forces:
[2023-11-14 14:51:46.900] [cout] [info]                 /forceset/contactForce_s1_l
[2023-11-14 14:51:46.900] [cout] [info]                 /forceset/contactForce_s2_l
[2023-11-14 14:51:46.900] [cout] [info]                 /forceset/contactForce_s3_l
[2023-11-14 14:51:46.900] [cout] [info]                 /forceset/contactForce_s5_l
[2023-11-14 14:51:46.900] [cout] [info]         group 1: ExternalForce: RightGRF1
[2023-11-14 14:51:46.900] [cout] [info]             forces:
[2023-11-14 14:51:46.900] [cout] [info]                 /forceset/contactForce_s1_r
[2023-11-14 14:51:46.900] [cout] [info]                 /forceset/contactForce_s2_r
[2023-11-14 14:51:46.900] [cout] [info]                 /forceset/contactForce_s3_r
[2023-11-14 14:51:46.900] [cout] [info]                 /forceset/contactForce_s5_r
[2023-11-14 14:51:46.900] [cout] [info]   contact2. MocoContactTrackingGoal, enabled: true, mode: cost, weight: 0.1
[2023-11-14 14:51:46.900] [cout] [info]         projection type: vector
[2023-11-14 14:51:46.900] [cout] [info]         projection vector: ~[0,0,1]
[2023-11-14 14:51:46.900] [cout] [info]         group 0: ExternalForce: LeftGRF1
[2023-11-14 14:51:46.900] [cout] [info]             forces:
[2023-11-14 14:51:46.900] [cout] [info]                 /forceset/contactForce_s1_l
[2023-11-14 14:51:46.900] [cout] [info]                 /forceset/contactForce_s2_l
[2023-11-14 14:51:46.900] [cout] [info]                 /forceset/contactForce_s3_l
[2023-11-14 14:51:46.900] [cout] [info]                 /forceset/contactForce_s5_l
[2023-11-14 14:51:46.900] [cout] [info]         group 1: ExternalForce: RightGRF1
[2023-11-14 14:51:46.900] [cout] [info]             forces:
[2023-11-14 14:51:46.900] [cout] [info]                 /forceset/contactForce_s1_r
[2023-11-14 14:51:46.900] [cout] [info]                 /forceset/contactForce_s2_r
[2023-11-14 14:51:46.900] [cout] [info]                 /forceset/contactForce_s3_r
[2023-11-14 14:51:46.900] [cout] [info]                 /forceset/contactForce_s5_r
[2023-11-14 14:51:46.900] [cout] [info] Endpoint constraints: none
[2023-11-14 14:51:46.900] [cout] [info] Kinematic constraints: none
[2023-11-14 14:51:46.900] [cout] [info] Path constraints: (total: 10)
[2023-11-14 14:51:46.900] [cout] [info]   . MocoConstraintInfo. number of scalar equations: 1. bounds: [0, 1]
[2023-11-14 14:51:46.900] [cout] [info]         output: /markerset/r_fp_heel1|location, type: SimTK::Vec3, index: 1, exponent: 1
[2023-11-14 14:51:46.900] [cout] [info]   . MocoConstraintInfo. number of scalar equations: 1. bounds: [0, 1]
[2023-11-14 14:51:46.900] [cout] [info]         output: /markerset/r_fp_heel2|location, type: SimTK::Vec3, index: 1, exponent: 1
[2023-11-14 14:51:46.900] [cout] [info]   . MocoConstraintInfo. number of scalar equations: 1. bounds: [0, 1]
[2023-11-14 14:51:46.900] [cout] [info]         output: /markerset/r_fp_mt1|location, type: SimTK::Vec3, index: 1, exponent: 1
[2023-11-14 14:51:46.900] [cout] [info]   . MocoConstraintInfo. number of scalar equations: 1. bounds: [0, 1]
[2023-11-14 14:51:46.900] [cout] [info]         output: /markerset/r_fp_mt2|location, type: SimTK::Vec3, index: 1, exponent: 1
[2023-11-14 14:51:46.900] [cout] [info]   . MocoConstraintInfo. number of scalar equations: 1. bounds: [0, 1]
[2023-11-14 14:51:46.900] [cout] [info]         output: /markerset/r_fp_toe|location, type: SimTK::Vec3, index: 1, exponent: 1
[2023-11-14 14:51:46.900] [cout] [info]   . MocoConstraintInfo. number of scalar equations: 1. bounds: [0, 1]
[2023-11-14 14:51:46.900] [cout] [info]         output: /markerset/l_fp_heel1|location, type: SimTK::Vec3, index: 1, exponent: 1
[2023-11-14 14:51:46.900] [cout] [info]   . MocoConstraintInfo. number of scalar equations: 1. bounds: [0, 1]
[2023-11-14 14:51:46.900] [cout] [info]         output: /markerset/l_fp_heel2|location, type: SimTK::Vec3, index: 1, exponent: 1
[2023-11-14 14:51:46.900] [cout] [info]   . MocoConstraintInfo. number of scalar equations: 1. bounds: [0, 1]
[2023-11-14 14:51:46.900] [cout] [info]         output: /markerset/l_fp_mt1|location, type: SimTK::Vec3, index: 1, exponent: 1
[2023-11-14 14:51:46.901] [cout] [info]   . MocoConstraintInfo. number of scalar equations: 1. bounds: [0, 1]
[2023-11-14 14:51:46.901] [cout] [info]         output: /markerset/l_fp_mt2|location, type: SimTK::Vec3, index: 1, exponent: 1
[2023-11-14 14:51:46.901] [cout] [info]   . MocoConstraintInfo. number of scalar equations: 1. bounds: [0, 1]
[2023-11-14 14:51:46.901] [cout] [info]         output: /markerset/l_fp_toe|location, type: SimTK::Vec3, index: 1, exponent: 1
[2023-11-14 14:51:46.901] [cout] [info] States: (total: 109)
[2023-11-14 14:51:46.901] [cout] [info]   /jointset/ground_pelvis/pelvis_tilt/value. bounds: [-1.5708, 1.5708]
[2023-11-14 14:51:46.901] [cout] [info]   /jointset/ground_pelvis/pelvis_list/value. bounds: [-1.5708, 1.5708]
[2023-11-14 14:51:46.901] [cout] [info]   /jointset/radioulnar_r/pro_sup_r/value. bounds: [0, 3.1416]
[2023-11-14 14:51:46.901] [cout] [info]   /jointset/ground_pelvis/pelvis_rotation/value. bounds: [-1.5708, 1.5708]
[2023-11-14 14:51:46.901] [cout] [info]   /jointset/ground_pelvis/pelvis_tx/value. bounds: [-20, 20]
[2023-11-14 14:51:46.901] [cout] [info]   /jointset/elbow_r/elbow_flex_r/value. bounds: [-0.17453, 2.618]
[2023-11-14 14:51:46.901] [cout] [info]   /jointset/ground_pelvis/pelvis_ty/value. bounds: [-2, 4]
[2023-11-14 14:51:46.901] [cout] [info]   /jointset/ground_pelvis/pelvis_tz/value. bounds: [-5, 5]
[2023-11-14 14:51:46.901] [cout] [info]   /jointset/hip_r/hip_adduction_r/speed. bounds: [-50, 50]
[2023-11-14 14:51:46.901] [cout] [info]   /jointset/ankle_r/ankle_angle_r/value. bounds: [-1.0472, 0.69813]
[2023-11-14 14:51:46.901] [cout] [info]   /jointset/hip_r/hip_flexion_r/value. bounds: [-0.69813, 1.7453]
[2023-11-14 14:51:46.901] [cout] [info]   /jointset/hip_r/hip_adduction_r/value. bounds: [-0.5236, 0.5236]
[2023-11-14 14:51:46.901] [cout] [info]   /jointset/back/lumbar_rotation/speed. bounds: [-50, 50]
[2023-11-14 14:51:46.901] [cout] [info]   /jointset/hip_r/hip_rotation_r/value. bounds: [-0.5236, 0.5236]
[2023-11-14 14:51:46.901] [cout] [info]   /jointset/mtp_l/mtp_angle_l/speed. bounds: [-50, 50]
[2023-11-14 14:51:46.901] [cout] [info]   /jointset/knee_r/knee_angle_r/value. bounds: [-2.7925, 0.17453]
[2023-11-14 14:51:46.901] [cout] [info]   /jointset/hip_l/hip_flexion_l/value. bounds: [-0.69813, 1.7453]
[2023-11-14 14:51:46.901] [cout] [info]   /jointset/subtalar_r/subtalar_angle_r/value. bounds: [-0.87266, 0.87266]
[2023-11-14 14:51:46.901] [cout] [info]   /jointset/mtp_r/mtp_angle_r/value. bounds: [-1.0472, 1.0472]
[2023-11-14 14:51:46.901] [cout] [info]   /jointset/hip_l/hip_adduction_l/value. bounds: [-0.5236, 0.5236]
[2023-11-14 14:51:46.901] [cout] [info]   /jointset/hip_l/hip_rotation_l/value. bounds: [-0.5236, 0.5236]
[2023-11-14 14:51:46.901] [cout] [info]   /forceset/glut_min1_r/activation. bounds: [0.01, 1]
[2023-11-14 14:51:46.901] [cout] [info]   /jointset/knee_l/knee_angle_l/value. bounds: [-2.7925, 0.17453]
[2023-11-14 14:51:46.901] [cout] [info]   /jointset/knee_r/knee_angle_r/speed. bounds: [-50, 50]
[2023-11-14 14:51:46.901] [cout] [info]   /jointset/ankle_l/ankle_angle_l/value. bounds: [-1.0472, 0.69813]
[2023-11-14 14:51:46.901] [cout] [info]   /jointset/subtalar_l/subtalar_angle_l/value. bounds: [-0.87266, 0.87266]
[2023-11-14 14:51:46.901] [cout] [info]   /jointset/mtp_l/mtp_angle_l/value. bounds: [-1.0472, 1.0472]
[2023-11-14 14:51:46.901] [cout] [info]   /forceset/bifemsh_r/activation. bounds: [0.01, 1]
[2023-11-14 14:51:46.901] [cout] [info]   /jointset/back/lumbar_extension/value. bounds: [-0.7854, 0.17453]
[2023-11-14 14:51:46.901] [cout] [info]   /jointset/back/lumbar_bending/value. bounds: [-0.34907, 0.34907]
[2023-11-14 14:51:46.901] [cout] [info]   /jointset/back/lumbar_rotation/value. bounds: [-0.5236, 0.5236]
[2023-11-14 14:51:46.901] [cout] [info]   /jointset/acromial_r/arm_flex_r/value. bounds: [-1.5708, 1.5708]
[2023-11-14 14:51:46.901] [cout] [info]   /jointset/acromial_r/arm_add_r/value. bounds: [-2.0944, 1.5708]
[2023-11-14 14:51:46.901] [cout] [info]   /jointset/acromial_r/arm_rot_r/value. bounds: [-1.5708, 1.5708]
[2023-11-14 14:51:46.901] [cout] [info]   /jointset/acromial_l/arm_flex_l/value. bounds: [-1.5708, 1.5708]
[2023-11-14 14:51:46.901] [cout] [info]   /jointset/acromial_l/arm_add_l/value. bounds: [-2.0944, 1.5708]
[2023-11-14 14:51:46.902] [cout] [info]   /jointset/acromial_l/arm_rot_l/value. bounds: [-1.5708, 1.5708]
[2023-11-14 14:51:46.902] [cout] [info]   /jointset/elbow_l/elbow_flex_l/value. bounds: [-0.17453, 2.618]
[2023-11-14 14:51:46.902] [cout] [info]   /jointset/radioulnar_l/pro_sup_l/value. bounds: [0, 3.1416]
[2023-11-14 14:51:46.902] [cout] [info]   /jointset/ground_pelvis/pelvis_tilt/speed. bounds: [-50, 50]
[2023-11-14 14:51:46.902] [cout] [info]   /jointset/ground_pelvis/pelvis_list/speed. bounds: [-50, 50]
[2023-11-14 14:51:46.902] [cout] [info]   /jointset/radioulnar_r/pro_sup_r/speed. bounds: [-50, 50]
[2023-11-14 14:51:46.902] [cout] [info]   /jointset/ground_pelvis/pelvis_rotation/speed. bounds: [-50, 50]
[2023-11-14 14:51:46.902] [cout] [info]   /jointset/ground_pelvis/pelvis_tx/speed. bounds: [-50, 50]
[2023-11-14 14:51:46.902] [cout] [info]   /jointset/elbow_r/elbow_flex_r/speed. bounds: [-50, 50]
[2023-11-14 14:51:46.902] [cout] [info]   /jointset/ground_pelvis/pelvis_ty/speed. bounds: [-50, 50]
[2023-11-14 14:51:46.902] [cout] [info]   /jointset/ground_pelvis/pelvis_tz/speed. bounds: [-50, 50]
[2023-11-14 14:51:46.902] [cout] [info]   /jointset/ankle_r/ankle_angle_r/speed. bounds: [-50, 50]
[2023-11-14 14:51:46.902] [cout] [info]   /jointset/hip_r/hip_flexion_r/speed. bounds: [-50, 50]
[2023-11-14 14:51:46.902] [cout] [info]   /jointset/hip_r/hip_rotation_r/speed. bounds: [-50, 50]
[2023-11-14 14:51:46.902] [cout] [info]   /jointset/hip_l/hip_flexion_l/speed. bounds: [-50, 50]
[2023-11-14 14:51:46.902] [cout] [info]   /jointset/subtalar_r/subtalar_angle_r/speed. bounds: [-50, 50]
[2023-11-14 14:51:46.902] [cout] [info]   /jointset/mtp_r/mtp_angle_r/speed. bounds: [-50, 50]
[2023-11-14 14:51:46.902] [cout] [info]   /jointset/hip_l/hip_adduction_l/speed. bounds: [-50, 50]
[2023-11-14 14:51:46.902] [cout] [info]   /jointset/hip_l/hip_rotation_l/speed. bounds: [-50, 50]
[2023-11-14 14:51:46.902] [cout] [info]   /jointset/knee_l/knee_angle_l/speed. bounds: [-50, 50]
[2023-11-14 14:51:46.902] [cout] [info]   /jointset/ankle_l/ankle_angle_l/speed. bounds: [-50, 50]
[2023-11-14 14:51:46.902] [cout] [info]   /jointset/subtalar_l/subtalar_angle_l/speed. bounds: [-50, 50]
[2023-11-14 14:51:46.902] [cout] [info]   /jointset/back/lumbar_extension/speed. bounds: [-50, 50]
[2023-11-14 14:51:46.902] [cout] [info]   /jointset/back/lumbar_bending/speed. bounds: [-50, 50]
[2023-11-14 14:51:46.902] [cout] [info]   /jointset/acromial_r/arm_flex_r/speed. bounds: [-50, 50]
[2023-11-14 14:51:46.902] [cout] [info]   /jointset/acromial_r/arm_add_r/speed. bounds: [-50, 50]
[2023-11-14 14:51:46.902] [cout] [info]   /jointset/acromial_r/arm_rot_r/speed. bounds: [-50, 50]
[2023-11-14 14:51:46.902] [cout] [info]   /jointset/acromial_l/arm_flex_l/speed. bounds: [-50, 50]
[2023-11-14 14:51:46.902] [cout] [info]   /jointset/acromial_l/arm_add_l/speed. bounds: [-50, 50]
[2023-11-14 14:51:46.902] [cout] [info]   /jointset/acromial_l/arm_rot_l/speed. bounds: [-50, 50]
[2023-11-14 14:51:46.902] [cout] [info]   /jointset/elbow_l/elbow_flex_l/speed. bounds: [-50, 50]
[2023-11-14 14:51:46.902] [cout] [info]   /jointset/radioulnar_l/pro_sup_l/speed. bounds: [-50, 50]
[2023-11-14 14:51:46.902] [cout] [info]   /forceset/glut_med1_r/activation. bounds: [0.01, 1]
[2023-11-14 14:51:46.902] [cout] [info]   /forceset/glut_med2_r/activation. bounds: [0.01, 1]
[2023-11-14 14:51:46.902] [cout] [info]   /forceset/glut_med3_r/activation. bounds: [0.01, 1]
[2023-11-14 14:51:46.902] [cout] [info]   /forceset/glut_min2_r/activation. bounds: [0.01, 1]
[2023-11-14 14:51:46.902] [cout] [info]   /forceset/glut_min3_r/activation. bounds: [0.01, 1]
[2023-11-14 14:51:46.902] [cout] [info]   /forceset/semimem_r/activation. bounds: [0.01, 1]
[2023-11-14 14:51:46.902] [cout] [info]   /forceset/semiten_r/activation. bounds: [0.01, 1]
[2023-11-14 14:51:46.902] [cout] [info]   /forceset/bifemlh_r/activation. bounds: [0.01, 1]
[2023-11-14 14:51:46.902] [cout] [info]   /forceset/sar_r/activation. bounds: [0.01, 1]
[2023-11-14 14:51:46.902] [cout] [info]   /forceset/add_long_r/activation. bounds: [0.01, 1]
[2023-11-14 14:51:46.902] [cout] [info]   /forceset/add_brev_r/activation. bounds: [0.01, 1]
[2023-11-14 14:51:46.902] [cout] [info]   /forceset/add_mag1_r/activation. bounds: [0.01, 1]
[2023-11-14 14:51:46.902] [cout] [info]   /forceset/add_mag2_r/activation. bounds: [0.01, 1]
[2023-11-14 14:51:46.902] [cout] [info]   /forceset/add_mag3_r/activation. bounds: [0.01, 1]
[2023-11-14 14:51:46.902] [cout] [info]   /forceset/tfl_r/activation. bounds: [0.01, 1]
[2023-11-14 14:51:46.902] [cout] [info]   /forceset/pect_r/activation. bounds: [0.01, 1]
[2023-11-14 14:51:46.902] [cout] [info]   /forceset/grac_r/activation. bounds: [0.01, 1]
[2023-11-14 14:51:46.903] [cout] [info]   /forceset/glut_max1_r/activation. bounds: [0.01, 1]
[2023-11-14 14:51:46.903] [cout] [info]   /forceset/glut_max2_r/activation. bounds: [0.01, 1]
[2023-11-14 14:51:46.903] [cout] [info]   /forceset/glut_max3_r/activation. bounds: [0.01, 1]
[2023-11-14 14:51:46.903] [cout] [info]   /forceset/iliacus_r/activation. bounds: [0.01, 1]
[2023-11-14 14:51:46.903] [cout] [info]   /forceset/psoas_r/activation. bounds: [0.01, 1]
[2023-11-14 14:51:46.903] [cout] [info]   /forceset/quad_fem_r/activation. bounds: [0.01, 1]
[2023-11-14 14:51:46.903] [cout] [info]   /forceset/gem_r/activation. bounds: [0.01, 1]
[2023-11-14 14:51:46.903] [cout] [info]   /forceset/peri_r/activation. bounds: [0.01, 1]
[2023-11-14 14:51:46.903] [cout] [info]   /forceset/rect_fem_r/activation. bounds: [0.01, 1]
[2023-11-14 14:51:46.903] [cout] [info]   /forceset/vas_med_r/activation. bounds: [0.01, 1]
[2023-11-14 14:51:46.903] [cout] [info]   /forceset/vas_int_r/activation. bounds: [0.01, 1]
[2023-11-14 14:51:46.903] [cout] [info]   /forceset/vas_lat_r/activation. bounds: [0.01, 1]
[2023-11-14 14:51:46.903] [cout] [info]   /forceset/med_gas_r/activation. bounds: [0.01, 1]
[2023-11-14 14:51:46.903] [cout] [info]   /forceset/lat_gas_r/activation. bounds: [0.01, 1]
[2023-11-14 14:51:46.903] [cout] [info]   /forceset/soleus_r/activation. bounds: [0.01, 1]
[2023-11-14 14:51:46.903] [cout] [info]   /forceset/tib_post_r/activation. bounds: [0.01, 1]
[2023-11-14 14:51:46.903] [cout] [info]   /forceset/flex_dig_r/activation. bounds: [0.01, 1]
[2023-11-14 14:51:46.903] [cout] [info]   /forceset/flex_hal_r/activation. bounds: [0.01, 1]
[2023-11-14 14:51:46.903] [cout] [info]   /forceset/tib_ant_r/activation. bounds: [0.01, 1]
[2023-11-14 14:51:46.903] [cout] [info]   /forceset/per_brev_r/activation. bounds: [0.01, 1]
[2023-11-14 14:51:46.903] [cout] [info]   /forceset/per_long_r/activation. bounds: [0.01, 1]
[2023-11-14 14:51:46.903] [cout] [info]   /forceset/per_tert_r/activation. bounds: [0.01, 1]
[2023-11-14 14:51:46.903] [cout] [info]   /forceset/ext_dig_r/activation. bounds: [0.01, 1]
[2023-11-14 14:51:46.903] [cout] [info]   /forceset/ext_hal_r/activation. bounds: [0.01, 1]
[2023-11-14 14:51:46.903] [cout] [info] Controls: (total: 76)
[2023-11-14 14:51:46.903] [cout] [info]   /forceset/glut_med1_r. bounds: [0.01, 1]
[2023-11-14 14:51:46.903] [cout] [info]   /forceset/glut_med2_r. bounds: [0.01, 1]
[2023-11-14 14:51:46.903] [cout] [info]   /forceset/glut_med3_r. bounds: [0.01, 1]
[2023-11-14 14:51:46.903] [cout] [info]   /forceset/glut_min1_r. bounds: [0.01, 1]
[2023-11-14 14:51:46.903] [cout] [info]   /forceset/glut_min2_r. bounds: [0.01, 1]
[2023-11-14 14:51:46.903] [cout] [info]   /forceset/glut_min3_r. bounds: [0.01, 1]
[2023-11-14 14:51:46.903] [cout] [info]   /forceset/mtp_angle_l_actuator. bounds: [-inf, inf]
[2023-11-14 14:51:46.903] [cout] [info]   /forceset/semimem_r. bounds: [0.01, 1]
[2023-11-14 14:51:46.903] [cout] [info]   /forceset/semiten_r. bounds: [0.01, 1]
[2023-11-14 14:51:46.903] [cout] [info]   /forceset/bifemlh_r. bounds: [0.01, 1]
[2023-11-14 14:51:46.903] [cout] [info]   /forceset/bifemsh_r. bounds: [0.01, 1]
[2023-11-14 14:51:46.903] [cout] [info]   /forceset/sar_r. bounds: [0.01, 1]
[2023-11-14 14:51:46.903] [cout] [info]   /forceset/add_long_r. bounds: [0.01, 1]
[2023-11-14 14:51:46.903] [cout] [info]   /forceset/add_brev_r. bounds: [0.01, 1]
[2023-11-14 14:51:46.903] [cout] [info]   /forceset/add_mag1_r. bounds: [0.01, 1]
[2023-11-14 14:51:46.903] [cout] [info]   /forceset/add_mag2_r. bounds: [0.01, 1]
[2023-11-14 14:51:46.903] [cout] [info]   /forceset/add_mag3_r. bounds: [0.01, 1]
[2023-11-14 14:51:46.903] [cout] [info]   /forceset/tfl_r. bounds: [0.01, 1]
[2023-11-14 14:51:46.903] [cout] [info]   /forceset/pect_r. bounds: [0.01, 1]
[2023-11-14 14:51:46.903] [cout] [info]   /forceset/grac_r. bounds: [0.01, 1]
[2023-11-14 14:51:46.903] [cout] [info]   /forceset/hip_flexion_r_reserve. bounds: [-inf, inf]
[2023-11-14 14:51:46.903] [cout] [info]   /forceset/glut_max1_r. bounds: [0.01, 1]
[2023-11-14 14:51:46.903] [cout] [info]   /forceset/glut_max2_r. bounds: [0.01, 1]
[2023-11-14 14:51:46.903] [cout] [info]   /forceset/glut_max3_r. bounds: [0.01, 1]
[2023-11-14 14:51:46.903] [cout] [info]   /forceset/iliacus_r. bounds: [0.01, 1]
[2023-11-14 14:51:46.904] [cout] [info]   /forceset/psoas_r. bounds: [0.01, 1]
[2023-11-14 14:51:46.904] [cout] [info]   /forceset/quad_fem_r. bounds: [0.01, 1]
[2023-11-14 14:51:46.904] [cout] [info]   /forceset/gem_r. bounds: [0.01, 1]
[2023-11-14 14:51:46.904] [cout] [info]   /forceset/peri_r. bounds: [0.01, 1]
[2023-11-14 14:51:46.904] [cout] [info]   /forceset/rect_fem_r. bounds: [0.01, 1]
[2023-11-14 14:51:46.904] [cout] [info]   /forceset/vas_med_r. bounds: [0.01, 1]
[2023-11-14 14:51:46.904] [cout] [info]   /forceset/vas_int_r. bounds: [0.01, 1]
[2023-11-14 14:51:46.904] [cout] [info]   /forceset/vas_lat_r. bounds: [0.01, 1]
[2023-11-14 14:51:46.904] [cout] [info]   /forceset/med_gas_r. bounds: [0.01, 1]
[2023-11-14 14:51:46.904] [cout] [info]   /forceset/lat_gas_r. bounds: [0.01, 1]
[2023-11-14 14:51:46.904] [cout] [info]   /forceset/soleus_r. bounds: [0.01, 1]
[2023-11-14 14:51:46.904] [cout] [info]   /forceset/tib_post_r. bounds: [0.01, 1]
[2023-11-14 14:51:46.904] [cout] [info]   /forceset/flex_dig_r. bounds: [0.01, 1]
[2023-11-14 14:51:46.904] [cout] [info]   /forceset/flex_hal_r. bounds: [0.01, 1]
[2023-11-14 14:51:46.904] [cout] [info]   /forceset/tib_ant_r. bounds: [0.01, 1]
[2023-11-14 14:51:46.904] [cout] [info]   /forceset/per_brev_r. bounds: [0.01, 1]
[2023-11-14 14:51:46.904] [cout] [info]   /forceset/per_long_r. bounds: [0.01, 1]
[2023-11-14 14:51:46.904] [cout] [info]   /forceset/per_tert_r. bounds: [0.01, 1]
[2023-11-14 14:51:46.904] [cout] [info]   /forceset/ext_dig_r. bounds: [0.01, 1]
[2023-11-14 14:51:46.904] [cout] [info]   /forceset/ext_hal_r. bounds: [0.01, 1]
[2023-11-14 14:51:46.904] [cout] [info]   /forceset/lumbar_extension_actuator. bounds: [-inf, inf]
[2023-11-14 14:51:46.904] [cout] [info]   /forceset/lumbar_bending_actuator. bounds: [-inf, inf]
[2023-11-14 14:51:46.904] [cout] [info]   /forceset/lumbar_rotation_actuator. bounds: [-inf, inf]
[2023-11-14 14:51:46.904] [cout] [info]   /forceset/arm_flex_r_actuator. bounds: [-inf, inf]
[2023-11-14 14:51:46.904] [cout] [info]   /forceset/arm_add_r_actuator. bounds: [-inf, inf]
[2023-11-14 14:51:46.904] [cout] [info]   /forceset/arm_rot_r_actuator. bounds: [-inf, inf]
[2023-11-14 14:51:46.904] [cout] [info]   /forceset/elbow_flex_r_actuator. bounds: [-inf, inf]
[2023-11-14 14:51:46.904] [cout] [info]   /forceset/pro_sup_r_actuator. bounds: [-inf, inf]
[2023-11-14 14:51:46.904] [cout] [info]   /forceset/hip_rotation_l_actuator. bounds: [-inf, inf]
[2023-11-14 14:51:46.904] [cout] [info]   /forceset/arm_flex_l_actuator. bounds: [-inf, inf]
[2023-11-14 14:51:46.904] [cout] [info]   /forceset/arm_add_l_actuator. bounds: [-inf, inf]
[2023-11-14 14:51:46.904] [cout] [info]   /forceset/arm_rot_l_actuator. bounds: [-inf, inf]
[2023-11-14 14:51:46.904] [cout] [info]   /forceset/elbow_flex_l_actuator. bounds: [-inf, inf]
[2023-11-14 14:51:46.904] [cout] [info]   /forceset/pro_sup_l_actuator. bounds: [-inf, inf]
[2023-11-14 14:51:46.904] [cout] [info]   /forceset/hip_flexion_l_actuator. bounds: [-inf, inf]
[2023-11-14 14:51:46.904] [cout] [info]   /forceset/hip_adduction_l_actuator. bounds: [-inf, inf]
[2023-11-14 14:51:46.904] [cout] [info]   /forceset/knee_angle_l_actuator. bounds: [-inf, inf]
[2023-11-14 14:51:46.904] [cout] [info]   /forceset/ankle_angle_l_actuator. bounds: [-inf, inf]
[2023-11-14 14:51:46.904] [cout] [info]   /forceset/subtalar_angle_l_actuator. bounds: [-inf, inf]
[2023-11-14 14:51:46.904] [cout] [info]   /forceset/hip_adduction_r_reserve. bounds: [-inf, inf]
[2023-11-14 14:51:46.904] [cout] [info]   /forceset/hip_rotation_r_reserve. bounds: [-inf, inf]
[2023-11-14 14:51:46.904] [cout] [info]   /forceset/knee_angle_r_reserve. bounds: [-inf, inf]
[2023-11-14 14:51:46.904] [cout] [info]   /forceset/ankle_angle_r_reserve. bounds: [-inf, inf]
[2023-11-14 14:51:46.904] [cout] [info]   /forceset/subtalar_angle_r_reserve. bounds: [-inf, inf]
[2023-11-14 14:51:46.904] [cout] [info]   /forceset/mtp_angle_r_reserve. bounds: [-inf, inf]
[2023-11-14 14:51:46.904] [cout] [info]   /forceset/pelvis_tx_residual. bounds: [-inf, inf]
[2023-11-14 14:51:46.904] [cout] [info]   /forceset/pelvis_ty_residual. bounds: [-inf, inf]
[2023-11-14 14:51:46.904] [cout] [info]   /forceset/pelvis_tz_residual. bounds: [-inf, inf]
[2023-11-14 14:51:46.904] [cout] [info]   /forceset/pelvis_tilt_residual. bounds: [-inf, inf]
[2023-11-14 14:51:46.904] [cout] [info]   /forceset/pelvis_list_residual. bounds: [-inf, inf]
[2023-11-14 14:51:46.905] [cout] [info]   /forceset/pelvis_rotation_residual. bounds: [-inf, inf]
[2023-11-14 14:51:46.905] [cout] [info] Parameters: none
[2023-11-14 14:51:48.875] [info] Number of threads: 8
[2023-11-14 15:09:39.479] [info] Set log level to Info.
[2023-11-14 15:09:39.483] [info] ------------------------------------------------------------------------
[2023-11-14 15:09:39.483] [info] Elapsed real time: 1073 second(s) (17 minute(s), 53 second(s)).
[2023-11-14 15:09:39.483] [info] Tue Nov 14 15:09:39 2023
[2023-11-14 15:09:39.483] [warning] MocoCasADiSolver did NOT succeed:
[2023-11-14 15:09:39.483] [warning]   User_Requested_Stop
[2023-11-14 15:09:39.483] [info] ========================================================================
[2023-11-14 15:10:07.738] [cout] [info] Exiting visualization.
